YEAR,QUARTER,ORIGIN,DEST,avg_fare,passengers_db1b,market_distance,passengers_t100,seats,departures_performed,competition_flights,competition_unique_carriers,competition_avg_delay,competition_cancel_rate,competition_delay15_rate,avg_fuel_price,origin_arr_delay_rate,origin_cancel_rate,origin_weather_delay_share,origin_nas_delay_share,origin_late_aircraft_delay_share,origin_carrier_delay_share,dest_arr_delay_rate,dest_cancel_rate,dest_weather_delay_share,dest_nas_delay_share,dest_late_aircraft_delay_share,dest_carrier_delay_share,load_factor,route_avg_arr_delay_rate,route_avg_cancel_rate,route_weather_delay_share,route_nas_delay_share,route_late_aircraft_delay_share,route_carrier_delay_share,route,is_saturated
2025,1,ABE,ATL,341.4302846975089,416.0,692.982206405694,15678.0,19174.0,253.0,257.0,1.0,6.770750988142293,0.01556420233463035,0.12840466926070038,2.2231333333333336,,,,,,,0.18040542999599665,0.022200385777195474,0.07972794287792138,0.19235893028329643,0.3715323460381475,0.35574939671415823,0.8176697611348701,0.18040542999599665,0.022200385777195474,0.07972794287792138,0.19235893028329643,0.3715323460381475,0.35574939671415823,ABE-ATL,1
2025,1,ABE,SAV,266.79742857142855,36.0,803.6285714285714,158.0,180.0,1.0,0.0,0.0,0.0,0.0,0.0,2.2231333333333336,,,,,,,,,,,,,0.8777777777777778,,,,,,,ABE-SAV,1
2025,1,ABI,AEX,614.5,1.0,443.0,67.0,210.0,1.0,0.0,0.0,0.0,0.0,0.0,2.2231333333333336,,,,,,,,,,,,,0.319047619047619,,,,,,,ABI-AEX,0
2025,1,ABI,DEN,279.97046875,73.0,799.0,63.0,155.0,1.0,0.0,0.0,0.0,0.0,0.0,2.2231333333333336,,,,,,,,,,,,,0.4064516129032258,,,,,,,ABI-DEN,0
2025,1,ABI,DFW,256.7738636363636,58.0,158.0,22535.0,31581.0,429.0,437.0,1.0,4.312941176470588,0.029748283752860413,0.10983981693363844,2.2231333333333336,,,,,,,0.2062396282774643,0.03747759707932293,0.10718704340430481,0.1903530643250198,0.3470410781655484,0.3542601059847202,0.7135619518064659,0.2062396282774643,0.03747759707932293,0.10718704340430481,0.1903530643250198,0.3470410781655484,0.3542601059847202,ABI-DFW,0
2025,1,ABI,HRL,319.125,4.0,619.0,87.0,194.0,1.0,0.0,0.0,0.0,0.0,0.0,2.2231333333333336,,,,,,,,,,,,,0.4484536082474227,,,,,,,ABI-HRL,0
2025,1,ABI,ORD,340.39916666666664,25.0,998.5,0.0,30.0,1.0,0.0,0.0,0.0,0.0,0.0,2.2231333333333336,,,,,,,,,,,,,0.0,,,,,,,ABI-ORD,0
2025,1,ABI,PHX,333.1385135135135,82.0,1048.6756756756756,86.0,208.0,2.0,0.0,0.0,0.0,0.0,0.0,2.2231333333333336,,,,,,,,,,,,,0.41346153846153844,,,,,,,ABI-PHX,0
2025,1,ABI,RNO,429.57142857142856,7.0,1503.0,166.0,186.0,1.0,0.0,0.0,0.0,0.0,0.0,2.2231333333333336,,,,,,,,,,,,,0.8924731182795699,,,,,,,ABI-RNO,1
2025,1,ABQ,ATL,348.91180527383364,797.0,1334.894523326572,31558.0,40698.0,226.0,228.0,1.0,18.68888888888889,0.013157894736842105,0.14912280701754385,2.2231333333333336,,,,,,,0.18040542999599665,0.022200385777195474,0.07972794287792138,0.19235893028329643,0.3715323460381475,0.35574939671415823,0.7754189395056268,0.18040542999599665,0.022200385777195474,0.07972794287792138,0.19235893028329643,0.3715323460381475,0.35574939671415823,ABQ-ATL,0
2025,1,ABQ,AUS,237.57191235059761,1324.0,689.8645418326694,16731.0,25220.0,157.0,157.0,1.0,5.878205128205129,0.006369426751592357,0.1337579617834395,2.2231333333333336,,,,,,,0.18066105522479983,0.012779716690617943,0.0655739832334086,0.16405824184380596,0.40716516563281335,0.3620476351146755,0.6634020618556701,0.18066105522479983,0.012779716690617943,0.0655739832334086,0.16405824184380596,0.40716516563281335,0.3620476351146755,ABQ-AUS,0
2025,1,ABQ,BUR,203.31258152173913,547.0,695.0353260869565,6551.0,11726.0,82.0,82.0,1.0,17.74390243902439,0.0,0.23170731707317074,2.2231333333333336,,,,,,,,,,,,,0.5586730342827904,,,,,,,ABQ-BUR,0
2025,1,ABQ,DAL,221.1411208151383,1454.0,582.8398835516739,39707.0,59051.0,389.0,398.0,1.0,4.043701799485861,0.022613065326633167,0.12311557788944724,2.2231333333333336,,,,,,,,,,,,,0.672418756667965,,,,,,,ABQ-DAL,0
2025,1,ABQ,DFW,267.89973076923076,1007.0,590.7096153846154,63760.0,85494.0,547.0,568.0,3.0,13.087591240875913,0.035211267605633804,0.1619718309859155,2.2231333333333336,,,,,,,0.2062396282774643,0.03747759707932293,0.10718704340430481,0.1903530643250198,0.3470410781655484,0.3542601059847202,0.7457833298243152,0.2062396282774643,0.03747759707932293,0.10718704340430481,0.1903530643250198,0.3470410781655484,0.3542601059847202,ABQ-DFW,0
2025,1,ABQ,HOU,256.79903333333334,1087.0,770.41,23541.0,31032.0,200.0,204.0,1.0,4.618811881188119,0.00980392156862745,0.10294117647058823,2.2231333333333336,,,,,,,,,,,,,0.7586040216550657,,,,,,,ABQ-HOU,0
2025,1,ABQ,IAH,306.9577821011673,685.0,760.9941634241245,21839.0,28415.0,254.0,260.0,4.0,3.5354330708661417,0.023076923076923078,0.12692307692307692,2.2231333333333336,,,,,,,0.16850534248952576,0.02717108362049731,0.06321467851469073,0.21375131175937725,0.3868472966603237,0.33570759355923724,0.7685729368291395,0.16850534248952576,0.02717108362049731,0.06321467851469073,0.21375131175937725,0.3868472966603237,0.33570759355923724,ABQ-IAH,0
2025,1,ABQ,LAX,215.32056312443234,1872.0,703.0990009082652,26269.0,45009.0,501.0,502.0,2.0,2.042,0.00398406374501992,0.10756972111553785,2.2231333333333336,,,,,,,0.1662822530232157,0.008191243991291414,0.06384287985231527,0.17061212978089035,0.33008563663401874,0.43409495483748084,0.5836388277899975,0.1662822530232157,0.008191243991291414,0.06384287985231527,0.17061212978089035,0.33008563663401874,0.43409495483748084,ABQ-LAX,0
2025,1,ABQ,LBB,266.5,9.0,851.0,0.0,0.0,12.0,0.0,0.0,0.0,0.0,0.0,2.2231333333333336,,,,,,,,,,,,,,,,,,,,ABQ-LBB,0
2025,1,ABQ,LGB,175.73740625,491.0,683.43125,4627.0,9209.0,55.0,0.0,0.0,0.0,0.0,0.0,2.2231333333333336,,,,,,,,,,,,,0.5024432620262786,,,,,,,ABQ-LGB,0
2025,1,ABQ,OAK,219.30981937602627,817.0,936.3497536945813,7288.0,12477.0,83.0,83.0,1.0,2.9397590361445785,0.0,0.12048192771084337,2.2231333333333336,,,,,,,,,,,,,0.5841147711789693,,,,,,,ABQ-OAK,0
2025,1,ABQ,ONT,232.3268439716312,309.0,705.6737588652483,0.0,0.0,44.0,0.0,0.0,0.0,0.0,0.0,2.2231333333333336,,,,,,,,,,,,,,,,,,,,ABQ-ONT,0
2025,1,ABQ,PSP,242.78807947019868,167.0,771.4900662251656,0.0,76.0,1.0,0.0,0.0,0.0,0.0,0.0,2.2231333333333336,,,,,,,,,,,,,0.0,,,,,,,ABQ-PSP,0
2025,1,ABQ,SAN,238.38222222222223,1099.0,681.3015873015873,10761.0,19434.0,132.0,133.0,1.0,3.946969696969697,0.007518796992481203,0.13533834586466165,2.2231333333333336,,,,,,,0.20884454631252528,0.010516381286234326,0.06662806664762747,0.26037408113045896,0.37705046300462025,0.2940969356018669,0.5537202840382834,0.20884454631252528,0.010516381286234326,0.06662806664762747,0.26037408113045896,0.37705046300462025,0.2940969356018669,ABQ-SAN,0
2025,1,ABQ,SAT,221.30473214285715,512.0,867.8325892857143,227.0,918.0,6.0,0.0,0.0,0.0,0.0,0.0,2.2231333333333336,,,,,,,,,,,,,0.24727668845315903,,,,,,,ABQ-SAT,0
2025,1,ABQ,SFO,259.48534539473684,788.0,963.6595394736842,9257.0,12330.0,166.0,166.0,2.0,5.152439024390244,0.012048192771084338,0.09036144578313253,2.2231333333333336,,,,,,,0.22080340516094707,0.00951789778605421,0.04750395680104273,0.43247928498277627,0.2687235825342147,0.25053346988176145,0.7507704785077047,0.22080340516094707,0.00951789778605421,0.04750395680104273,0.43247928498277627,0.2687235825342147,0.25053346988176145,ABQ-SFO,0
2025,1,ABY,ATL,214.5552,28.0,145.0,7744.0,17203.0,240.0,250.0,2.0,18.179916317991633,0.044,0.16,2.2231333333333336,,,,,,,0.18040542999599665,0.022200385777195474,0.07972794287792138,0.19235893028329643,0.3715323460381475,0.35574939671415823,0.4501540428994943,0.18040542999599665,0.022200385777195474,0.07972794287792138,0.19235893028329643,0.3715323460381475,0.35574939671415823,ABY-ATL,0
2025,1,ABY,CVG,414.89285714285717,14.0,518.0,0.0,0.0,1.0,0.0,0.0,0.0,0.0,0.0,2.2231333333333336,,,,,,,,,,,,,,,,,,,,ABY-CVG,0
2025,1,ABY,DTW,323.2083333333333,13.0,739.0,0.0,76.0,1.0,0.0,0.0,0.0,0.0,0.0,2.2231333333333336,,,,,,,,,,,,,0.0,,,,,,,ABY-DTW,0
2025,1,ABY,MSY,307.1,10.0,570.0,0.0,0.0,12.0,0.0,0.0,0.0,0.0,0.0,2.2231333333333336,,,,,,,,,,,,,,,,,,,,ABY-MSY,0
2025,1,ABY,SDF,287.72222222222223,10.0,466.0,0.0,0.0,58.0,0.0,0.0,0.0,0.0,0.0,2.2231333333333336,,,,,,,,,,,,,,,,,,,,ABY-SDF,0
2025,1,ACT,BWI,610.8333333333334,3.0,1306.0,123.0,155.0,1.0,0.0,0.0,0.0,0.0,0.0,2.2231333333333336,,,,,,,,,,,,,0.7935483870967742,,,,,,,ACT-BWI,0
2025,1,ACT,COS,325.9563636363636,12.0,681.0,0.0,50.0,1.0,0.0,0.0,0.0,0.0,0.0,2.2231333333333336,,,,,,,,,,,,,0.0,,,,,,,ACT-COS,0
2025,1,ACT,CVG,349.578,10.0,972.3,73.0,336.0,2.0,0.0,0.0,0.0,0.0,0.0,2.2231333333333336,,,,,,,,,,,,,0.21726190476190477,,,,,,,ACT-CVG,0
2025,1,ACT,DEN,286.6618181818182,53.0,758.8863636363636,0.0,50.0,1.0,0.0,0.0,0.0,0.0,0.0,2.2231333333333336,,,,,,,,,,,,,0.0,,,,,,,ACT-DEN,0
2025,1,ACT,DFW,133.67222222222222,11.0,89.0,11714.0,17474.0,263.0,270.0,1.0,16.275590551181104,0.05925925925925926,0.1962962962962963,2.2231333333333336,,,,,,,0.2062396282774643,0.03747759707932293,0.10718704340430481,0.1903530643250198,0.3470410781655484,0.3542601059847202,0.670367402998741,0.2062396282774643,0.03747759707932293,0.10718704340430481,0.1903530643250198,0.3470410781655484,0.3542601059847202,ACT-DFW,0
2025,1,ACT,EWR,286.61777777777775,9.0,1471.3333333333333,44.0,218.0,3.0,0.0,0.0,0.0,0.0,0.0,2.2231333333333336,,,,,,,,,,,,,0.2018348623853211,,,,,,,ACT-EWR,0
2025,1,ACT,GPT,252.66666666666666,3.0,589.0,0.0,65.0,1.0,0.0,0.0,0.0,0.0,0.0,2.2231333333333336,,,,,,,,,,,,,0.0,,,,,,,ACT-GPT,0
2025,1,ACT,HOU,344.0,1.0,336.0,0.0,65.0,1.0,0.0,0.0,0.0,0.0,0.0,2.2231333333333336,,,,,,,,,,,,,0.0,,,,,,,ACT-HOU,0
2025,1,ACT,LCH,5.5,1.0,384.0,0.0,65.0,1.0,0.0,0.0,0.0,0.0,0.0,2.2231333333333336,,,,,,,,,,,,,0.0,,,,,,,ACT-LCH,0
2025,1,ACT,MHK,263.25,4.0,520.0,90.0,143.0,2.0,0.0,0.0,0.0,0.0,0.0,2.2231333333333336,,,,,,,,,,,,,0.6293706293706294,,,,,,,ACT-MHK,0
2025,1,ACT,RDU,314.10117647058826,18.0,1150.2941176470588,118.0,180.0,1.0,0.0,0.0,0.0,0.0,0.0,2.2231333333333336,,,,,,,,,,,,,0.6555555555555556,,,,,,,ACT-RDU,0
2025,1,ACT,SAT,165.75,2.0,336.0,0.0,65.0,1.0,0.0,0.0,0.0,0.0,0.0,2.2231333333333336,,,,,,,,,,,,,0.0,,,,,,,ACT-SAT,0
2025,1,ACT,SLC,265.92315789473685,19.0,1078.0,50.0,186.0,1.0,0.0,0.0,0.0,0.0,0.0,2.2231333333333336,,,,,,,,,,,,,0.26881720430107525,,,,,,,ACT-SLC,0
2025,1,ACT,SWO,159.5,1.0,314.0,49.0,225.0,2.0,0.0,0.0,0.0,0.0,0.0,2.2231333333333336,,,,,,,,,,,,,0.21777777777777776,,,,,,,ACT-SWO,0
2025,1,ACV,BUR,108.26183673469389,453.0,565.0571428571428,4585.0,5851.0,39.0,0.0,0.0,0.0,0.0,0.0,2.2231333333333336,,,,,,,,,,,,,0.7836267304734233,,,,,,,ACV-BUR,0
2025,1,ACV,COS,207.14,2.0,1401.0,0.0,70.0,1.0,0.0,0.0,0.0,0.0,0.0,2.2231333333333336,,,,,,,,,,,,,0.0,,,,,,,ACV-COS,0
2025,1,ACV,DEN,210.59,108.0,1099.8415841584158,4556.0,5080.0,70.0,0.0,0.0,0.0,0.0,0.0,2.2231333333333336,,,,,,,,,,,,,0.8968503937007875,,,,,,,ACV-DEN,1
2025,1,ACV,FAT,294.84117647058827,19.0,410.94117647058823,0.0,152.0,2.0,0.0,0.0,0.0,0.0,0.0,2.2231333333333336,,,,,,,,,,,,,0.0,,,,,,,ACV-FAT,0
2025,1,ACV,LAX,221.94169014084508,283.0,583.7887323943662,4238.0,6462.0,90.0,90.0,1.0,23.22222222222222,0.0,0.14444444444444443,2.2231333333333336,,,,,,,0.1662822530232157,0.008191243991291414,0.06384287985231527,0.17061212978089035,0.33008563663401874,0.43409495483748084,0.6558341070875889,0.1662822530232157,0.008191243991291414,0.06384287985231527,0.17061212978089035,0.33008563663401874,0.43409495483748084,ACV-LAX,0
2025,1,ACV,PSC,168.125,4.0,870.0,0.0,70.0,1.0,0.0,0.0,0.0,0.0,0.0,2.2231333333333336,,,,,,,,,,,,,0.0,,,,,,,ACV-PSC,0
2025,1,ACV,SEA,252.39347826086959,52.0,929.0,0.0,70.0,1.0,0.0,0.0,0.0,0.0,0.0,2.2231333333333336,,,,,,,,,,,,,0.0,,,,,,,ACV-SEA,0
2025,1,ACV,SFO,197.63484304932734,311.0,250.0,14341.0,18224.0,255.0,257.0,1.0,4.309803921568627,0.007782101167315175,0.14396887159533073,2.2231333333333336,,,,,,,0.22080340516094707,0.00951789778605421,0.04750395680104273,0.43247928498277627,0.2687235825342147,0.25053346988176145,0.7869293239683933,0.22080340516094707,0.00951789778605421,0.04750395680104273,0.43247928498277627,0.2687235825342147,0.25053346988176145,ACV-SFO,0
2025,1,ACV,SMF,296.4230769230769,13.0,336.0,0.0,0.0,66.0,0.0,0.0,0.0,0.0,0.0,2.2231333333333336,,,,,,,,,,,,,,,,,,,,ACV-SMF,0
2025,1,AEX,ATL,308.8419298245614,144.0,519.2982456140351,10106.0,17251.0,246.0,253.0,1.0,14.285714285714286,0.03162055335968379,0.17391304347826086,2.2231333333333336,,,,,,,0.18040542999599665,0.022200385777195474,0.07972794287792138,0.19235893028329643,0.3715323460381475,0.35574939671415823,0.5858211118196046,0.18040542999599665,0.022200385777195474,0.07972794287792138,0.19235893028329643,0.3715323460381475,0.35574939671415823,AEX-ATL,0
2025,1,AEX,AUS,386.8333333333333,6.0,475.0,0.0,150.0,1.0,0.0,0.0,0.0,0.0,0.0,2.2231333333333336,,,,,,,0.18066105522479983,0.012779716690617943,0.0655739832334086,0.16405824184380596,0.40716516563281335,0.3620476351146755,0.0,0.18066105522479983,0.012779716690617943,0.0655739832334086,0.16405824184380596,0.40716516563281335,0.3620476351146755,AEX-AUS,0
2025,1,AEX,CSG,239.26,6.0,583.0,266.0,1416.0,8.0,0.0,0.0,0.0,0.0,0.0,2.2231333333333336,,,,,,,,,,,,,0.18785310734463276,,,,,,,AEX-CSG,0
2025,1,AEX,DFW,273.3974324324324,101.0,285.1756756756757,9670.0,16640.0,256.0,270.0,1.0,16.114173228346456,0.05925925925925926,0.21481481481481482,2.2231333333333336,,,,,,,0.2062396282774643,0.03747759707932293,0.10718704340430481,0.1903530643250198,0.3470410781655484,0.3542601059847202,0.5811298076923077,0.2062396282774643,0.03747759707932293,0.10718704340430481,0.1903530643250198,0.3470410781655484,0.3542601059847202,AEX-DFW,0
2025,1,AEX,ELP,417.2434482758621,37.0,836.0,855.0,1287.0,7.0,0.0,0.0,0.0,0.0,0.0,2.2231333333333336,,,,,,,,,,,,,0.6643356643356644,,,,,,,AEX-ELP,0
2025,1,AEX,HRL,358.0,4.0,746.0,5249.0,11818.0,69.0,0.0,0.0,0.0,0.0,0.0,2.2231333333333336,,,,,,,,,,,,,0.4441529869690303,,,,,,,AEX-HRL,0
2025,1,AEX,LRD,436.0,1.0,681.0,94.0,180.0,1.0,0.0,0.0,0.0,0.0,0.0,2.2231333333333336,,,,,,,,,,,,,0.5222222222222223,,,,,,,AEX-LRD,0
2025,1,AEX,MAF,352.27272727272725,23.0,594.0,0.0,65.0,1.0,0.0,0.0,0.0,0.0,0.0,2.2231333333333336,,,,,,,,,,,,,0.0,,,,,,,AEX-MAF,0
2025,1,AEX,SAN,416.40875,17.0,1631.5,53.0,570.0,3.0,0.0,0.0,0.0,0.0,0.0,2.2231333333333336,,,,,,,0.20884454631252528,0.010516381286234326,0.06662806664762747,0.26037408113045896,0.37705046300462025,0.2940969356018669,0.09298245614035087,0.20884454631252528,0.010516381286234326,0.06662806664762747,0.26037408113045896,0.37705046300462025,0.2940969356018669,AEX-SAN,0
2025,1,AEX,SAT,291.44444444444446,24.0,532.0,37.0,310.0,2.0,0.0,0.0,0.0,0.0,0.0,2.2231333333333336,,,,,,,,,,,,,0.11935483870967742,,,,,,,AEX-SAT,0
2025,1,AGS,ATL,223.0351923076923,56.0,143.0,39614.0,48846.0,599.0,616.0,3.0,13.018363939899833,0.027597402597402596,0.2012987012987013,2.2231333333333336,,,,,,,0.18040542999599665,0.022200385777195474,0.07972794287792138,0.19235893028329643,0.3715323460381475,0.35574939671415823,0.8109978299144249,0.18040542999599665,0.022200385777195474,0.07972794287792138,0.19235893028329643,0.3715323460381475,0.35574939671415823,AGS-ATL,1
2025,1,AGS,CLT,253.06083333333333,13.0,140.0,20362.0,25626.0,433.0,451.0,2.0,14.039170506912443,0.03991130820399113,0.188470066518847,2.2231333333333336,,,,,,,,,,,,,0.7945836260048388,,,,,,,AGS-CLT,0
2025,1,AGS,DCA,292.60709497206705,221.0,543.8826815642458,2406.0,4280.0,65.0,72.0,1.0,40.04615384615385,0.09722222222222222,0.16666666666666666,2.2231333333333336,,,,,,,,,,,,,0.5621495327102803,,,,,,,AGS-DCA,0
2025,1,AGS,DFW,310.5728571428572,490.0,921.9809523809524,8512.0,10314.0,136.0,72.0,2.0,7.985294117647059,0.05555555555555555,0.20833333333333334,2.2231333333333336,,,,,,,0.2062396282774643,0.03747759707932293,0.10718704340430481,0.1903530643250198,0.3470410781655484,0.3542601059847202,0.8252860190032965,0.2062396282774643,0.03747759707932293,0.10718704340430481,0.1903530643250198,0.3470410781655484,0.3542601059847202,AGS-DFW,1
2025,1,AGS,GPT,279.3181818181818,11.0,575.7272727272727,548.0,744.0,4.0,0.0,0.0,0.0,0.0,0.0,2.2231333333333336,,,,,,,,,,,,,0.7365591397849462,,,,,,,AGS-GPT,0
2025,1,AGS,GRK,397.64,26.0,1039.076923076923,76.0,312.0,2.0,0.0,0.0,0.0,0.0,0.0,2.2231333333333336,,,,,,,,,,,,,0.24358974358974358,,,,,,,AGS-GRK,0
2025,1,AGS,MYR,447.25,2.0,297.0,0.0,372.0,2.0,0.0,0.0,0.0,0.0,0.0,2.2231333333333336,,,,,,,,,,,,,0.0,,,,,,,AGS-MYR,0
2025,1,ALB,ATL,317.3800392927308,808.0,889.1296660117878,30674.0,40740.0,248.0,252.0,1.0,19.366935483870968,0.015873015873015872,0.20238095238095238,2.2231333333333336,,,,,,,0.18040542999599665,0.022200385777195474,0.07972794287792138,0.19235893028329643,0.3715323460381475,0.35574939671415823,0.7529209621993127,0.18040542999599665,0.022200385777195474,0.07972794287792138,0.19235893028329643,0.3715323460381475,0.35574939671415823,ALB-ATL,0
2025,1,ALB,DFW,314.69823232323233,446.0,1509.1313131313132,4854.0,7134.0,48.0,52.0,1.0,4.94,0.038461538461538464,0.07692307692307693,2.2231333333333336,,,,,,,0.2062396282774643,0.03747759707932293,0.10718704340430481,0.1903530643250198,0.3470410781655484,0.3542601059847202,0.68040370058873,0.2062396282774643,0.03747759707932293,0.10718704340430481,0.1903530643250198,0.3470410781655484,0.3542601059847202,ALB-DFW,0
2025,1,AMA,AUS,183.44880758807588,479.0,475.68021680216805,3653.0,6488.0,40.0,41.0,1.0,7.2,0.024390243902439025,0.17073170731707318,2.2231333333333336,,,,,,,0.18066105522479983,0.012779716690617943,0.0655739832334086,0.16405824184380596,0.40716516563281335,0.3620476351146755,0.563039457459926,0.18066105522479983,0.012779716690617943,0.0655739832334086,0.16405824184380596,0.40716516563281335,0.3620476351146755,AMA-AUS,0
2025,1,AMA,DAL,154.22509132420092,860.0,323.351598173516,27396.0,45822.0,290.0,295.0,1.0,2.268965517241379,0.01694915254237288,0.10847457627118644,2.2231333333333336,,,,,,,,,,,,,0.5978787481995548,,,,,,,AMA-DAL,0
2025,1,AMA,DEN,185.48426229508198,165.0,359.0,6855.0,9011.0,176.0,180.0,1.0,21.52,0.027777777777777776,0.24444444444444444,2.2231333333333336,,,,,,,,,,,,,0.7607368771501498,,,,,,,AMA-DEN,0
2025,1,AMA,DFW,217.37917159763316,539.0,319.90236686390534,29646.0,38439.0,513.0,530.0,2.0,5.264299802761341,0.04339622641509434,0.10943396226415095,2.2231333333333336,,,,,,,0.2062396282774643,0.03747759707932293,0.10718704340430481,0.1903530643250198,0.3470410781655484,0.3542601059847202,0.7712479512994614,0.2062396282774643,0.03747759707932293,0.10718704340430481,0.1903530643250198,0.3470410781655484,0.3542601059847202,AMA-DFW,0
2025,1,AMA,HOU,228.2399470899471,299.0,557.7407407407408,167.0,429.0,3.0,3.0,1.0,29.0,0.0,0.3333333333333333,2.2231333333333336,,,,,,,,,,,,,0.38927738927738925,,,,,,,AMA-HOU,0
2025,1,AMA,HSV,284.3176923076923,13.0,1005.9230769230769,0.0,50.0,1.0,0.0,0.0,0.0,0.0,0.0,2.2231333333333336,,,,,,,,,,,,,0.0,,,,,,,AMA-HSV,0
2025,1,AMA,IAH,262.7623465703971,362.0,522.3212996389892,8059.0,11392.0,223.0,232.0,2.0,12.076923076923077,0.05172413793103448,0.15086206896551724,2.2231333333333336,,,,,,,0.16850534248952576,0.02717108362049731,0.06321467851469073,0.21375131175937725,0.3868472966603237,0.33570759355923724,0.7074262640449438,0.16850534248952576,0.02717108362049731,0.06321467851469073,0.21375131175937725,0.3868472966603237,0.33570759355923724,AMA-IAH,0
2025,1,AMA,LAS,241.08012307692306,538.0,899.6,7664.0,14280.0,88.0,90.0,1.0,6.795454545454546,0.022222222222222223,0.18888888888888888,2.2231333333333336,,,,,,,,,,,,,0.5366946778711484,,,,,,,AMA-LAS,0
2025,1,AMA,OKC,320.54875,9.0,496.625,0.0,70.0,1.0,0.0,0.0,0.0,0.0,0.0,2.2231333333333336,,,,,,,,,,,,,0.0,,,,,,,AMA-OKC,0
2025,1,AMA,PHX,249.33575418994414,200.0,1149.0391061452515,134.0,205.0,2.0,0.0,0.0,0.0,0.0,0.0,2.2231333333333336,,,,,,,,,,,,,0.6536585365853659,,,,,,,AMA-PHX,0
2025,1,AMA,SHR,443.0,1.0,718.0,0.0,50.0,1.0,0.0,0.0,0.0,0.0,0.0,2.2231333333333336,,,,,,,,,,,,,0.0,,,,,,,AMA-SHR,0
2025,1,ANC,ATL,546.5393939393939,329.0,3618.6742424242425,0.0,0.0,11.0,0.0,0.0,0.0,0.0,0.0,2.2231333333333336,,,,,,,0.18040542999599665,0.022200385777195474,0.07972794287792138,0.19235893028329643,0.3715323460381475,0.35574939671415823,,0.18040542999599665,0.022200385777195474,0.07972794287792138,0.19235893028329643,0.3715323460381475,0.35574939671415823,ANC-ATL,0
2025,1,ANC,DFW,462.4363132530121,522.0,3132.373493975904,5628.0,6100.0,151.0,32.0,1.0,33.34375,0.0,0.375,2.2231333333333336,,,,,,,0.2062396282774643,0.03747759707932293,0.10718704340430481,0.1903530643250198,0.3470410781655484,0.3542601059847202,0.9226229508196722,0.2062396282774643,0.03747759707932293,0.10718704340430481,0.1903530643250198,0.3470410781655484,0.3542601059847202,ANC-DFW,1
2025,1,ANC,LAX,344.04963562753034,1025.0,2402.0715249662617,12169.0,14081.0,253.0,78.0,1.0,0.8846153846153846,0.0,0.1282051282051282,2.2231333333333336,,,,,,,0.1662822530232157,0.008191243991291414,0.06384287985231527,0.17061212978089035,0.33008563663401874,0.43409495483748084,0.864214189333144,0.1662822530232157,0.008191243991291414,0.06384287985231527,0.17061212978089035,0.33008563663401874,0.43409495483748084,ANC-LAX,1
2025,1,ANC,OAK,357.9127419354839,67.0,2121.3709677419356,0.0,0.0,88.0,0.0,0.0,0.0,0.0,0.0,2.2231333333333336,,,,,,,,,,,,,,,,,,,,ANC-OAK,0
2025,1,ANC,ONT,397.70045045045043,124.0,2414.5135135135133,0.0,0.0,133.0,0.0,0.0,0.0,0.0,0.0,2.2231333333333336,,,,,,,,,,,,,,,,,,,,ANC-ONT,0
2025,1,ANC,SFO,408.56197478991595,280.0,2221.8655462184875,328.0,350.0,1.0,0.0,0.0,0.0,0.0,0.0,2.2231333333333336,,,,,,,0.22080340516094707,0.00951789778605421,0.04750395680104273,0.43247928498277627,0.2687235825342147,0.25053346988176145,0.9371428571428572,0.22080340516094707,0.00951789778605421,0.04750395680104273,0.43247928498277627,0.2687235825342147,0.25053346988176145,ANC-SFO,1
2025,1,ASE,AMA,250.0,3.0,484.0,0.0,70.0,1.0,0.0,0.0,0.0,0.0,0.0,2.2231333333333336,,,,,,,,,,,,,0.0,,,,,,,ASE-AMA,0
2025,1,ASE,ATL,522.5703448275862,309.0,1333.6206896551723,7339.0,10818.0,166.0,180.0,1.0,84.85454545454546,0.08333333333333333,0.4888888888888889,2.2231333333333336,,,,,,,0.18040542999599665,0.022200385777195474,0.07972794287792138,0.19235893028329643,0.3715323460381475,0.35574939671415823,0.6784063597707525,0.18040542999599665,0.022200385777195474,0.07972794287792138,0.19235893028329643,0.3715323460381475,0.35574939671415823,ASE-ATL,0
2025,1,ASE,AUS,459.1973090909091,398.0,840.9563636363637,3329.0,5395.0,83.0,90.0,1.0,38.13253012048193,0.07777777777777778,0.5,2.2231333333333336,,,,,,,0.18066105522479983,0.012779716690617943,0.0655739832334086,0.16405824184380596,0.40716516563281335,0.3620476351146755,0.617052826691381,0.18066105522479983,0.012779716690617943,0.0655739832334086,0.16405824184380596,0.40716516563281335,0.3620476351146755,ASE-AUS,0
2025,1,ASE,DFW,550.1146808510639,655.0,716.0942249240121,22058.0,26325.0,405.0,454.0,1.0,32.65110565110565,0.10352422907488987,0.3700440528634361,2.2231333333333336,,,,,,,0.2062396282774643,0.03747759707932293,0.10718704340430481,0.1903530643250198,0.3470410781655484,0.3542601059847202,0.8379107312440646,0.2062396282774643,0.03747759707932293,0.10718704340430481,0.1903530643250198,0.3470410781655484,0.3542601059847202,ASE-DFW,1
2025,1,ASE,IAH,449.2188888888889,651.0,931.6037735849056,12220.0,16660.0,238.0,264.0,1.0,31.1625,0.09090909090909091,0.32196969696969696,2.2231333333333336,,,,,,,0.16850534248952576,0.02717108362049731,0.06321467851469073,0.21375131175937725,0.3868472966603237,0.33570759355923724,0.7334933973589436,0.16850534248952576,0.02717108362049731,0.06321467851469073,0.21375131175937725,0.3868472966603237,0.33570759355923724,ASE-IAH,0
2025,1,ASE,LAX,386.44184158415845,1561.0,746.7683168316831,19377.0,27576.0,405.0,438.0,1.0,38.41379310344828,0.0730593607305936,0.3515981735159817,2.2231333333333336,,,,,,,0.1662822530232157,0.008191243991291414,0.06384287985231527,0.17061212978089035,0.33008563663401874,0.43409495483748084,0.7026762402088773,0.1662822530232157,0.008191243991291414,0.06384287985231527,0.17061212978089035,0.33008563663401874,0.43409495483748084,ASE-LAX,0
2025,1,ASE,PSP,339.4956862745098,54.0,918.9803921568628,0.0,70.0,1.0,0.0,0.0,0.0,0.0,0.0,2.2231333333333336,,,,,,,,,,,,,0.0,,,,,,,ASE-PSP,0
2025,1,ASE,SFO,403.37510869565216,733.0,860.0891304347826,8888.0,13510.0,193.0,214.0,1.0,20.621761658031087,0.09813084112149532,0.308411214953271,2.2231333333333336,,,,,,,0.22080340516094707,0.00951789778605421,0.04750395680104273,0.43247928498277627,0.2687235825342147,0.25053346988176145,0.6578830495928941,0.22080340516094707,0.00951789778605421,0.04750395680104273,0.43247928498277627,0.2687235825342147,0.25053346988176145,ASE-SFO,0
2025,1,ASE,SPS,548.0,1.0,814.0,0.0,65.0,1.0,0.0,0.0,0.0,0.0,0.0,2.2231333333333336,,,,,,,,,,,,,0.0,,,,,,,ASE-SPS,0
2025,1,ATL,ABE,322.12732704402515,445.0,695.3301886792453,15960.0,19253.0,254.0,257.0,1.0,5.980237154150197,0.01556420233463035,0.14007782101167315,2.2231333333333336,0.18040542999599665,0.022200385777195474,0.07972794287792138,0.19235893028329643,0.3715323460381475,0.35574939671415823,,,,,,,0.8289617202513894,0.18040542999599665,0.022200385777195474,0.07972794287792138,0.19235893028329643,0.3715323460381475,0.35574939671415823,ATL-ABE,1
2025,1,ATL,ABQ,339.1089249492901,783.0,1344.8539553752535,31838.0,40173.0,223.0,228.0,1.0,7.275555555555556,0.013157894736842105,0.17543859649122806,2.2231333333333336,0.18040542999599665,0.022200385777195474,0.07972794287792138,0.19235893028329643,0.3715323460381475,0.35574939671415823,,,,,,,0.7925223408757125,0.18040542999599665,0.022200385777195474,0.07972794287792138,0.19235893028329643,0.3715323460381475,0.35574939671415823,ATL-ABQ,0
2025,1,ATL,ABY,209.8289655172414,32.0,145.0,7424.0,17192.0,240.0,250.0,2.0,18.113445378151262,0.048,0.2,2.2231333333333336,0.18040542999599665,0.022200385777195474,0.07972794287792138,0.19235893028329643,0.3715323460381475,0.35574939671415823,,,,,,,0.43182875756165656,0.18040542999599665,0.022200385777195474,0.07972794287792138,0.19235893028329643,0.3715323460381475,0.35574939671415823,ATL-ABY,0
2025,1,ATL,ACY,133.63636363636363,11.0,958.7272727272727,158.0,229.0,1.0,0.0,0.0,0.0,0.0,0.0,2.2231333333333336,0.18040542999599665,0.022200385777195474,0.07972794287792138,0.19235893028329643,0.3715323460381475,0.35574939671415823,,,,,,,0.6899563318777293,0.18040542999599665,0.022200385777195474,0.07972794287792138,0.19235893028329643,0.3715323460381475,0.35574939671415823,ATL-ACY,0
2025,1,ATL,AEX,302.0518260869565,152.0,518.6608695652174,10254.0,17103.0,244.0,253.0,1.0,3.6260162601626016,0.02766798418972332,0.13043478260869565,2.2231333333333336,0.18040542999599665,0.022200385777195474,0.07972794287792138,0.19235893028329643,0.3715323460381475,0.35574939671415823,,,,,,,0.5995439396597089,0.18040542999599665,0.022200385777195474,0.07972794287792138,0.19235893028329643,0.3715323460381475,0.35574939671415823,ATL-AEX,0
2025,1,ATL,AGS,196.7489285714286,63.0,143.0,38429.0,48917.0,600.0,617.0,3.0,14.911813643926788,0.027552674230145867,0.17179902755267423,2.2231333333333336,0.18040542999599665,0.022200385777195474,0.07972794287792138,0.19235893028329643,0.3715323460381475,0.35574939671415823,,,,,,,0.7855960095672261,0.18040542999599665,0.022200385777195474,0.07972794287792138,0.19235893028329643,0.3715323460381475,0.35574939671415823,ATL-AGS,0
2025,1,ATL,ALB,317.40629981024665,815.0,886.6888045540798,32097.0,40906.0,249.0,252.0,1.0,13.602409638554217,0.011904761904761904,0.21428571428571427,2.2231333333333336,0.18040542999599665,0.022200385777195474,0.07972794287792138,0.19235893028329643,0.3715323460381475,0.35574939671415823,,,,,,,0.7846526181978194,0.18040542999599665,0.022200385777195474,0.07972794287792138,0.19235893028329643,0.3715323460381475,0.35574939671415823,ATL-ALB,0
2025,1,ATL,ANC,536.6693258426966,328.0,3651.554307116105,0.0,0.0,12.0,0.0,0.0,0.0,0.0,0.0,2.2231333333333336,0.18040542999599665,0.022200385777195474,0.07972794287792138,0.19235893028329643,0.3715323460381475,0.35574939671415823,,,,,,,,0.18040542999599665,0.022200385777195474,0.07972794287792138,0.19235893028329643,0.3715323460381475,0.35574939671415823,ATL-ANC,0
2025,1,ATL,ASE,483.4829100529101,292.0,1331.2116402116403,7279.0,10103.0,155.0,180.0,1.0,39.61931818181818,0.022222222222222223,0.35,2.2231333333333336,0.18040542999599665,0.022200385777195474,0.07972794287792138,0.19235893028329643,0.3715323460381475,0.35574939671415823,,,,,,,0.720479065624072,0.18040542999599665,0.022200385777195474,0.07972794287792138,0.19235893028329643,0.3715323460381475,0.35574939671415823,ATL-ASE,0
2025,1,ATL,ATW,364.60831050228313,233.0,868.62100456621,6629.0,7639.0,89.0,92.0,2.0,23.56179775280899,0.03260869565217391,0.31521739130434784,2.2231333333333336,0.18040542999599665,0.022200385777195474,0.07972794287792138,0.19235893028329643,0.3715323460381475,0.35574939671415823,,,,,,,0.8677837413273989,0.18040542999599665,0.022200385777195474,0.07972794287792138,0.19235893028329643,0.3715323460381475,0.35574939671415823,ATL-ATW,1
2025,1,ATL,AUS,270.3102229157378,10334.0,835.3713776192599,280398.0,363312.0,1990.0,1006.0,4.0,11.896969696969697,0.015904572564612324,0.20178926441351888,2.2231333333333336,0.18040542999599665,0.022200385777195474,0.07972794287792138,0.19235893028329643,0.3715323460381475,0.35574939671415823,0.18066105522479983,0.012779716690617943,0.0655739832334086,0.16405824184380596,0.40716516563281335,0.3620476351146755,0.7717829303738936,0.18053324261039824,0.01749005123390671,0.07265096305566499,0.1782085860635512,0.38934875583548045,0.3588985159144169,ATL-AUS,0
2025,1,ATL,AVL,247.60349056603775,123.0,165.4433962264151,40070.0,47553.0,507.0,518.0,3.0,10.161417322834646,0.021235521235521235,0.19111969111969113,2.2231333333333336,0.18040542999599665,0.022200385777195474,0.07972794287792138,0.19235893028329643,0.3715323460381475,0.35574939671415823,,,,,,,0.8426387399322861,0.18040542999599665,0.022200385777195474,0.07972794287792138,0.19235893028329643,0.3715323460381475,0.35574939671415823,ATL-AVL,1
2025,1,ATL,BDL,269.3894369973191,2471.0,885.5361930294906,71739.0,91315.0,503.0,507.0,2.0,8.792,0.013806706114398421,0.15976331360946747,2.2231333333333336,0.18040542999599665,0.022200385777195474,0.07972794287792138,0.19235893028329643,0.3715323460381475,0.35574939671415823,,,,,,,0.7856212013360346,0.18040542999599665,0.022200385777195474,0.07972794287792138,0.19235893028329643,0.3715323460381475,0.35574939671415823,ATL-BDL,0
2025,1,ATL,BGR,341.63604166666664,96.0,1159.1666666666667,0.0,186.0,1.0,0.0,0.0,0.0,0.0,0.0,2.2231333333333336,0.18040542999599665,0.022200385777195474,0.07972794287792138,0.19235893028329643,0.3715323460381475,0.35574939671415823,,,,,,,0.0,0.18040542999599665,0.022200385777195474,0.07972794287792138,0.19235893028329643,0.3715323460381475,0.35574939671415823,ATL-BGR,0
2025,1,ATL,BHM,256.16008771929825,140.0,134.0,84926.0,105091.0,674.0,684.0,2.0,7.722139673105498,0.01608187134502924,0.1739766081871345,2.2231333333333336,0.18040542999599665,0.022200385777195474,0.07972794287792138,0.19235893028329643,0.3715323460381475,0.35574939671415823,,,,,,,0.8081186780980293,0.18040542999599665,0.022200385777195474,0.07972794287792138,0.19235893028329643,0.3715323460381475,0.35574939671415823,ATL-BHM,1
2025,1,ATL,BMI,330.9081278538813,307.0,539.1095890410959,10959.0,13333.0,176.0,180.0,1.0,5.1477272727272725,0.022222222222222223,0.14444444444444443,2.2231333333333336,0.18040542999599665,0.022200385777195474,0.07972794287792138,0.19235893028329643,0.3715323460381475,0.35574939671415823,,,,,,,0.8219455486387159,0.18040542999599665,0.022200385777195474,0.07972794287792138,0.19235893028329643,0.3715323460381475,0.35574939671415823,ATL-BMI,1
2025,1,ATL,BNA,269.9187009345795,2066.0,214.12803738317757,111118.0,145422.0,866.0,863.0,2.0,8.8462441314554,0.012746234067207415,0.17844727694090382,2.2231333333333336,0.18040542999599665,0.022200385777195474,0.07972794287792138,0.19235893028329643,0.3715323460381475,0.35574939671415823,,,,,,,0.764107218990249,0.18040542999599665,0.022200385777195474,0.07972794287792138,0.19235893028329643,0.3715323460381475,0.35574939671415823,ATL-BNA,0
2025,1,ATL,BOI,369.71444444444444,556.0,1960.0685579196218,14739.0,17524.0,101.0,104.0,1.0,7.6568627450980395,0.019230769230769232,0.11538461538461539,2.2231333333333336,0.18040542999599665,0.022200385777195474,0.07972794287792138,0.19235893028329643,0.3715323460381475,0.35574939671415823,,,,,,,0.8410750970098151,0.18040542999599665,0.022200385777195474,0.07972794287792138,0.19235893028329643,0.3715323460381475,0.35574939671415823,ATL-BOI,1
2025,1,ATL,BOS,261.77454864154254,10121.0,965.2161846333626,166993.0,202224.0,1128.0,1146.0,4.0,18.322666666666667,0.019197207678883072,0.24345549738219896,2.2231333333333336,0.18040542999599665,0.022200385777195474,0.07972794287792138,0.19235893028329643,0.3715323460381475,0.35574939671415823,,,,,,,0.8257823008149379,0.18040542999599665,0.022200385777195474,0.07972794287792138,0.19235893028329643,0.3715323460381475,0.35574939671415823,ATL-BOS,1
2025,1,ATL,BQK,232.34056910569106,185.0,238.6178861788618,11636.0,17342.0,244.0,253.0,1.0,4.983673469387755,0.03162055335968379,0.18181818181818182,2.2231333333333336,0.18040542999599665,0.022200385777195474,0.07972794287792138,0.19235893028329643,0.3715323460381475,0.35574939671415823,,,,,,,0.67097220620459,0.18040542999599665,0.022200385777195474,0.07972794287792138,0.19235893028329643,0.3715323460381475,0.35574939671415823,ATL-BQK,0
2025,1,ATL,BTR,287.3418082788671,584.0,465.359477124183,31231.0,37161.0,403.0,417.0,2.0,8.7675,0.0407673860911271,0.16546762589928057,2.2231333333333336,0.18040542999599665,0.022200385777195474,0.07972794287792138,0.19235893028329643,0.3715323460381475,0.35574939671415823,,,,,,,0.8404241005355076,0.18040542999599665,0.022200385777195474,0.07972794287792138,0.19235893028329643,0.3715323460381475,0.35574939671415823,ATL-BTR,1
2025,1,ATL,BTV,297.0130844155844,359.0,1049.357142857143,11059.0,14043.0,88.0,90.0,1.0,2.659090909090909,0.022222222222222223,0.14444444444444443,2.2231333333333336,0.18040542999599665,0.022200385777195474,0.07972794287792138,0.19235893028329643,0.3715323460381475,0.35574939671415823,,,,,,,0.7875097913551236,0.18040542999599665,0.022200385777195474,0.07972794287792138,0.19235893028329643,0.3715323460381475,0.35574939671415823,ATL-BTV,0
2025,1,ATL,BUF,250.46065982404693,1239.0,796.0043988269795,37171.0,51105.0,279.0,283.0,2.0,10.618705035971223,0.0176678445229682,0.21201413427561838,2.2231333333333336,0.18040542999599665,0.022200385777195474,0.07972794287792138,0.19235893028329643,0.3715323460381475,0.35574939671415823,,,,,,,0.7273456608942374,0.18040542999599665,0.022200385777195474,0.07972794287792138,0.19235893028329643,0.3715323460381475,0.35574939671415823,ATL-BUF,0
2025,1,ATL,BUR,392.23778787878786,780.0,2005.4242424242425,16820.0,19228.0,148.0,78.0,1.0,27.17105263157895,0.038461538461538464,0.20512820512820512,2.2231333333333336,0.18040542999599665,0.022200385777195474,0.07972794287792138,0.19235893028329643,0.3715323460381475,0.35574939671415823,,,,,,,0.874765966299147,0.18040542999599665,0.022200385777195474,0.07972794287792138,0.19235893028329643,0.3715323460381475,0.35574939671415823,ATL-BUR,1
2025,1,ATL,BWI,176.86980034423408,8099.0,588.5074010327022,170148.0,246279.0,1435.0,1377.0,4.0,13.410104011887073,0.02251270878721859,0.22730573710965868,2.2231333333333336,0.18040542999599665,0.022200385777195474,0.07972794287792138,0.19235893028329643,0.3715323460381475,0.35574939671415823,,,,,,,0.6908749832507035,0.18040542999599665,0.022200385777195474,0.07972794287792138,0.19235893028329643,0.3715323460381475,0.35574939671415823,ATL-BWI,0
2025,1,ATL,BZN,450.4922505800464,811.0,1740.6334106728539,19115.0,23044.0,116.0,118.0,1.0,8.512820512820513,0.00847457627118644,0.1694915254237288,2.2231333333333336,0.18040542999599665,0.022200385777195474,0.07972794287792138,0.19235893028329643,0.3715323460381475,0.35574939671415823,,,,,,,0.8295000867904878,0.18040542999599665,0.022200385777195474,0.07972794287792138,0.19235893028329643,0.3715323460381475,0.35574939671415823,ATL-BZN,1
2025,1,ATL,CAE,281.87627118644065,207.0,192.68926553672316,54982.0,64654.0,643.0,654.0,2.0,9.686335403726709,0.019877675840978593,0.17584097859327216,2.2231333333333336,0.18040542999599665,0.022200385777195474,0.07972794287792138,0.19235893028329643,0.3715323460381475,0.35574939671415823,,,,,,,0.8504036873201968,0.18040542999599665,0.022200385777195474,0.07972794287792138,0.19235893028329643,0.3715323460381475,0.35574939671415823,ATL-CAE,1
2025,1,ATL,CHA,174.94387096774193,70.0,106.0,47875.0,58235.0,674.0,683.0,3.0,11.15327380952381,0.016105417276720352,0.18301610541727673,2.2231333333333336,0.18040542999599665,0.022200385777195474,0.07972794287792138,0.19235893028329643,0.3715323460381475,0.35574939671415823,,,,,,,0.8221001116167254,0.18040542999599665,0.022200385777195474,0.07972794287792138,0.19235893028329643,0.3715323460381475,0.35574939671415823,ATL-CHA,1
2025,1,ATL,CHO,286.25092936802974,403.0,461.30483271375465,19552.0,24122.0,323.0,327.0,1.0,8.271875,0.021406727828746176,0.1743119266055046,2.2231333333333336,0.18040542999599665,0.022200385777195474,0.07972794287792138,0.19235893028329643,0.3715323460381475,0.35574939671415823,,,,,,,0.8105463891882928,0.18040542999599665,0.022200385777195474,0.07972794287792138,0.19235893028329643,0.3715323460381475,0.35574939671415823,ATL-CHO,1
2025,1,ATL,CHS,269.6765051903114,1274.0,262.15397923875435,96014.0,110535.0,654.0,674.0,1.0,6.2909647779479325,0.03115727002967359,0.16023738872403562,2.2231333333333336,0.18040542999599665,0.022200385777195474,0.07972794287792138,0.19235893028329643,0.3715323460381475,0.35574939671415823,,,,,,,0.8686298457502148,0.18040542999599665,0.022200385777195474,0.07972794287792138,0.19235893028329643,0.3715323460381475,0.35574939671415823,ATL-CHS,1
2025,1,ATL,CID,323.63034782608696,269.0,814.908695652174,11375.0,14254.0,91.0,92.0,1.0,5.021978021978022,0.010869565217391304,0.11956521739130435,2.2231333333333336,0.18040542999599665,0.022200385777195474,0.07972794287792138,0.19235893028329643,0.3715323460381475,0.35574939671415823,,,,,,,0.7980216079696927,0.18040542999599665,0.022200385777195474,0.07972794287792138,0.19235893028329643,0.3715323460381475,0.35574939671415823,ATL-CID,0
2025,1,ATL,CLE,232.74872695852534,3976.0,588.7471198156682,93678.0,129038.0,736.0,740.0,3.0,12.524590163934427,0.012162162162162163,0.22567567567567567,2.2231333333333336,0.18040542999599665,0.022200385777195474,0.07972794287792138,0.19235893028329643,0.3715323460381475,0.35574939671415823,,,,,,,0.7259721942373565,0.18040542999599665,0.022200385777195474,0.07972794287792138,0.19235893028329643,0.3715323460381475,0.35574939671415823,ATL-CLE,0
2025,1,ATL,CLL,354.82758620689657,64.0,895.0,114.0,216.0,2.0,0.0,0.0,0.0,0.0,0.0,2.2231333333333336,0.18040542999599665,0.022200385777195474,0.07972794287792138,0.19235893028329643,0.3715323460381475,0.35574939671415823,,,,,,,0.5277777777777778,0.18040542999599665,0.022200385777195474,0.07972794287792138,0.19235893028329643,0.3715323460381475,0.35574939671415823,ATL-CLL,0
2025,1,ATL,CLT,312.96142979452054,2042.0,226.07448630136986,87493.0,119833.0,1195.0,1218.0,5.0,11.227848101265822,0.027914614121510674,0.19047619047619047,2.2231333333333336,0.18040542999599665,0.022200385777195474,0.07972794287792138,0.19235893028329643,0.3715323460381475,0.35574939671415823,,,,,,,0.7301244231555581,0.18040542999599665,0.022200385777195474,0.07972794287792138,0.19235893028329643,0.3715323460381475,0.35574939671415823,ATL-CLT,0
2025,1,ATL,CMH,243.73564965197215,3172.0,474.6763341067285,94305.0,124596.0,747.0,741.0,5.0,10.064032697547685,0.010796221322537112,0.18893387314439947,2.2231333333333336,0.18040542999599665,0.022200385777195474,0.07972794287792138,0.19235893028329643,0.3715323460381475,0.35574939671415823,,,,,,,0.7568862563806221,0.18040542999599665,0.022200385777195474,0.07972794287792138,0.19235893028329643,0.3715323460381475,0.35574939671415823,ATL-CMH,0
2025,1,ATL,COS,291.0713368983957,513.0,1296.4705882352941,12220.0,15221.0,102.0,101.0,1.0,12.868686868686869,0.019801980198019802,0.26732673267326734,2.2231333333333336,0.18040542999599665,0.022200385777195474,0.07972794287792138,0.19235893028329643,0.3715323460381475,0.35574939671415823,,,,,,,0.8028381840877735,0.18040542999599665,0.022200385777195474,0.07972794287792138,0.19235893028329643,0.3715323460381475,0.35574939671415823,ATL-COS,1
2025,1,ATL,COU,352.7756,26.0,1125.0,41.0,50.0,1.0,0.0,0.0,0.0,0.0,0.0,2.2231333333333336,0.18040542999599665,0.022200385777195474,0.07972794287792138,0.19235893028329643,0.3715323460381475,0.35574939671415823,,,,,,,0.82,0.18040542999599665,0.022200385777195474,0.07972794287792138,0.19235893028329643,0.3715323460381475,0.35574939671415823,ATL-COU,1
2025,1,ATL,CRW,270.1008906882591,287.0,365.1336032388664,17845.0,21993.0,309.0,322.0,2.0,20.941935483870967,0.037267080745341616,0.22981366459627328,2.2231333333333336,0.18040542999599665,0.022200385777195474,0.07972794287792138,0.19235893028329643,0.3715323460381475,0.35574939671415823,,,,,,,0.8113945346246533,0.18040542999599665,0.022200385777195474,0.07972794287792138,0.19235893028329643,0.3715323460381475,0.35574939671415823,ATL-CRW,1
2025,1,ATL,CSG,75.8341935483871,35.0,83.0,10843.0,17004.0,236.0,250.0,1.0,11.769874476987448,0.056,0.16,2.2231333333333336,0.18040542999599665,0.022200385777195474,0.07972794287792138,0.19235893028329643,0.3715323460381475,0.35574939671415823,,,,,,,0.6376734885909198,0.18040542999599665,0.022200385777195474,0.07972794287792138,0.19235893028329643,0.3715323460381475,0.35574939671415823,ATL-CSG,0
2025,1,ATL,CVG,278.380306122449,1992.0,383.0827664399093,86216.0,103602.0,759.0,610.0,3.0,12.846921797004992,0.014754098360655738,0.19344262295081968,2.2231333333333336,0.18040542999599665,0.022200385777195474,0.07972794287792138,0.19235893028329643,0.3715323460381475,0.35574939671415823,,,,,,,0.832184706858941,0.18040542999599665,0.022200385777195474,0.07972794287792138,0.19235893028329643,0.3715323460381475,0.35574939671415823,ATL-CVG,1
2025,1,ATL,DAB,272.86555851063827,688.0,370.1010638297872,48302.0,57939.0,362.0,364.0,1.0,10.0939226519337,0.005494505494505495,0.17582417582417584,2.2231333333333336,0.18040542999599665,0.022200385777195474,0.07972794287792138,0.19235893028329643,0.3715323460381475,0.35574939671415823,,,,,,,0.8336698941990714,0.18040542999599665,0.022200385777195474,0.07972794287792138,0.19235893028329643,0.3715323460381475,0.35574939671415823,ATL-DAB,1
2025,1,ATL,DAL,246.5713407550823,7992.0,737.1558567279768,156078.0,210590.0,1552.0,789.0,2.0,10.775193798449612,0.019011406844106463,0.22433460076045628,2.2231333333333336,0.18040542999599665,0.022200385777195474,0.07972794287792138,0.19235893028329643,0.3715323460381475,0.35574939671415823,,,,,,,0.7411463032432689,0.18040542999599665,0.022200385777195474,0.07972794287792138,0.19235893028329643,0.3715323460381475,0.35574939671415823,ATL-DAL,0
2025,1,ATL,DAY,275.77281105990784,617.0,444.82488479262673,29543.0,35215.0,331.0,336.0,2.0,9.27190332326284,0.01488095238095238,0.18452380952380953,2.2231333333333336,0.18040542999599665,0.022200385777195474,0.07972794287792138,0.19235893028329643,0.3715323460381475,0.35574939671415823,,,,,,,0.8389322731790431,0.18040542999599665,0.022200385777195474,0.07972794287792138,0.19235893028329643,0.3715323460381475,0.35574939671415823,ATL-DAY,1
2025,1,ATL,DCA,236.32832140727487,9262.0,552.5641025641025,173789.0,236766.0,1628.0,1708.0,5.0,16.26418547895058,0.04274004683840749,0.2775175644028103,2.2231333333333336,0.18040542999599665,0.022200385777195474,0.07972794287792138,0.19235893028329643,0.3715323460381475,0.35574939671415823,,,,,,,0.7340116401848238,0.18040542999599665,0.022200385777195474,0.07972794287792138,0.19235893028329643,0.3715323460381475,0.35574939671415823,ATL-DCA,0
2025,1,ATL,DEN,249.29455026455025,10310.0,1244.6597048175995,193349.0,224629.0,1260.0,1279.0,4.0,14.214797136038186,0.017982799061767005,0.2142298670836591,2.2231333333333336,0.18040542999599665,0.022200385777195474,0.07972794287792138,0.19235893028329643,0.3715323460381475,0.35574939671415823,,,,,,,0.8607481669775496,0.18040542999599665,0.022200385777195474,0.07972794287792138,0.19235893028329643,0.3715323460381475,0.35574939671415823,ATL-DEN,1
2025,1,ATL,DFW,259.2975043706293,24632.0,743.1088286713286,427608.0,551506.0,3080.0,1568.0,5.0,16.6158940397351,0.03826530612244898,0.22959183673469388,2.2231333333333336,0.18040542999599665,0.022200385777195474,0.07972794287792138,0.19235893028329643,0.3715323460381475,0.35574939671415823,0.2062396282774643,0.03747759707932293,0.10718704340430481,0.1903530643250198,0.3470410781655484,0.3542601059847202,0.7753460524454856,0.19332252913673048,0.0298389914282592,0.0934574931411131,0.19135599730415812,0.3592867121018479,0.3550047513494392,ATL-DFW,0
2025,1,ATL,DHN,275.61261904761903,48.0,170.0,11159.0,16869.0,241.0,250.0,1.0,12.634854771784232,0.036,0.184,2.2231333333333336,0.18040542999599665,0.022200385777195474,0.07972794287792138,0.19235893028329643,0.3715323460381475,0.35574939671415823,,,,,,,0.6615092773726955,0.18040542999599665,0.022200385777195474,0.07972794287792138,0.19235893028329643,0.3715323460381475,0.35574939671415823,ATL-DHN,0
2025,1,ATL,DSM,335.2802714932127,626.0,819.4230769230769,24414.0,28846.0,262.0,269.0,2.0,9.281368821292777,0.022304832713754646,0.21561338289962825,2.2231333333333336,0.18040542999599665,0.022200385777195474,0.07972794287792138,0.19235893028329643,0.3715323460381475,0.35574939671415823,,,,,,,0.8463565139014074,0.18040542999599665,0.022200385777195474,0.07972794287792138,0.19235893028329643,0.3715323460381475,0.35574939671415823,ATL-DSM,1
2025,1,ATL,DTW,246.3540082644628,7923.0,639.8425995492112,172856.0,222790.0,1166.0,1157.0,3.0,14.551663747810858,0.013828867761452032,0.22558340535868626,2.2231333333333336,0.18040542999599665,0.022200385777195474,0.07972794287792138,0.19235893028329643,0.3715323460381475,0.35574939671415823,,,,,,,0.7758696530364918,0.18040542999599665,0.022200385777195474,0.07972794287792138,0.19235893028329643,0.3715323460381475,0.35574939671415823,ATL-DTW,0
2025,1,ATL,ECP,263.3054296875,469.0,240.0,56792.0,68482.0,497.0,515.0,1.0,8.379518072289157,0.03300970873786408,0.1669902912621359,2.2231333333333336,0.18040542999599665,0.022200385777195474,0.07972794287792138,0.19235893028329643,0.3715323460381475,0.35574939671415823,,,,,,,0.8292982097485471,0.18040542999599665,0.022200385777195474,0.07972794287792138,0.19235893028329643,0.3715323460381475,0.35574939671415823,ATL-ECP,1
2025,1,ATL,EGE,558.3620418848167,835.0,1330.735602094241,20480.0,29779.0,155.0,159.0,1.0,8.73248407643312,0.018867924528301886,0.1761006289308176,2.2231333333333336,0.18040542999599665,0.022200385777195474,0.07972794287792138,0.19235893028329643,0.3715323460381475,0.35574939671415823,,,,,,,0.6877329661842237,0.18040542999599665,0.022200385777195474,0.07972794287792138,0.19235893028329643,0.3715323460381475,0.35574939671415823,ATL-EGE,0
2025,1,ATL,ELP,337.3393913043478,1382.0,1384.3760869565217,42834.0,54956.0,330.0,168.0,1.0,7.375757575757576,0.017857142857142856,0.21428571428571427,2.2231333333333336,0.18040542999599665,0.022200385777195474,0.07972794287792138,0.19235893028329643,0.3715323460381475,0.35574939671415823,,,,,,,0.7794235388310649,0.18040542999599665,0.022200385777195474,0.07972794287792138,0.19235893028329643,0.3715323460381475,0.35574939671415823,ATL-ELP,0
2025,1,ATL,EVV,299.6644099378882,203.0,360.1366459627329,14164.0,18349.0,243.0,253.0,2.0,23.00413223140496,0.04743083003952569,0.22529644268774704,2.2231333333333336,0.18040542999599665,0.022200385777195474,0.07972794287792138,0.19235893028329643,0.3715323460381475,0.35574939671415823,,,,,,,0.7719221755954003,0.18040542999599665,0.022200385777195474,0.07972794287792138,0.19235893028329643,0.3715323460381475,0.35574939671415823,ATL-EVV,0
2025,1,ATL,EWR,205.01555109684324,12719.0,751.6990369181381,189123.0,234750.0,1469.0,1502.0,5.0,17.693197278911565,0.021970705725699067,0.23834886817576564,2.2231333333333336,0.18040542999599665,0.022200385777195474,0.07972794287792138,0.19235893028329643,0.3715323460381475,0.35574939671415823,,,,,,,0.8056357827476038,0.18040542999599665,0.022200385777195474,0.07972794287792138,0.19235893028329643,0.3715323460381475,0.35574939671415823,ATL-EWR,1
2025,1,ATL,EYW,338.1001744186047,699.0,655.6802325581396,40070.0,46217.0,354.0,364.0,2.0,14.05586592178771,0.016483516483516484,0.21978021978021978,2.2231333333333336,0.18040542999599665,0.022200385777195474,0.07972794287792138,0.19235893028329643,0.3715323460381475,0.35574939671415823,,,,,,,0.8669969924486661,0.18040542999599665,0.022200385777195474,0.07972794287792138,0.19235893028329643,0.3715323460381475,0.35574939671415823,ATL-EYW,1
2025,1,ATL,FAR,409.0947619047619,133.0,1224.7619047619048,484.0,540.0,3.0,3.0,1.0,18.333333333333332,0.0,0.3333333333333333,2.2231333333333336,0.18040542999599665,0.022200385777195474,0.07972794287792138,0.19235893028329643,0.3715323460381475,0.35574939671415823,,,,,,,0.8962962962962963,0.18040542999599665,0.022200385777195474,0.07972794287792138,0.19235893028329643,0.3715323460381475,0.35574939671415823,ATL-FAR,1
2025,1,ATL,FAT,354.9080808080808,684.0,2078.7138047138046,13954.0,20800.0,130.0,66.0,1.0,6.046153846153846,0.015151515151515152,0.16666666666666666,2.2231333333333336,0.18040542999599665,0.022200385777195474,0.07972794287792138,0.19235893028329643,0.3715323460381475,0.35574939671415823,,,,,,,0.6708653846153846,0.18040542999599665,0.022200385777195474,0.07972794287792138,0.19235893028329643,0.3715323460381475,0.35574939671415823,ATL-FAT,0
2025,1,ATL,FAY,234.11423913043475,221.0,331.2826086956522,17678.0,23945.0,317.0,325.0,2.0,12.80503144654088,0.021538461538461538,0.18461538461538463,2.2231333333333336,0.18040542999599665,0.022200385777195474,0.07972794287792138,0.19235893028329643,0.3715323460381475,0.35574939671415823,,,,,,,0.738275214032157,0.18040542999599665,0.022200385777195474,0.07972794287792138,0.19235893028329643,0.3715323460381475,0.35574939671415823,ATL-FAY,0
2025,1,ATL,FLL,183.8785428219347,13913.0,586.154651879236,264527.0,331537.0,1676.0,1707.0,4.0,16.86004784688995,0.021675454012888107,0.28646748681898065,2.2231333333333336,0.18040542999599665,0.022200385777195474,0.07972794287792138,0.19235893028329643,0.3715323460381475,0.35574939671415823,,,,,,,0.7978807795208378,0.18040542999599665,0.022200385777195474,0.07972794287792138,0.19235893028329643,0.3715323460381475,0.35574939671415823,ATL-FLL,0
2025,1,ATL,FSD,385.00982300884954,249.0,1065.845132743363,9744.0,11690.0,88.0,90.0,1.0,28.21590909090909,0.022222222222222223,0.26666666666666666,2.2231333333333336,0.18040542999599665,0.022200385777195474,0.07972794287792138,0.19235893028329643,0.3715323460381475,0.35574939671415823,,,,,,,0.8335329341317366,0.18040542999599665,0.022200385777195474,0.07972794287792138,0.19235893028329643,0.3715323460381475,0.35574939671415823,ATL-FSD,1
2025,1,ATL,FWA,307.4654347826087,369.0,536.4239130434783,16374.0,18951.0,251.0,257.0,1.0,17.5,0.019455252918287938,0.2140077821011673,2.2231333333333336,0.18040542999599665,0.022200385777195474,0.07972794287792138,0.19235893028329643,0.3715323460381475,0.35574939671415823,,,,,,,0.8640177299350957,0.18040542999599665,0.022200385777195474,0.07972794287792138,0.19235893028329643,0.3715323460381475,0.35574939671415823,ATL-FWA,1
2025,1,ATL,GEG,381.8669911504425,428.0,2140.1150442477874,15555.0,17840.0,103.0,104.0,1.0,6.611650485436893,0.009615384615384616,0.15384615384615385,2.2231333333333336,0.18040542999599665,0.022200385777195474,0.07972794287792138,0.19235893028329643,0.3715323460381475,0.35574939671415823,,,,,,,0.8719170403587444,0.18040542999599665,0.022200385777195474,0.07972794287792138,0.19235893028329643,0.3715323460381475,0.35574939671415823,ATL-GEG,1
2025,1,ATL,GJT,345.2438461538461,69.0,1542.8,817.0,1113.0,13.0,0.0,0.0,0.0,0.0,0.0,2.2231333333333336,0.18040542999599665,0.022200385777195474,0.07972794287792138,0.19235893028329643,0.3715323460381475,0.35574939671415823,,,,,,,0.734052111410602,0.18040542999599665,0.022200385777195474,0.07972794287792138,0.19235893028329643,0.3715323460381475,0.35574939671415823,ATL-GJT,0
2025,1,ATL,GNV,273.95941780821914,366.0,302.4691780821918,36073.0,42087.0,420.0,430.0,3.0,12.454976303317535,0.018604651162790697,0.2,2.2231333333333336,0.18040542999599665,0.022200385777195474,0.07972794287792138,0.19235893028329643,0.3715323460381475,0.35574939671415823,,,,,,,0.8571055195190914,0.18040542999599665,0.022200385777195474,0.07972794287792138,0.19235893028329643,0.3715323460381475,0.35574939671415823,ATL-GNV,1
2025,1,ATL,GPT,293.39057142857143,334.0,353.4761904761905,26273.0,31835.0,294.0,305.0,2.0,10.006802721088436,0.03934426229508197,0.2,2.2231333333333336,0.18040542999599665,0.022200385777195474,0.07972794287792138,0.19235893028329643,0.3715323460381475,0.35574939671415823,,,,,,,0.8252866342076332,0.18040542999599665,0.022200385777195474,0.07972794287792138,0.19235893028329643,0.3715323460381475,0.35574939671415823,ATL-GPT,1
2025,1,ATL,GRB,365.87297777777775,234.0,854.4533333333334,11356.0,14116.0,90.0,92.0,1.0,7.978021978021978,0.010869565217391304,0.2608695652173913,2.2231333333333336,0.18040542999599665,0.022200385777195474,0.07972794287792138,0.19235893028329643,0.3715323460381475,0.35574939671415823,,,,,,,0.804477189005384,0.18040542999599665,0.022200385777195474,0.07972794287792138,0.19235893028329643,0.3715323460381475,0.35574939671415823,ATL-GRB,1
2025,1,ATL,GRR,316.4481010928962,1194.0,725.6010928961749,52627.0,59552.0,334.0,338.0,1.0,9.191044776119403,0.008875739644970414,0.17159763313609466,2.2231333333333336,0.18040542999599665,0.022200385777195474,0.07972794287792138,0.19235893028329643,0.3715323460381475,0.35574939671415823,,,,,,,0.8837150725416443,0.18040542999599665,0.022200385777195474,0.07972794287792138,0.19235893028329643,0.3715323460381475,0.35574939671415823,ATL-GRR,1
2025,1,ATL,GSO,259.56977351916373,901.0,308.3240418118467,63697.0,86852.0,619.0,628.0,2.0,6.255250403877222,0.01592356687898089,0.16719745222929935,2.2231333333333336,0.18040542999599665,0.022200385777195474,0.07972794287792138,0.19235893028329643,0.3715323460381475,0.35574939671415823,,,,,,,0.7333970432459817,0.18040542999599665,0.022200385777195474,0.07972794287792138,0.19235893028329643,0.3715323460381475,0.35574939671415823,ATL-GSO,0
2025,1,ATL,GSP,225.73553719008265,141.0,157.89256198347107,75897.0,98656.0,703.0,717.0,3.0,6.48221906116643,0.019525801952580194,0.18131101813110181,2.2231333333333336,0.18040542999599665,0.022200385777195474,0.07972794287792138,0.19235893028329643,0.3715323460381475,0.35574939671415823,,,,,,,0.7693095199481025,0.18040542999599665,0.022200385777195474,0.07972794287792138,0.19235893028329643,0.3715323460381475,0.35574939671415823,ATL-GSP,0
2025,1,ATL,GTR,280.0743396226415,58.0,241.0,10595.0,13319.0,176.0,180.0,1.0,5.375,0.022222222222222223,0.12777777777777777,2.2231333333333336,0.18040542999599665,0.022200385777195474,0.07972794287792138,0.19235893028329643,0.3715323460381475,0.35574939671415823,,,,,,,0.7954801411517382,0.18040542999599665,0.022200385777195474,0.07972794287792138,0.19235893028329643,0.3715323460381475,0.35574939671415823,ATL-GTR,0
2025,1,ATL,HDN,413.134802431611,616.0,1371.5227963525836,12398.0,16685.0,84.0,89.0,1.0,8.908045977011493,0.02247191011235955,0.20224719101123595,2.2231333333333336,0.18040542999599665,0.022200385777195474,0.07972794287792138,0.19235893028329643,0.3715323460381475,0.35574939671415823,,,,,,,0.7430626311057836,0.18040542999599665,0.022200385777195474,0.07972794287792138,0.19235893028329643,0.3715323460381475,0.35574939671415823,ATL-HDN,0
2025,1,ATL,HNL,753.953648960739,1064.0,4594.9503464203235,22097.0,25356.0,90.0,90.0,1.0,18.07777777777778,0.0,0.16666666666666666,2.2231333333333336,0.18040542999599665,0.022200385777195474,0.07972794287792138,0.19235893028329643,0.3715323460381475,0.35574939671415823,,,,,,,0.8714702634484934,0.18040542999599665,0.022200385777195474,0.07972794287792138,0.19235893028329643,0.3715323460381475,0.35574939671415823,ATL-HNL,1
2025,1,ATL,HOU,220.47892917847025,8262.0,714.4203966005666,150548.0,195320.0,1332.0,682.0,2.0,9.883861236802414,0.02932551319648094,0.20527859237536658,2.2231333333333336,0.18040542999599665,0.022200385777195474,0.07972794287792138,0.19235893028329643,0.3715323460381475,0.35574939671415823,,,,,,,0.7707761621953717,0.18040542999599665,0.022200385777195474,0.07972794287792138,0.19235893028329643,0.3715323460381475,0.35574939671415823,ATL-HOU,0
2025,1,ATL,HPN,252.1294315992293,1503.0,784.2986512524085,29806.0,44044.0,478.0,504.0,3.0,10.230142566191446,0.025793650793650792,0.18253968253968253,2.2231333333333336,0.18040542999599665,0.022200385777195474,0.07972794287792138,0.19235893028329643,0.3715323460381475,0.35574939671415823,,,,,,,0.6767323585505404,0.18040542999599665,0.022200385777195474,0.07972794287792138,0.19235893028329643,0.3715323460381475,0.35574939671415823,ATL-HPN,0
2025,1,ATL,HSV,269.78350746268654,165.0,151.42537313432837,59934.0,74378.0,643.0,655.0,2.0,10.485225505443236,0.01984732824427481,0.1648854961832061,2.2231333333333336,0.18040542999599665,0.022200385777195474,0.07972794287792138,0.19235893028329643,0.3715323460381475,0.35574939671415823,,,,,,,0.8058027911479201,0.18040542999599665,0.022200385777195474,0.07972794287792138,0.19235893028329643,0.3715323460381475,0.35574939671415823,ATL-HSV,1
2025,1,ATL,HVN,85.52849740932642,630.0,823.0,6164.0,7810.0,50.0,0.0,0.0,0.0,0.0,0.0,2.2231333333333336,0.18040542999599665,0.022200385777195474,0.07972794287792138,0.19235893028329643,0.3715323460381475,0.35574939671415823,,,,,,,0.7892445582586428,0.18040542999599665,0.022200385777195474,0.07972794287792138,0.19235893028329643,0.3715323460381475,0.35574939671415823,ATL-HVN,0
2025,1,ATL,IAD,199.89952914798207,4394.0,539.0857623318385,92655.0,129426.0,859.0,859.0,5.0,13.663905325443787,0.017462165308498253,0.21653084982537835,2.2231333333333336,0.18040542999599665,0.022200385777195474,0.07972794287792138,0.19235893028329643,0.3715323460381475,0.35574939671415823,,,,,,,0.7158917064577442,0.18040542999599665,0.022200385777195474,0.07972794287792138,0.19235893028329643,0.3715323460381475,0.35574939671415823,ATL-IAD,0
2025,1,ATL,IAH,217.72711930164888,16514.0,700.2492725509214,307872.0,373102.0,2326.0,1116.0,6.0,11.496786042240588,0.025089605734767026,0.1935483870967742,2.2231333333333336,0.18040542999599665,0.022200385777195474,0.07972794287792138,0.19235893028329643,0.3715323460381475,0.35574939671415823,0.16850534248952576,0.02717108362049731,0.06321467851469073,0.21375131175937725,0.3868472966603237,0.33570759355923724,0.8251684525947328,0.1744553862427612,0.02468573469884639,0.07147131069630605,0.20305512102133683,0.3791898213492356,0.34572849513669773,ATL-IAH,1
2025,1,ATL,ICT,327.1219230769231,580.0,838.420814479638,22603.0,27194.0,250.0,254.0,2.0,12.859437751004016,0.01968503937007874,0.1889763779527559,2.2231333333333336,0.18040542999599665,0.022200385777195474,0.07972794287792138,0.19235893028329643,0.3715323460381475,0.35574939671415823,,,,,,,0.8311759947047143,0.18040542999599665,0.022200385777195474,0.07972794287792138,0.19235893028329643,0.3715323460381475,0.35574939671415823,ATL-ICT,1
2025,1,ATL,ILG,47.820754716981135,115.0,644.7735849056604,1145.0,3024.0,16.0,0.0,0.0,0.0,0.0,0.0,2.2231333333333336,0.18040542999599665,0.022200385777195474,0.07972794287792138,0.19235893028329643,0.3715323460381475,0.35574939671415823,,,,,,,0.37863756613756616,0.18040542999599665,0.022200385777195474,0.07972794287792138,0.19235893028329643,0.3715323460381475,0.35574939671415823,ATL-ILG,0
2025,1,ATL,ILM,286.02474431818183,421.0,380.73579545454544,22320.0,25781.0,317.0,326.0,3.0,7.470219435736677,0.024539877300613498,0.13190184049079753,2.2231333333333336,0.18040542999599665,0.022200385777195474,0.07972794287792138,0.19235893028329643,0.3715323460381475,0.35574939671415823,,,,,,,0.8657538497343005,0.18040542999599665,0.022200385777195474,0.07972794287792138,0.19235893028329643,0.3715323460381475,0.35574939671415823,ATL-ILM,1
2025,1,ATL,IND,253.09536170212766,3200.0,443.41884498480243,100225.0,130118.0,842.0,759.0,4.0,7.193548387096774,0.019762845849802372,0.16600790513833993,2.2231333333333336,0.18040542999599665,0.022200385777195474,0.07972794287792138,0.19235893028329643,0.3715323460381475,0.35574939671415823,,,,,,,0.7702623772268249,0.18040542999599665,0.022200385777195474,0.07972794287792138,0.19235893028329643,0.3715323460381475,0.35574939671415823,ATL-IND,0
2025,1,ATL,JAC,533.8671186440678,413.0,1621.2415254237287,10605.0,13839.0,73.0,77.0,1.0,5.092105263157895,0.025974025974025976,0.11688311688311688,2.2231333333333336,0.18040542999599665,0.022200385777195474,0.07972794287792138,0.19235893028329643,0.3715323460381475,0.35574939671415823,,,,,,,0.7663125948406677,0.18040542999599665,0.022200385777195474,0.07972794287792138,0.19235893028329643,0.3715323460381475,0.35574939671415823,ATL-JAC,0
2025,1,ATL,JAN,274.6364537444934,663.0,341.3942731277533,56170.0,75717.0,698.0,714.0,3.0,10.401137980085348,0.018207282913165267,0.1876750700280112,2.2231333333333336,0.18040542999599665,0.022200385777195474,0.07972794287792138,0.19235893028329643,0.3715323460381475,0.35574939671415823,,,,,,,0.7418413302164639,0.18040542999599665,0.022200385777195474,0.07972794287792138,0.19235893028329643,0.3715323460381475,0.35574939671415823,ATL-JAN,0
2025,1,ATL,JAX,269.78334653465345,2521.0,278.1712871287129,158926.0,191561.0,1018.0,1032.0,2.0,15.087857847976307,0.01937984496124031,0.2625968992248062,2.2231333333333336,0.18040542999599665,0.022200385777195474,0.07972794287792138,0.19235893028329643,0.3715323460381475,0.35574939671415823,,,,,,,0.8296365126513225,0.18040542999599665,0.022200385777195474,0.07972794287792138,0.19235893028329643,0.3715323460381475,0.35574939671415823,ATL-JAX,1
2025,1,ATL,JFK,207.42133200795226,7172.0,776.4950298210736,123096.0,155393.0,900.0,898.0,4.0,21.09761634506243,0.021158129175946547,0.26837416481069043,2.2231333333333336,0.18040542999599665,0.022200385777195474,0.07972794287792138,0.19235893028329643,0.3715323460381475,0.35574939671415823,,,,,,,0.7921592349719743,0.18040542999599665,0.022200385777195474,0.07972794287792138,0.19235893028329643,0.3715323460381475,0.35574939671415823,ATL-JFK,0
2025,1,ATL,LAL,45.59375,28.0,415.0,320.0,567.0,3.0,0.0,0.0,0.0,0.0,0.0,2.2231333333333336,0.18040542999599665,0.022200385777195474,0.07972794287792138,0.19235893028329643,0.3715323460381475,0.35574939671415823,,,,,,,0.564373897707231,0.18040542999599665,0.022200385777195474,0.07972794287792138,0.19235893028329643,0.3715323460381475,0.35574939671415823,ATL-LAL,0
2025,1,ATL,LAN,268.80779411764706,71.0,714.5294117647059,0.0,189.0,1.0,0.0,0.0,0.0,0.0,0.0,2.2231333333333336,0.18040542999599665,0.022200385777195474,0.07972794287792138,0.19235893028329643,0.3715323460381475,0.35574939671415823,,,,,,,0.0,0.18040542999599665,0.022200385777195474,0.07972794287792138,0.19235893028329643,0.3715323460381475,0.35574939671415823,ATL-LAN,0
2025,1,ATL,LAS,375.82297351828504,9957.0,1793.8310214375788,187151.0,229196.0,1168.0,1186.0,4.0,16.017979452054796,0.016863406408094434,0.2411467116357504,2.2231333333333336,0.18040542999599665,0.022200385777195474,0.07972794287792138,0.19235893028329643,0.3715323460381475,0.35574939671415823,,,,,,,0.8165543901289726,0.18040542999599665,0.022200385777195474,0.07972794287792138,0.19235893028329643,0.3715323460381475,0.35574939671415823,ATL-LAS,1
2025,1,ATL,LAX,378.75891812865495,21564.0,1999.241340530814,426090.0,508742.0,2452.0,1237.0,4.0,18.073589533932953,0.012934518997574777,0.2603071948261924,2.2231333333333336,0.18040542999599665,0.022200385777195474,0.07972794287792138,0.19235893028329643,0.3715323460381475,0.35574939671415823,0.1662822530232157,0.008191243991291414,0.06384287985231527,0.17061212978089035,0.33008563663401874,0.43409495483748084,0.8375365116306497,0.1733438415096062,0.015195814884243444,0.07178541136511832,0.1814855300320934,0.3508089913360831,0.39492217577581956,ATL-LAX,1
2025,1,ATL,LEX,299.0438845144357,529.0,304.9790026246719,47705.0,56371.0,547.0,563.0,3.0,10.207650273224044,0.02664298401420959,0.18650088809946713,2.2231333333333336,0.18040542999599665,0.022200385777195474,0.07972794287792138,0.19235893028329643,0.3715323460381475,0.35574939671415823,,,,,,,0.8462684713771266,0.18040542999599665,0.022200385777195474,0.07972794287792138,0.19235893028329643,0.3715323460381475,0.35574939671415823,ATL-LEX,1
2025,1,ATL,LFT,322.24561855670106,261.0,526.3762886597938,18628.0,23462.0,316.0,329.0,1.0,5.634069400630914,0.0364741641337386,0.12158054711246201,2.2231333333333336,0.18040542999599665,0.022200385777195474,0.07972794287792138,0.19235893028329643,0.3715323460381475,0.35574939671415823,,,,,,,0.7939647088909726,0.18040542999599665,0.022200385777195474,0.07972794287792138,0.19235893028329643,0.3715323460381475,0.35574939671415823,ATL-LFT,0
2025,1,ATL,LGA,237.03967551020406,17166.0,785.1304081632653,239138.0,306511.0,1648.0,1683.0,4.0,15.086614173228346,0.020202020202020204,0.26143790849673204,2.2231333333333336,0.18040542999599665,0.022200385777195474,0.07972794287792138,0.19235893028329643,0.3715323460381475,0.35574939671415823,,,,,,,0.7801938592742186,0.18040542999599665,0.022200385777195474,0.07972794287792138,0.19235893028329643,0.3715323460381475,0.35574939671415823,ATL-LGA,0
2025,1,ATL,LIT,262.82767195767195,965.0,531.710758377425,51753.0,67161.0,552.0,559.0,2.0,8.16123188405797,0.014311270125223614,0.1735241502683363,2.2231333333333336,0.18040542999599665,0.022200385777195474,0.07972794287792138,0.19235893028329643,0.3715323460381475,0.35574939671415823,,,,,,,0.7705811408406664,0.18040542999599665,0.022200385777195474,0.07972794287792138,0.19235893028329643,0.3715323460381475,0.35574939671415823,ATL-LIT,0
2025,1,ATL,MCI,276.3628512396694,2912.0,739.280401416765,93566.0,123106.0,718.0,738.0,3.0,9.662482566248256,0.028455284552845527,0.1856368563685637,2.2231333333333336,0.18040542999599665,0.022200385777195474,0.07972794287792138,0.19235893028329643,0.3715323460381475,0.35574939671415823,,,,,,,0.7600441895602164,0.18040542999599665,0.022200385777195474,0.07972794287792138,0.19235893028329643,0.3715323460381475,0.35574939671415823,ATL-MCI,0
2025,1,ATL,MCO,208.40072389127326,13016.0,409.8380543633763,337329.0,411142.0,2094.0,2107.0,4.0,18.46268656716418,0.01566207878500237,0.2653061224489796,2.2231333333333336,0.18040542999599665,0.022200385777195474,0.07972794287792138,0.19235893028329643,0.3715323460381475,0.35574939671415823,,,,,,,0.8204683539993481,0.18040542999599665,0.022200385777195474,0.07972794287792138,0.19235893028329643,0.3715323460381475,0.35574939671415823,ATL-MCO,1
2025,1,ATL,MDT,340.8979789103691,732.0,636.0527240773287,23860.0,26554.0,251.0,254.0,2.0,9.92,0.015748031496062992,0.1968503937007874,2.2231333333333336,0.18040542999599665,0.022200385777195474,0.07972794287792138,0.19235893028329643,0.3715323460381475,0.35574939671415823,,,,,,,0.8985463583640882,0.18040542999599665,0.022200385777195474,0.07972794287792138,0.19235893028329643,0.3715323460381475,0.35574939671415823,ATL-MDT,1
2025,1,ATL,MDW,189.58988288288288,5642.0,599.6099099099099,90417.0,118077.0,816.0,828.0,3.0,11.0935960591133,0.01932367149758454,0.21859903381642512,2.2231333333333336,0.18040542999599665,0.022200385777195474,0.07972794287792138,0.19235893028329643,0.3715323460381475,0.35574939671415823,,,,,,,0.7657460809471786,0.18040542999599665,0.022200385777195474,0.07972794287792138,0.19235893028329643,0.3715323460381475,0.35574939671415823,ATL-MDW,0
2025,1,ATL,MEM,268.04987514188423,1734.0,337.96027241770713,100865.0,126547.0,903.0,779.0,3.0,10.898305084745763,0.01540436456996149,0.18870346598202825,2.2231333333333336,0.18040542999599665,0.022200385777195474,0.07972794287792138,0.19235893028329643,0.3715323460381475,0.35574939671415823,,,,,,,0.7970556394067027,0.18040542999599665,0.022200385777195474,0.07972794287792138,0.19235893028329643,0.3715323460381475,0.35574939671415823,ATL-MEM,0
2025,1,ATL,MGM,199.12027027027025,38.0,147.0,20292.0,27454.0,395.0,406.0,2.0,20.26972010178117,0.03201970443349754,0.26108374384236455,2.2231333333333336,0.18040542999599665,0.022200385777195474,0.07972794287792138,0.19235893028329643,0.3715323460381475,0.35574939671415823,,,,,,,0.7391272674291542,0.18040542999599665,0.022200385777195474,0.07972794287792138,0.19235893028329643,0.3715323460381475,0.35574939671415823,ATL-MGM,0
2025,1,ATL,MHK,379.07,52.0,1151.4186046511627,0.0,68.0,1.0,0.0,0.0,0.0,0.0,0.0,2.2231333333333336,0.18040542999599665,0.022200385777195474,0.07972794287792138,0.19235893028329643,0.3715323460381475,0.35574939671415823,,,,,,,0.0,0.18040542999599665,0.022200385777195474,0.07972794287792138,0.19235893028329643,0.3715323460381475,0.35574939671415823,ATL-MHK,0
2025,1,ATL,MIA,225.141708164447,11439.0,597.0460335842502,231411.0,290232.0,1623.0,1634.0,6.0,18.531795511221944,0.020195838433292534,0.24785801713586292,2.2231333333333336,0.18040542999599665,0.022200385777195474,0.07972794287792138,0.19235893028329643,0.3715323460381475,0.35574939671415823,,,,,,,0.797331100636732,0.18040542999599665,0.022200385777195474,0.07972794287792138,0.19235893028329643,0.3715323460381475,0.35574939671415823,ATL-MIA,0
2025,1,ATL,MKE,262.06294690265486,2058.0,696.6982300884956,69554.0,93186.0,552.0,558.0,2.0,7.998171846435101,0.021505376344086023,0.1989247311827957,2.2231333333333336,0.18040542999599665,0.022200385777195474,0.07972794287792138,0.19235893028329643,0.3715323460381475,0.35574939671415823,,,,,,,0.7463996737707381,0.18040542999599665,0.022200385777195474,0.07972794287792138,0.19235893028329643,0.3715323460381475,0.35574939671415823,ATL-MKE,0
2025,1,ATL,MLB,278.0850290697674,587.0,444.6337209302326,30202.0,35133.0,319.0,329.0,1.0,12.077881619937695,0.0243161094224924,0.2006079027355623,2.2231333333333336,0.18040542999599665,0.022200385777195474,0.07972794287792138,0.19235893028329643,0.3715323460381475,0.35574939671415823,,,,,,,0.8596476247402727,0.18040542999599665,0.022200385777195474,0.07972794287792138,0.19235893028329643,0.3715323460381475,0.35574939671415823,ATL-MLB,1
2025,1,ATL,MLI,296.187802690583,304.0,644.103139013453,10834.0,13212.0,177.0,180.0,1.0,1.265536723163842,0.016666666666666666,0.14444444444444443,2.2231333333333336,0.18040542999599665,0.022200385777195474,0.07972794287792138,0.19235893028329643,0.3715323460381475,0.35574939671415823,,,,,,,0.8200121102028459,0.18040542999599665,0.022200385777195474,0.07972794287792138,0.19235893028329643,0.3715323460381475,0.35574939671415823,ATL-MLI,1
2025,1,ATL,MLU,298.74364285714285,176.0,462.6714285714286,11513.0,17576.0,246.0,253.0,1.0,10.461847389558233,0.019762845849802372,0.2015810276679842,2.2231333333333336,0.18040542999599665,0.022200385777195474,0.07972794287792138,0.19235893028329643,0.3715323460381475,0.35574939671415823,,,,,,,0.6550409649522075,0.18040542999599665,0.022200385777195474,0.07972794287792138,0.19235893028329643,0.3715323460381475,0.35574939671415823,ATL-MLU,0
2025,1,ATL,MOB,296.533691588785,260.0,303.0841121495327,29060.0,35414.0,471.0,491.0,3.0,8.285412262156449,0.038696537678207736,0.20162932790224034,2.2231333333333336,0.18040542999599665,0.022200385777195474,0.07972794287792138,0.19235893028329643,0.3715323460381475,0.35574939671415823,,,,,,,0.820579431863105,0.18040542999599665,0.022200385777195474,0.07972794287792138,0.19235893028329643,0.3715323460381475,0.35574939671415823,ATL-MOB,1
2025,1,ATL,MSN,340.33771844660197,553.0,737.8252427184466,23526.0,27153.0,249.0,254.0,2.0,8.8714859437751,0.01968503937007874,0.19291338582677164,2.2231333333333336,0.18040542999599665,0.022200385777195474,0.07972794287792138,0.19235893028329643,0.3715323460381475,0.35574939671415823,,,,,,,0.8664235996022539,0.18040542999599665,0.022200385777195474,0.07972794287792138,0.19235893028329643,0.3715323460381475,0.35574939671415823,ATL-MSN,1
2025,1,ATL,MSP,309.3516500453309,4819.0,966.8458748866727,137067.0,167885.0,862.0,852.0,3.0,11.132701421800947,0.011737089201877934,0.22417840375586853,2.2231333333333336,0.18040542999599665,0.022200385777195474,0.07972794287792138,0.19235893028329643,0.3715323460381475,0.35574939671415823,,,,,,,0.8164338684218364,0.18040542999599665,0.022200385777195474,0.07972794287792138,0.19235893028329643,0.3715323460381475,0.35574939671415823,ATL-MSP,1
2025,1,ATL,MSY,225.61807194244605,4855.0,442.789448441247,155903.0,210708.0,1134.0,1164.0,3.0,14.487432675044884,0.0429553264604811,0.2422680412371134,2.2231333333333336,0.18040542999599665,0.022200385777195474,0.07972794287792138,0.19235893028329643,0.3715323460381475,0.35574939671415823,,,,,,,0.7399007156823662,0.18040542999599665,0.022200385777195474,0.07972794287792138,0.19235893028329643,0.3715323460381475,0.35574939671415823,ATL-MSY,0
2025,1,ATL,MTJ,408.4998122065728,412.0,1374.868544600939,9093.0,12929.0,81.0,83.0,1.0,8.0,0.024096385542168676,0.1566265060240964,2.2231333333333336,0.18040542999599665,0.022200385777195474,0.07972794287792138,0.19235893028329643,0.3715323460381475,0.35574939671415823,,,,,,,0.7033026529507309,0.18040542999599665,0.022200385777195474,0.07972794287792138,0.19235893028329643,0.3715323460381475,0.35574939671415823,ATL-MTJ,0
2025,1,ATL,MYR,256.2956418918919,447.0,319.51013513513516,31416.0,38025.0,319.0,328.0,1.0,10.322981366459627,0.018292682926829267,0.19817073170731708,2.2231333333333336,0.18040542999599665,0.022200385777195474,0.07972794287792138,0.19235893028329643,0.3715323460381475,0.35574939671415823,,,,,,,0.8261932938856016,0.18040542999599665,0.022200385777195474,0.07972794287792138,0.19235893028329643,0.3715323460381475,0.35574939671415823,ATL-MYR,1
2025,1,ATL,OAJ,235.08112582781456,237.0,400.3112582781457,16392.0,23704.0,317.0,328.0,1.0,8.172413793103448,0.027439024390243903,0.16463414634146342,2.2231333333333336,0.18040542999599665,0.022200385777195474,0.07972794287792138,0.19235893028329643,0.3715323460381475,0.35574939671415823,,,,,,,0.6915288558893014,0.18040542999599665,0.022200385777195474,0.07972794287792138,0.19235893028329643,0.3715323460381475,0.35574939671415823,ATL-OAJ,0
2025,1,ATL,OAK,245.05626404494382,808.0,2222.3314606741574,66.0,216.0,2.0,0.0,0.0,0.0,0.0,0.0,2.2231333333333336,0.18040542999599665,0.022200385777195474,0.07972794287792138,0.19235893028329643,0.3715323460381475,0.35574939671415823,,,,,,,0.3055555555555556,0.18040542999599665,0.022200385777195474,0.07972794287792138,0.19235893028329643,0.3715323460381475,0.35574939671415823,ATL-OAK,0
2025,1,ATL,OGG,739.1472033898305,284.0,4513.987288135593,13308.0,15257.0,71.0,72.0,1.0,11.402777777777779,0.013888888888888888,0.16666666666666666,2.2231333333333336,0.18040542999599665,0.022200385777195474,0.07972794287792138,0.19235893028329643,0.3715323460381475,0.35574939671415823,,,,,,,0.8722553581962378,0.18040542999599665,0.022200385777195474,0.07972794287792138,0.19235893028329643,0.3715323460381475,0.35574939671415823,ATL-OGG,1
2025,1,ATL,OKC,294.9421303841676,1280.0,844.7066356228172,45870.0,59339.0,455.0,458.0,2.0,9.984409799554566,0.019650655021834062,0.20305676855895197,2.2231333333333336,0.18040542999599665,0.022200385777195474,0.07972794287792138,0.19235893028329643,0.3715323460381475,0.35574939671415823,,,,,,,0.7730160602639073,0.18040542999599665,0.022200385777195474,0.07972794287792138,0.19235893028329643,0.3715323460381475,0.35574939671415823,ATL-OKC,0
2025,1,ATL,OMA,286.7621256684492,1178.0,889.1350267379679,47064.0,58743.0,452.0,458.0,2.0,11.789356984478935,0.017467248908296942,0.18340611353711792,2.2231333333333336,0.18040542999599665,0.022200385777195474,0.07972794287792138,0.19235893028329643,0.3715323460381475,0.35574939671415823,,,,,,,0.8011848220213472,0.18040542999599665,0.022200385777195474,0.07972794287792138,0.19235893028329643,0.3715323460381475,0.35574939671415823,ATL-OMA,1
2025,1,ATL,ONT,357.57700985761227,2548.0,1952.8521358159912,56676.0,67930.0,358.0,184.0,1.0,8.681564245810057,0.02717391304347826,0.18478260869565216,2.2231333333333336,0.18040542999599665,0.022200385777195474,0.07972794287792138,0.19235893028329643,0.3715323460381475,0.35574939671415823,,,,,,,0.8343294567937583,0.18040542999599665,0.022200385777195474,0.07972794287792138,0.19235893028329643,0.3715323460381475,0.35574939671415823,ATL-ONT,1
2025,1,ATL,ORD,241.78285272117617,9839.0,617.7338148052618,155606.0,195547.0,1279.0,1298.0,7.0,11.10062893081761,0.020030816640986132,0.17873651771956856,2.2231333333333336,0.18040542999599665,0.022200385777195474,0.07972794287792138,0.19235893028329643,0.3715323460381475,0.35574939671415823,,,,,,,0.7957473139449851,0.18040542999599665,0.022200385777195474,0.07972794287792138,0.19235893028329643,0.3715323460381475,0.35574939671415823,ATL-ORD,0
2025,1,ATL,ORF,236.85247046186896,1860.0,545.3018259935553,91046.0,112433.0,601.0,612.0,2.0,13.825291181364392,0.017973856209150325,0.21895424836601307,2.2231333333333336,0.18040542999599665,0.022200385777195474,0.07972794287792138,0.19235893028329643,0.3715323460381475,0.35574939671415823,,,,,,,0.8097800467834176,0.18040542999599665,0.022200385777195474,0.07972794287792138,0.19235893028329643,0.3715323460381475,0.35574939671415823,ATL-ORF,1
2025,1,ATL,PBI,278.08230113636364,3832.0,550.6676136363636,147096.0,178135.0,943.0,957.0,2.0,15.912169312169311,0.014629049111807733,0.26750261233019856,2.2231333333333336,0.18040542999599665,0.022200385777195474,0.07972794287792138,0.19235893028329643,0.3715323460381475,0.35574939671415823,,,,,,,0.8257557470457799,0.18040542999599665,0.022200385777195474,0.07972794287792138,0.19235893028329643,0.3715323460381475,0.35574939671415823,ATL-PBI,1
2025,1,ATL,PDX,329.8212490537472,1778.0,2288.3974261922785,39438.0,45202.0,251.0,253.0,2.0,8.523809523809524,0.003952569169960474,0.16205533596837945,2.2231333333333336,0.18040542999599665,0.022200385777195474,0.07972794287792138,0.19235893028329643,0.3715323460381475,0.35574939671415823,,,,,,,0.8724835184283881,0.18040542999599665,0.022200385777195474,0.07972794287792138,0.19235893028329643,0.3715323460381475,0.35574939671415823,ATL-PDX,1
2025,1,ATL,PHL,219.25647026279393,9465.0,671.7734439834024,165253.0,211638.0,1316.0,1300.0,6.0,16.159431728492503,0.026153846153846153,0.24615384615384617,2.2231333333333336,0.18040542999599665,0.022200385777195474,0.07972794287792138,0.19235893028329643,0.3715323460381475,0.35574939671415823,,,,,,,0.7808285846587096,0.18040542999599665,0.022200385777195474,0.07972794287792138,0.19235893028329643,0.3715323460381475,0.35574939671415823,ATL-PHL,0
2025,1,ATL,PHX,324.9683890247215,7197.0,1636.1024178212442,148490.0,176205.0,885.0,893.0,4.0,13.697278911564625,0.013437849944008958,0.1959686450167973,2.2231333333333336,0.18040542999599665,0.022200385777195474,0.07972794287792138,0.19235893028329643,0.3715323460381475,0.35574939671415823,,,,,,,0.8427116143128742,0.18040542999599665,0.022200385777195474,0.07972794287792138,0.19235893028329643,0.3715323460381475,0.35574939671415823,ATL-PHX,1
2025,1,ATL,PIT,253.52962886597936,2848.0,563.6144329896907,81469.0,110267.0,641.0,649.0,2.0,8.4765625,0.015408320493066256,0.16486902927580893,2.2231333333333336,0.18040542999599665,0.022200385777195474,0.07972794287792138,0.19235893028329643,0.3715323460381475,0.35574939671415823,,,,,,,0.7388339213001169,0.18040542999599665,0.022200385777195474,0.07972794287792138,0.19235893028329643,0.3715323460381475,0.35574939671415823,ATL-PIT,0
2025,1,ATL,PNS,253.53935103244837,570.0,277.35693215339234,75951.0,89977.0,571.0,592.0,2.0,6.788830715532286,0.037162162162162164,0.17398648648648649,2.2231333333333336,0.18040542999599665,0.022200385777195474,0.07972794287792138,0.19235893028329643,0.3715323460381475,0.35574939671415823,,,,,,,0.8441157184613846,0.18040542999599665,0.022200385777195474,0.07972794287792138,0.19235893028329643,0.3715323460381475,0.35574939671415823,ATL-PNS,1
2025,1,ATL,PSP,442.31263788968823,1228.0,1902.074340527578,27118.0,32146.0,178.0,90.0,1.0,2.842696629213483,0.011111111111111112,0.15555555555555556,2.2231333333333336,0.18040542999599665,0.022200385777195474,0.07972794287792138,0.19235893028329643,0.3715323460381475,0.35574939671415823,,,,,,,0.8435886268898152,0.18040542999599665,0.022200385777195474,0.07972794287792138,0.19235893028329643,0.3715323460381475,0.35574939671415823,ATL-PSP,1
2025,1,ATL,PVD,327.9375517890772,877.0,919.5122410546139,31895.0,38178.0,239.0,246.0,1.0,16.725,0.024390243902439025,0.3008130081300813,2.2231333333333336,0.18040542999599665,0.022200385777195474,0.07972794287792138,0.19235893028329643,0.3715323460381475,0.35574939671415823,,,,,,,0.8354287809733354,0.18040542999599665,0.022200385777195474,0.07972794287792138,0.19235893028329643,0.3715323460381475,0.35574939671415823,ATL-PVD,1
2025,1,ATL,PWM,337.6192328767123,405.0,1068.7232876712328,13362.0,16047.0,89.0,90.0,1.0,2.202247191011236,0.011111111111111112,0.13333333333333333,2.2231333333333336,0.18040542999599665,0.022200385777195474,0.07972794287792138,0.19235893028329643,0.3715323460381475,0.35574939671415823,,,,,,,0.8326790054215741,0.18040542999599665,0.022200385777195474,0.07972794287792138,0.19235893028329643,0.3715323460381475,0.35574939671415823,ATL-PWM,1
2025,1,ATL,RDU,225.1037083993661,4539.0,365.675118858954,144188.0,187637.0,1046.0,1056.0,3.0,10.357762777242044,0.017992424242424244,0.20454545454545456,2.2231333333333336,0.18040542999599665,0.022200385777195474,0.07972794287792138,0.19235893028329643,0.3715323460381475,0.35574939671415823,,,,,,,0.7684411923021579,0.18040542999599665,0.022200385777195474,0.07972794287792138,0.19235893028329643,0.3715323460381475,0.35574939671415823,ATL-RDU,0
2025,1,ATL,RIC,238.57703550784473,2428.0,495.5590421139554,98810.0,120252.0,667.0,675.0,2.0,10.983433734939759,0.016296296296296295,0.19555555555555557,2.2231333333333336,0.18040542999599665,0.022200385777195474,0.07972794287792138,0.19235893028329643,0.3715323460381475,0.35574939671415823,,,,,,,0.8216911153244852,0.18040542999599665,0.022200385777195474,0.07972794287792138,0.19235893028329643,0.3715323460381475,0.35574939671415823,ATL-RIC,1
2025,1,ATL,RNO,352.8261158432709,787.0,2080.0766609880748,11890.0,13561.0,75.0,77.0,1.0,15.513157894736842,0.012987012987012988,0.2597402597402597,2.2231333333333336,0.18040542999599665,0.022200385777195474,0.07972794287792138,0.19235893028329643,0.3715323460381475,0.35574939671415823,,,,,,,0.8767789985989234,0.18040542999599665,0.022200385777195474,0.07972794287792138,0.19235893028329643,0.3715323460381475,0.35574939671415823,ATL-RNO,1
2025,1,ATL,ROA,271.65445283018863,346.0,365.1320754716981,24449.0,29049.0,318.0,331.0,2.0,12.398148148148149,0.02416918429003021,0.22356495468277945,2.2231333333333336,0.18040542999599665,0.022200385777195474,0.07972794287792138,0.19235893028329643,0.3715323460381475,0.35574939671415823,,,,,,,0.8416468725257323,0.18040542999599665,0.022200385777195474,0.07972794287792138,0.19235893028329643,0.3715323460381475,0.35574939671415823,ATL-ROA,1
2025,1,ATL,ROC,282.3638169642857,761.0,801.8526785714286,31607.0,39249.0,251.0,252.0,1.0,16.95219123505976,0.003968253968253968,0.2698412698412698,2.2231333333333336,0.18040542999599665,0.022200385777195474,0.07972794287792138,0.19235893028329643,0.3715323460381475,0.35574939671415823,,,,,,,0.8052944024051568,0.18040542999599665,0.022200385777195474,0.07972794287792138,0.19235893028329643,0.3715323460381475,0.35574939671415823,ATL-ROC,1
2025,1,ATL,RSW,257.2188958990536,3028.0,518.5394321766562,129316.0,154808.0,834.0,849.0,2.0,12.299760191846524,0.0176678445229682,0.23557126030624265,2.2231333333333336,0.18040542999599665,0.022200385777195474,0.07972794287792138,0.19235893028329643,0.3715323460381475,0.35574939671415823,,,,,,,0.8353315074156374,0.18040542999599665,0.022200385777195474,0.07972794287792138,0.19235893028329643,0.3715323460381475,0.35574939671415823,ATL-RSW,1
2025,1,ATL,SAN,349.004669169404,7890.0,1943.6663538244954,169000.0,207784.0,1078.0,519.0,3.0,12.813229571984436,0.009633911368015413,0.24470134874759153,2.2231333333333336,0.18040542999599665,0.022200385777195474,0.07972794287792138,0.19235893028329643,0.3715323460381475,0.35574939671415823,0.20884454631252528,0.010516381286234326,0.06662806664762747,0.26037408113045896,0.37705046300462025,0.2940969356018669,0.813344627112771,0.19462498815426096,0.0163583835317149,0.07317800476277442,0.2263665057068777,0.3742914045213839,0.32492316615801253,ATL-SAN,1
2025,1,ATL,SAT,281.0419821542384,6052.0,912.1880178457616,179064.0,225294.0,1288.0,650.0,2.0,11.5265625,0.015384615384615385,0.22153846153846155,2.2231333333333336,0.18040542999599665,0.022200385777195474,0.07972794287792138,0.19235893028329643,0.3715323460381475,0.35574939671415823,,,,,,,0.7948014594263496,0.18040542999599665,0.022200385777195474,0.07972794287792138,0.19235893028329643,0.3715323460381475,0.35574939671415823,ATL-SAT,0
2025,1,ATL,SAV,268.43588807785886,731.0,216.73722627737226,87859.0,105259.0,650.0,674.0,1.0,6.1234567901234565,0.03857566765578635,0.17359050445103857,2.2231333333333336,0.18040542999599665,0.022200385777195474,0.07972794287792138,0.19235893028329643,0.3715323460381475,0.35574939671415823,,,,,,,0.8346934703920805,0.18040542999599665,0.022200385777195474,0.07972794287792138,0.19235893028329643,0.3715323460381475,0.35574939671415823,ATL-SAV,1
2025,1,ATL,SBA,417.0291443850267,406.0,2079.085561497326,16860.0,22616.0,174.0,90.0,1.0,28.089887640449437,0.022222222222222223,0.23333333333333334,2.2231333333333336,0.18040542999599665,0.022200385777195474,0.07972794287792138,0.19235893028329643,0.3715323460381475,0.35574939671415823,,,,,,,0.7454899186416696,0.18040542999599665,0.022200385777195474,0.07972794287792138,0.19235893028329643,0.3715323460381475,0.35574939671415823,ATL-SBA,0
2025,1,ATL,SBN,371.1038227146815,478.0,596.0027700831025,17378.0,21580.0,274.0,262.0,3.0,21.53846153846154,0.007633587786259542,0.22137404580152673,2.2231333333333336,0.18040542999599665,0.022200385777195474,0.07972794287792138,0.19235893028329643,0.3715323460381475,0.35574939671415823,,,,,,,0.8052826691380909,0.18040542999599665,0.022200385777195474,0.07972794287792138,0.19235893028329643,0.3715323460381475,0.35574939671415823,ATL-SBN,1
2025,1,ATL,SDF,242.09945725915873,1334.0,341.4843962008141,74936.0,97616.0,825.0,653.0,2.0,6.2932917316692665,0.019908116385911178,0.15926493108728942,2.2231333333333336,0.18040542999599665,0.022200385777195474,0.07972794287792138,0.19235893028329643,0.3715323460381475,0.35574939671415823,,,,,,,0.7676610391739059,0.18040542999599665,0.022200385777195474,0.07972794287792138,0.19235893028329643,0.3715323460381475,0.35574939671415823,ATL-SDF,0
2025,1,ATL,SEA,369.95947368421054,4329.0,2272.088066701407,103628.0,115546.0,616.0,622.0,2.0,16.480582524271846,0.011254019292604502,0.2427652733118971,2.2231333333333336,0.18040542999599665,0.022200385777195474,0.07972794287792138,0.19235893028329643,0.3715323460381475,0.35574939671415823,,,,,,,0.896854932234781,0.18040542999599665,0.022200385777195474,0.07972794287792138,0.19235893028329643,0.3715323460381475,0.35574939671415823,ATL-SEA,1
2025,1,ATL,SFO,386.93965528350515,12168.0,2177.379832474227,208296.0,238812.0,1306.0,661.0,3.0,16.149847094801224,0.01059001512859304,0.25718608169440244,2.2231333333333336,0.18040542999599665,0.022200385777195474,0.07972794287792138,0.19235893028329643,0.3715323460381475,0.35574939671415823,0.22080340516094707,0.00951789778605421,0.04750395680104273,0.43247928498277627,0.2687235825342147,0.25053346988176145,0.8722174765087182,0.20060441757847186,0.01585914178162484,0.06361594983948206,0.3124191076330364,0.32012796428618107,0.30314143329795984,ATL-SFO,1
2025,1,ATL,SGF,313.95718954248366,406.0,603.2124183006536,17621.0,20477.0,270.0,277.0,1.0,7.4037037037037035,0.02888086642599278,0.19133574007220217,2.2231333333333336,0.18040542999599665,0.022200385777195474,0.07972794287792138,0.19235893028329643,0.3715323460381475,0.35574939671415823,,,,,,,0.8605264443033648,0.18040542999599665,0.022200385777195474,0.07972794287792138,0.19235893028329643,0.3715323460381475,0.35574939671415823,ATL-SGF,1
2025,1,ATL,SHV,310.2165306122449,343.0,571.7591836734694,21755.0,30623.0,406.0,413.0,2.0,5.795061728395062,0.01937046004842615,0.162227602905569,2.2231333333333336,0.18040542999599665,0.022200385777195474,0.07972794287792138,0.19235893028329643,0.3715323460381475,0.35574939671415823,,,,,,,0.7104137413055547,0.18040542999599665,0.022200385777195474,0.07972794287792138,0.19235893028329643,0.3715323460381475,0.35574939671415823,ATL-SHV,0
2025,1,ATL,SJC,399.92146082337314,2012.0,2172.131474103586,46984.0,60108.0,334.0,169.0,1.0,10.203592814371257,0.011834319526627219,0.16568047337278108,2.2231333333333336,0.18040542999599665,0.022200385777195474,0.07972794287792138,0.19235893028329643,0.3715323460381475,0.35574939671415823,,,,,,,0.7816596792440275,0.18040542999599665,0.022200385777195474,0.07972794287792138,0.19235893028329643,0.3715323460381475,0.35574939671415823,ATL-SJC,0
2025,1,ATL,SJU,270.1266727828746,4191.0,1604.622018348624,99761.0,111889.0,562.0,567.0,3.0,16.044563279857396,0.014109347442680775,0.21693121693121692,2.2231333333333336,0.18040542999599665,0.022200385777195474,0.07972794287792138,0.19235893028329643,0.3715323460381475,0.35574939671415823,,,,,,,0.8916068603705458,0.18040542999599665,0.022200385777195474,0.07972794287792138,0.19235893028329643,0.3715323460381475,0.35574939671415823,ATL-SJU,1
2025,1,ATL,SLC,444.6136660079052,4365.0,1717.181324110672,124780.0,141491.0,740.0,730.0,1.0,10.946132596685082,0.010958904109589041,0.2,2.2231333333333336,0.18040542999599665,0.022200385777195474,0.07972794287792138,0.19235893028329643,0.3715323460381475,0.35574939671415823,,,,,,,0.8818935479995194,0.18040542999599665,0.022200385777195474,0.07972794287792138,0.19235893028329643,0.3715323460381475,0.35574939671415823,ATL-SLC,1
2025,1,ATL,SLN,239.125,4.0,1294.0,0.0,0.0,0.0,0.0,0.0,0.0,0.0,0.0,2.2231333333333336,0.18040542999599665,0.022200385777195474,0.07972794287792138,0.19235893028329643,0.3715323460381475,0.35574939671415823,,,,,,,,0.18040542999599665,0.022200385777195474,0.07972794287792138,0.19235893028329643,0.3715323460381475,0.35574939671415823,ATL-SLN,0
2025,1,ATL,SMF,356.9478727445394,2962.0,2188.2070275403607,73104.0,88170.0,490.0,246.0,1.0,11.35655737704918,0.008130081300813009,0.18292682926829268,2.2231333333333336,0.18040542999599665,0.022200385777195474,0.07972794287792138,0.19235893028329643,0.3715323460381475,0.35574939671415823,,,,,,,0.8291255529091528,0.18040542999599665,0.022200385777195474,0.07972794287792138,0.19235893028329643,0.3715323460381475,0.35574939671415823,ATL-SMF,1
2025,1,ATL,SNA,487.33391666666665,3134.0,1955.659375,65048.0,74496.0,442.0,226.0,1.0,15.075892857142858,0.008849557522123894,0.19911504424778761,2.2231333333333336,0.18040542999599665,0.022200385777195474,0.07972794287792138,0.19235893028329643,0.3715323460381475,0.35574939671415823,,,,,,,0.8731743986254296,0.18040542999599665,0.022200385777195474,0.07972794287792138,0.19235893028329643,0.3715323460381475,0.35574939671415823,ATL-SNA,1
2025,1,ATL,SRQ,230.83505470459517,1960.0,448.3468271334792,86418.0,109219.0,627.0,633.0,2.0,9.619808306709265,0.011058451816745656,0.20221169036334913,2.2231333333333336,0.18040542999599665,0.022200385777195474,0.07972794287792138,0.19235893028329643,0.3715323460381475,0.35574939671415823,,,,,,,0.791235957113689,0.18040542999599665,0.022200385777195474,0.07972794287792138,0.19235893028329643,0.3715323460381475,0.35574939671415823,ATL-SRQ,0
2025,1,ATL,STL,246.46176652254476,3455.0,500.0815318097591,95876.0,129006.0,769.0,786.0,2.0,8.075422626788036,0.022900763358778626,0.1743002544529262,2.2231333333333336,0.18040542999599665,0.022200385777195474,0.07972794287792138,0.19235893028329643,0.3715323460381475,0.35574939671415823,,,,,,,0.74319023921368,0.18040542999599665,0.022200385777195474,0.07972794287792138,0.19235893028329643,0.3715323460381475,0.35574939671415823,ATL-STL,0
2025,1,ATL,STT,465.7551991614256,855.0,1628.8490566037735,34084.0,38592.0,194.0,197.0,1.0,11.076142131979696,0.005076142131979695,0.2131979695431472,2.2231333333333336,0.18040542999599665,0.022200385777195474,0.07972794287792138,0.19235893028329643,0.3715323460381475,0.35574939671415823,,,,,,,0.8831882255389718,0.18040542999599665,0.022200385777195474,0.07972794287792138,0.19235893028329643,0.3715323460381475,0.35574939671415823,ATL-STT,1
2025,1,ATL,STX,386.37256410256407,251.0,1667.825641025641,10859.0,12159.0,76.0,77.0,1.0,12.723684210526315,0.012987012987012988,0.22077922077922077,2.2231333333333336,0.18040542999599665,0.022200385777195474,0.07972794287792138,0.19235893028329643,0.3715323460381475,0.35574939671415823,,,,,,,0.8930833127724319,0.18040542999599665,0.022200385777195474,0.07972794287792138,0.19235893028329643,0.3715323460381475,0.35574939671415823,ATL-STX,1
2025,1,ATL,SYR,301.8612008733624,799.0,837.0043668122271,34547.0,40991.0,251.0,252.0,1.0,9.353413654618475,0.011904761904761904,0.25793650793650796,2.2231333333333336,0.18040542999599665,0.022200385777195474,0.07972794287792138,0.19235893028329643,0.3715323460381475,0.35574939671415823,,,,,,,0.8427947598253275,0.18040542999599665,0.022200385777195474,0.07972794287792138,0.19235893028329643,0.3715323460381475,0.35574939671415823,ATL-SYR,1
2025,1,ATL,TLH,274.5247328244275,328.0,223.0,42522.0,57114.0,537.0,550.0,2.0,7.932584269662922,0.02909090909090909,0.16,2.2231333333333336,0.18040542999599665,0.022200385777195474,0.07972794287792138,0.19235893028329643,0.3715323460381475,0.35574939671415823,,,,,,,0.7445109780439122,0.18040542999599665,0.022200385777195474,0.07972794287792138,0.19235893028329643,0.3715323460381475,0.35574939671415823,ATL-TLH,0
2025,1,ATL,TPA,203.79274041937816,8833.0,415.1691973969631,235403.0,299515.0,1547.0,1567.0,4.0,16.223598435462844,0.021059349074664963,0.2603701340140396,2.2231333333333336,0.18040542999599665,0.022200385777195474,0.07972794287792138,0.19235893028329643,0.3715323460381475,0.35574939671415823,,,,,,,0.7859472814383253,0.18040542999599665,0.022200385777195474,0.07972794287792138,0.19235893028329643,0.3715323460381475,0.35574939671415823,ATL-TPA,0
2025,1,ATL,TRI,242.23397849462364,111.0,229.80645161290323,21292.0,30449.0,409.0,417.0,1.0,2.73838630806846,0.019184652278177457,0.12470023980815348,2.2231333333333336,0.18040542999599665,0.022200385777195474,0.07972794287792138,0.19235893028329643,0.3715323460381475,0.35574939671415823,,,,,,,0.6992676278367106,0.18040542999599665,0.022200385777195474,0.07972794287792138,0.19235893028329643,0.3715323460381475,0.35574939671415823,ATL-TRI,0
2025,1,ATL,TTN,124.61904761904762,32.0,932.0952380952381,231.0,372.0,2.0,2.0,1.0,96.5,0.0,0.5,2.2231333333333336,0.18040542999599665,0.022200385777195474,0.07972794287792138,0.19235893028329643,0.3715323460381475,0.35574939671415823,,,,,,,0.6209677419354839,0.18040542999599665,0.022200385777195474,0.07972794287792138,0.19235893028329643,0.3715323460381475,0.35574939671415823,ATL-TTN,0
2025,1,ATL,TUL,315.79102473498233,793.0,762.7968197879859,28622.0,35356.0,325.0,333.0,2.0,13.339506172839506,0.02702702702702703,0.2072072072072072,2.2231333333333336,0.18040542999599665,0.022200385777195474,0.07972794287792138,0.19235893028329643,0.3715323460381475,0.35574939671415823,,,,,,,0.8095372779726213,0.18040542999599665,0.022200385777195474,0.07972794287792138,0.19235893028329643,0.3715323460381475,0.35574939671415823,ATL-TUL,1
2025,1,ATL,TUS,398.56058558558556,741.0,1606.972972972973,33883.0,41630.0,232.0,231.0,1.0,8.864035087719298,0.012987012987012988,0.16883116883116883,2.2231333333333336,0.18040542999599665,0.022200385777195474,0.07972794287792138,0.19235893028329643,0.3715323460381475,0.35574939671415823,,,,,,,0.8139082392505405,0.18040542999599665,0.022200385777195474,0.07972794287792138,0.19235893028329643,0.3715323460381475,0.35574939671415823,ATL-TUS,1
2025,1,ATL,TYS,318.89111801242234,189.0,152.0,54437.0,65142.0,686.0,683.0,2.0,7.193740685543964,0.017569546120058566,0.1683748169838946,2.2231333333333336,0.18040542999599665,0.022200385777195474,0.07972794287792138,0.19235893028329643,0.3715323460381475,0.35574939671415823,,,,,,,0.835666697368825,0.18040542999599665,0.022200385777195474,0.07972794287792138,0.19235893028329643,0.3715323460381475,0.35574939671415823,ATL-TYS,1
2025,1,ATL,VLD,247.43186046511627,48.0,208.0,11652.0,16792.0,239.0,250.0,1.0,9.575,0.04,0.176,2.2231333333333336,0.18040542999599665,0.022200385777195474,0.07972794287792138,0.19235893028329643,0.3715323460381475,0.35574939671415823,,,,,,,0.6939018580276322,0.18040542999599665,0.022200385777195474,0.07972794287792138,0.19235893028329643,0.3715323460381475,0.35574939671415823,ATL-VLD,0
2025,1,ATL,VPS,245.95036585365855,346.0,251.2520325203252,53245.0,66306.0,484.0,504.0,1.0,6.509278350515464,0.037698412698412696,0.15873015873015872,2.2231333333333336,0.18040542999599665,0.022200385777195474,0.07972794287792138,0.19235893028329643,0.3715323460381475,0.35574939671415823,,,,,,,0.803019334600187,0.18040542999599665,0.022200385777195474,0.07972794287792138,0.19235893028329643,0.3715323460381475,0.35574939671415823,ATL-VPS,1
2025,1,ATL,XNA,345.6678066914498,823.0,639.5910780669145,32294.0,39655.0,523.0,537.0,1.0,12.262857142857143,0.0260707635009311,0.1750465549348231,2.2231333333333336,0.18040542999599665,0.022200385777195474,0.07972794287792138,0.19235893028329643,0.3715323460381475,0.35574939671415823,,,,,,,0.8143739755390241,0.18040542999599665,0.022200385777195474,0.07972794287792138,0.19235893028329643,0.3715323460381475,0.35574939671415823,ATL-XNA,1
2025,1,ATL,YKM,449.6875,8.0,2286.25,160.0,180.0,1.0,0.0,0.0,0.0,0.0,0.0,2.2231333333333336,0.18040542999599665,0.022200385777195474,0.07972794287792138,0.19235893028329643,0.3715323460381475,0.35574939671415823,,,,,,,0.8888888888888888,0.18040542999599665,0.022200385777195474,0.07972794287792138,0.19235893028329643,0.3715323460381475,0.35574939671415823,ATL-YKM,1
2025,1,ATW,ATL,342.57899521531095,222.0,851.7224880382776,6846.0,7529.0,88.0,92.0,2.0,19.443181818181817,0.043478260869565216,0.15217391304347827,2.2231333333333336,,,,,,,0.18040542999599665,0.022200385777195474,0.07972794287792138,0.19235893028329643,0.3715323460381475,0.35574939671415823,0.9092841014742994,0.18040542999599665,0.022200385777195474,0.07972794287792138,0.19235893028329643,0.3715323460381475,0.35574939671415823,ATW-ATL,1
2025,1,ATW,DFW,350.64981412639406,298.0,998.1338289962825,5786.0,6764.0,89.0,90.0,1.0,13.0,0.011111111111111112,0.17777777777777778,2.2231333333333336,,,,,,,0.2062396282774643,0.03747759707932293,0.10718704340430481,0.1903530643250198,0.3470410781655484,0.3542601059847202,0.855410999408634,0.2062396282774643,0.03747759707932293,0.10718704340430481,0.1903530643250198,0.3470410781655484,0.3542601059847202,ATW-DFW,1
2025,1,ATW,FAT,290.525,14.0,2061.8571428571427,1.0,50.0,1.0,0.0,0.0,0.0,0.0,0.0,2.2231333333333336,,,,,,,,,,,,,0.02,,,,,,,ATW-FAT,0
2025,1,ATW,SAV,143.34401129943504,250.0,951.6214689265537,1939.0,2292.0,14.0,14.0,1.0,1.6428571428571428,0.0,0.21428571428571427,2.2231333333333336,,,,,,,,,,,,,0.8459860383944153,,,,,,,ATW-SAV,1
2025,1,AUS,ABI,429.7142857142857,7.0,348.0,0.0,186.0,5.0,0.0,0.0,0.0,0.0,0.0,2.2231333333333336,0.18066105522479983,0.012779716690617943,0.0655739832334086,0.16405824184380596,0.40716516563281335,0.3620476351146755,,,,,,,0.0,0.18066105522479983,0.012779716690617943,0.0655739832334086,0.16405824184380596,0.40716516563281335,0.3620476351146755,AUS-ABI,0
2025,1,AUS,ABQ,234.8625945945946,1302.0,690.5,16781.0,25666.0,158.0,158.0,1.0,4.227848101265823,0.0,0.17088607594936708,2.2231333333333336,0.18066105522479983,0.012779716690617943,0.0655739832334086,0.16405824184380596,0.40716516563281335,0.3620476351146755,,,,,,,0.6538221771994078,0.18066105522479983,0.012779716690617943,0.0655739832334086,0.16405824184380596,0.40716516563281335,0.3620476351146755,AUS-ABQ,0
2025,1,AUS,AMA,185.8465527065527,455.0,483.36467236467234,3396.0,6488.0,40.0,41.0,1.0,10.475,0.024390243902439025,0.1951219512195122,2.2231333333333336,0.18066105522479983,0.012779716690617943,0.0655739832334086,0.16405824184380596,0.40716516563281335,0.3620476351146755,,,,,,,0.5234278668310728,0.18066105522479983,0.012779716690617943,0.0655739832334086,0.16405824184380596,0.40716516563281335,0.3620476351146755,AUS-AMA,0
2025,1,AUS,ASE,431.4478515625,361.0,849.53515625,2745.0,5330.0,82.0,90.0,1.0,13.942528735632184,0.03333333333333333,0.24444444444444444,2.2231333333333336,0.18066105522479983,0.012779716690617943,0.0655739832334086,0.16405824184380596,0.40716516563281335,0.3620476351146755,,,,,,,0.5150093808630394,0.18066105522479983,0.012779716690617943,0.0655739832334086,0.16405824184380596,0.40716516563281335,0.3620476351146755,AUS-ASE,0
2025,1,AUS,ATL,268.3302401847575,10090.0,838.7450346420324,281524.0,361980.0,1992.0,1009.0,3.0,12.038345105953582,0.017839444995044598,0.14767096134786917,2.2231333333333336,0.18066105522479983,0.012779716690617943,0.0655739832334086,0.16405824184380596,0.40716516563281335,0.3620476351146755,0.18040542999599665,0.022200385777195474,0.07972794287792138,0.19235893028329643,0.3715323460381475,0.35574939671415823,0.7777335764406873,0.18053324261039824,0.01749005123390671,0.07265096305566499,0.1782085860635512,0.38934875583548045,0.3588985159144169,AUS-ATL,0
2025,1,AUS,AVL,166.41059016393444,436.0,996.3213114754099,3232.0,4275.0,27.0,27.0,1.0,12.62962962962963,0.0,0.1111111111111111,2.2231333333333336,0.18066105522479983,0.012779716690617943,0.0655739832334086,0.16405824184380596,0.40716516563281335,0.3620476351146755,,,,,,,0.7560233918128655,0.18066105522479983,0.012779716690617943,0.0655739832334086,0.16405824184380596,0.40716516563281335,0.3620476351146755,AUS-AVL,0
2025,1,AUS,BHM,260.86265550239233,474.0,868.1746411483253,101.0,180.0,1.0,0.0,0.0,0.0,0.0,0.0,2.2231333333333336,0.18066105522479983,0.012779716690617943,0.0655739832334086,0.16405824184380596,0.40716516563281335,0.3620476351146755,,,,,,,0.5611111111111111,0.18066105522479983,0.012779716690617943,0.0655739832334086,0.16405824184380596,0.40716516563281335,0.3620476351146755,AUS-BHM,0
2025,1,AUS,BMI,306.92238095238093,43.0,938.6428571428571,0.0,0.0,1.0,0.0,0.0,0.0,0.0,0.0,2.2231333333333336,0.18066105522479983,0.012779716690617943,0.0655739832334086,0.16405824184380596,0.40716516563281335,0.3620476351146755,,,,,,,,0.18066105522479983,0.012779716690617943,0.0655739832334086,0.16405824184380596,0.40716516563281335,0.3620476351146755,AUS-BMI,0
2025,1,AUS,BNA,211.44803841676367,3783.0,776.0727590221187,63477.0,93460.0,722.0,729.0,2.0,7.543175487465181,0.015089163237311385,0.15775034293552812,2.2231333333333336,0.18066105522479983,0.012779716690617943,0.0655739832334086,0.16405824184380596,0.40716516563281335,0.3620476351146755,,,,,,,0.6791889578429274,0.18066105522479983,0.012779716690617943,0.0655739832334086,0.16405824184380596,0.40716516563281335,0.3620476351146755,AUS-BNA,0
2025,1,AUS,BOI,263.48399548532734,474.0,1578.8216704288939,0.0,76.0,1.0,0.0,0.0,0.0,0.0,0.0,2.2231333333333336,0.18066105522479983,0.012779716690617943,0.0655739832334086,0.16405824184380596,0.40716516563281335,0.3620476351146755,,,,,,,0.0,0.18066105522479983,0.012779716690617943,0.0655739832334086,0.16405824184380596,0.40716516563281335,0.3620476351146755,AUS-BOI,0
2025,1,AUS,BOS,300.3758130434783,3961.0,1731.775652173913,29831.0,34815.0,284.0,287.0,3.0,26.021052631578947,0.010452961672473868,0.21951219512195122,2.2231333333333336,0.18066105522479983,0.012779716690617943,0.0655739832334086,0.16405824184380596,0.40716516563281335,0.3620476351146755,,,,,,,0.8568433146632198,0.18066105522479983,0.012779716690617943,0.0655739832334086,0.16405824184380596,0.40716516563281335,0.3620476351146755,AUS-BOS,1
2025,1,AUS,BTR,240.76449541284404,113.0,461.0642201834862,166.0,216.0,2.0,0.0,0.0,0.0,0.0,0.0,2.2231333333333336,0.18066105522479983,0.012779716690617943,0.0655739832334086,0.16405824184380596,0.40716516563281335,0.3620476351146755,,,,,,,0.7685185185185185,0.18066105522479983,0.012779716690617943,0.0655739832334086,0.16405824184380596,0.40716516563281335,0.3620476351146755,AUS-BTR,0
2025,1,AUS,BUR,245.93385065885798,1908.0,1301.4729136163983,18158.0,24310.0,170.0,88.0,1.0,17.943181818181817,0.0,0.375,2.2231333333333336,0.18066105522479983,0.012779716690617943,0.0655739832334086,0.16405824184380596,0.40716516563281335,0.3620476351146755,,,,,,,0.7469354175236528,0.18066105522479983,0.012779716690617943,0.0655739832334086,0.16405824184380596,0.40716516563281335,0.3620476351146755,AUS-BUR,0
2025,1,AUS,BWI,287.9317594654789,2127.0,1394.1380846325167,29677.0,43405.0,259.0,263.0,1.0,5.907692307692308,0.011406844106463879,0.1596958174904943,2.2231333333333336,0.18066105522479983,0.012779716690617943,0.0655739832334086,0.16405824184380596,0.40716516563281335,0.3620476351146755,,,,,,,0.683723073378643,0.18066105522479983,0.012779716690617943,0.0655739832334086,0.16405824184380596,0.40716516563281335,0.3620476351146755,AUS-BWI,0
2025,1,AUS,CHO,308.47863309352516,156.0,1303.9568345323742,52.0,108.0,1.0,0.0,0.0,0.0,0.0,0.0,2.2231333333333336,0.18066105522479983,0.012779716690617943,0.0655739832334086,0.16405824184380596,0.40716516563281335,0.3620476351146755,,,,,,,0.48148148148148145,0.18066105522479983,0.012779716690617943,0.0655739832334086,0.16405824184380596,0.40716516563281335,0.3620476351146755,AUS-CHO,0
2025,1,AUS,CHS,276.32697542533083,586.0,1158.3610586011341,1998.0,2320.0,16.0,16.0,1.0,12.625,0.0,0.375,2.2231333333333336,0.18066105522479983,0.012779716690617943,0.0655739832334086,0.16405824184380596,0.40716516563281335,0.3620476351146755,,,,,,,0.8612068965517241,0.18066105522479983,0.012779716690617943,0.0655739832334086,0.16405824184380596,0.40716516563281335,0.3620476351146755,AUS-CHS,1
2025,1,AUS,CID,283.01483870967746,165.0,1078.1612903225807,0.0,65.0,1.0,0.0,0.0,0.0,0.0,0.0,2.2231333333333336,0.18066105522479983,0.012779716690617943,0.0655739832334086,0.16405824184380596,0.40716516563281335,0.3620476351146755,,,,,,,0.0,0.18066105522479983,0.012779716690617943,0.0655739832334086,0.16405824184380596,0.40716516563281335,0.3620476351146755,AUS-CID,0
2025,1,AUS,CLE,265.3427062228654,884.0,1301.7452966714907,2650.0,5678.0,27.0,29.0,1.0,23.25925925925926,0.06896551724137931,0.3448275862068966,2.2231333333333336,0.18066105522479983,0.012779716690617943,0.0655739832334086,0.16405824184380596,0.40716516563281335,0.3620476351146755,,,,,,,0.46671363156040857,0.18066105522479983,0.012779716690617943,0.0655739832334086,0.16405824184380596,0.40716516563281335,0.3620476351146755,AUS-CLE,0
2025,1,AUS,CLT,328.22690086621753,1777.0,1087.4571703561116,52417.0,65898.0,395.0,403.0,1.0,8.848866498740554,0.017369727047146403,0.17121588089330025,2.2231333333333336,0.18066105522479983,0.012779716690617943,0.0655739832334086,0.16405824184380596,0.40716516563281335,0.3620476351146755,,,,,,,0.7954262648335306,0.18066105522479983,0.012779716690617943,0.0655739832334086,0.16405824184380596,0.40716516563281335,0.3620476351146755,AUS-CLT,0
2025,1,AUS,CMH,283.1557324106113,1138.0,1157.791234140715,9934.0,14043.0,85.0,85.0,1.0,11.0,0.0,0.21176470588235294,2.2231333333333336,0.18066105522479983,0.012779716690617943,0.0655739832334086,0.16405824184380596,0.40716516563281335,0.3620476351146755,,,,,,,0.7073987039806309,0.18066105522479983,0.012779716690617943,0.0655739832334086,0.16405824184380596,0.40716516563281335,0.3620476351146755,AUS-CMH,0
2025,1,AUS,CMI,338.6403703703704,58.0,930.8518518518518,96.0,177.0,1.0,0.0,0.0,0.0,0.0,0.0,2.2231333333333336,0.18066105522479983,0.012779716690617943,0.0655739832334086,0.16405824184380596,0.40716516563281335,0.3620476351146755,,,,,,,0.5423728813559322,0.18066105522479983,0.012779716690617943,0.0655739832334086,0.16405824184380596,0.40716516563281335,0.3620476351146755,AUS-CMI,0
2025,1,AUS,COS,215.22434782608693,395.0,852.2695652173913,0.0,65.0,1.0,0.0,0.0,0.0,0.0,0.0,2.2231333333333336,0.18066105522479983,0.012779716690617943,0.0655739832334086,0.16405824184380596,0.40716516563281335,0.3620476351146755,,,,,,,0.0,0.18066105522479983,0.012779716690617943,0.0655739832334086,0.16405824184380596,0.40716516563281335,0.3620476351146755,AUS-COS,0
2025,1,AUS,COU,356.0782051282051,40.0,698.4615384615385,138.0,175.0,3.0,0.0,0.0,0.0,0.0,0.0,2.2231333333333336,0.18066105522479983,0.012779716690617943,0.0655739832334086,0.16405824184380596,0.40716516563281335,0.3620476351146755,,,,,,,0.7885714285714286,0.18066105522479983,0.012779716690617943,0.0655739832334086,0.16405824184380596,0.40716516563281335,0.3620476351146755,AUS-COU,0
2025,1,AUS,CRP,199.3421052631579,21.0,338.1578947368421,0.0,186.0,1.0,0.0,0.0,0.0,0.0,0.0,2.2231333333333336,0.18066105522479983,0.012779716690617943,0.0655739832334086,0.16405824184380596,0.40716516563281335,0.3620476351146755,,,,,,,0.0,0.18066105522479983,0.012779716690617943,0.0655739832334086,0.16405824184380596,0.40716516563281335,0.3620476351146755,AUS-CRP,0
2025,1,AUS,CVG,260.5365346534653,928.0,1060.882602545969,7382.0,10021.0,334.0,109.0,3.0,12.981308411214954,0.01834862385321101,0.1834862385321101,2.2231333333333336,0.18066105522479983,0.012779716690617943,0.0655739832334086,0.16405824184380596,0.40716516563281335,0.3620476351146755,,,,,,,0.7366530286398563,0.18066105522479983,0.012779716690617943,0.0655739832334086,0.16405824184380596,0.40716516563281335,0.3620476351146755,AUS-CVG,0
2025,1,AUS,DAL,204.88328320802003,1795.0,189.99248120300751,52586.0,91659.0,581.0,594.0,1.0,8.575389948006933,0.02861952861952862,0.1750841750841751,2.2231333333333336,0.18066105522479983,0.012779716690617943,0.0655739832334086,0.16405824184380596,0.40716516563281335,0.3620476351146755,,,,,,,0.5737134378511657,0.18066105522479983,0.012779716690617943,0.0655739832334086,0.16405824184380596,0.40716516563281335,0.3620476351146755,AUS-DAL,0
2025,1,AUS,DAY,274.9732258064516,160.0,1220.4903225806452,116.0,150.0,1.0,0.0,0.0,0.0,0.0,0.0,2.2231333333333336,0.18066105522479983,0.012779716690617943,0.0655739832334086,0.16405824184380596,0.40716516563281335,0.3620476351146755,,,,,,,0.7733333333333333,0.18066105522479983,0.012779716690617943,0.0655739832334086,0.16405824184380596,0.40716516563281335,0.3620476351146755,AUS-DAY,0
2025,1,AUS,DCA,321.4977064220183,1899.0,1390.7537050105857,13085.0,15750.0,90.0,90.0,1.0,26.733333333333334,0.0,0.4111111111111111,2.2231333333333336,0.18066105522479983,0.012779716690617943,0.0655739832334086,0.16405824184380596,0.40716516563281335,0.3620476351146755,,,,,,,0.8307936507936508,0.18066105522479983,0.012779716690617943,0.0655739832334086,0.16405824184380596,0.40716516563281335,0.3620476351146755,AUS-DCA,1
2025,1,AUS,DEN,217.02673982188293,8560.0,798.1800254452926,142563.0,179249.0,1101.0,1101.0,3.0,7.322111010009099,0.0018165304268846503,0.15803814713896458,2.2231333333333336,0.18066105522479983,0.012779716690617943,0.0655739832334086,0.16405824184380596,0.40716516563281335,0.3620476351146755,,,,,,,0.7953349809482898,0.18066105522479983,0.012779716690617943,0.0655739832334086,0.16405824184380596,0.40716516563281335,0.3620476351146755,AUS-DEN,0
2025,1,AUS,DFW,245.0797902097902,1620.0,194.66433566433565,147160.0,176809.0,1125.0,1133.0,3.0,12.119705340699817,0.04148278905560459,0.1588702559576346,2.2231333333333336,0.18066105522479983,0.012779716690617943,0.0655739832334086,0.16405824184380596,0.40716516563281335,0.3620476351146755,0.2062396282774643,0.03747759707932293,0.10718704340430481,0.1903530643250198,0.3470410781655484,0.3542601059847202,0.8323105724256118,0.19345034175113207,0.025128656884970436,0.08638051331885671,0.17720565308441288,0.3771031218991809,0.35815387054969783,AUS-DFW,1
2025,1,AUS,DSM,182.94909814323606,542.0,932.2440318302388,3653.0,4680.0,26.0,26.0,1.0,21.884615384615383,0.0,0.3076923076923077,2.2231333333333336,0.18066105522479983,0.012779716690617943,0.0655739832334086,0.16405824184380596,0.40716516563281335,0.3620476351146755,,,,,,,0.7805555555555556,0.18066105522479983,0.012779716690617943,0.0655739832334086,0.16405824184380596,0.40716516563281335,0.3620476351146755,AUS-DSM,0
2025,1,AUS,DTW,336.6147177033493,2053.0,1227.9033492822966,27560.0,37799.0,266.0,267.0,2.0,15.635338345864662,0.003745318352059925,0.17228464419475656,2.2231333333333336,0.18066105522479983,0.012779716690617943,0.0655739832334086,0.16405824184380596,0.40716516563281335,0.3620476351146755,,,,,,,0.7291198179846028,0.18066105522479983,0.012779716690617943,0.0655739832334086,0.16405824184380596,0.40716516563281335,0.3620476351146755,AUS-DTW,0
2025,1,AUS,ECP,221.66411764705882,385.0,790.7523219814242,3596.0,4724.0,43.0,43.0,2.0,9.55813953488372,0.0,0.18604651162790697,2.2231333333333336,0.18066105522479983,0.012779716690617943,0.0655739832334086,0.16405824184380596,0.40716516563281335,0.3620476351146755,,,,,,,0.7612193056731583,0.18066105522479983,0.012779716690617943,0.0655739832334086,0.16405824184380596,0.40716516563281335,0.3620476351146755,AUS-ECP,0
2025,1,AUS,ELP,226.43267787839585,1666.0,575.280724450194,24025.0,35213.0,239.0,225.0,1.0,7.446428571428571,0.0044444444444444444,0.2,2.2231333333333336,0.18066105522479983,0.012779716690617943,0.0655739832334086,0.16405824184380596,0.40716516563281335,0.3620476351146755,,,,,,,0.6822764319995456,0.18066105522479983,0.012779716690617943,0.0655739832334086,0.16405824184380596,0.40716516563281335,0.3620476351146755,AUS-ELP,0
2025,1,AUS,EWR,339.3220124320124,5823.0,1528.7968142968143,60512.0,71090.0,444.0,448.0,3.0,7.934684684684685,0.008928571428571428,0.13169642857142858,2.2231333333333336,0.18066105522479983,0.012779716690617943,0.0655739832334086,0.16405824184380596,0.40716516563281335,0.3620476351146755,,,,,,,0.8512027008018005,0.18066105522479983,0.012779716690617943,0.0655739832334086,0.16405824184380596,0.40716516563281335,0.3620476351146755,AUS-EWR,1
2025,1,AUS,FLL,238.98662410215482,2289.0,1195.3048683160414,24561.0,29241.0,173.0,172.0,2.0,11.94767441860465,0.0,0.2616279069767442,2.2231333333333336,0.18066105522479983,0.012779716690617943,0.0655739832334086,0.16405824184380596,0.40716516563281335,0.3620476351146755,,,,,,,0.8399507540781779,0.18066105522479983,0.012779716690617943,0.0655739832334086,0.16405824184380596,0.40716516563281335,0.3620476351146755,AUS-FLL,1
2025,1,AUS,FWA,276.48725,126.0,1128.0,49.0,65.0,2.0,0.0,0.0,0.0,0.0,0.0,2.2231333333333336,0.18066105522479983,0.012779716690617943,0.0655739832334086,0.16405824184380596,0.40716516563281335,0.3620476351146755,,,,,,,0.7538461538461538,0.18066105522479983,0.012779716690617943,0.0655739832334086,0.16405824184380596,0.40716516563281335,0.3620476351146755,AUS-FWA,0
2025,1,AUS,GEG,254.8485340314136,405.0,1867.3403141361257,2.0,13.0,1.0,0.0,0.0,0.0,0.0,0.0,2.2231333333333336,0.18066105522479983,0.012779716690617943,0.0655739832334086,0.16405824184380596,0.40716516563281335,0.3620476351146755,,,,,,,0.15384615384615385,0.18066105522479983,0.012779716690617943,0.0655739832334086,0.16405824184380596,0.40716516563281335,0.3620476351146755,AUS-GEG,0
2025,1,AUS,GJT,244.36710843373496,83.0,1031.6144578313254,0.0,260.0,4.0,0.0,0.0,0.0,0.0,0.0,2.2231333333333336,0.18066105522479983,0.012779716690617943,0.0655739832334086,0.16405824184380596,0.40716516563281335,0.3620476351146755,,,,,,,0.0,0.18066105522479983,0.012779716690617943,0.0655739832334086,0.16405824184380596,0.40716516563281335,0.3620476351146755,AUS-GJT,0
2025,1,AUS,GPT,232.8475925925926,58.0,752.7962962962963,149.0,186.0,1.0,0.0,0.0,0.0,0.0,0.0,2.2231333333333336,0.18066105522479983,0.012779716690617943,0.0655739832334086,0.16405824184380596,0.40716516563281335,0.3620476351146755,,,,,,,0.8010752688172043,0.18066105522479983,0.012779716690617943,0.0655739832334086,0.16405824184380596,0.40716516563281335,0.3620476351146755,AUS-GPT,1
2025,1,AUS,GRR,236.89349785407725,522.0,1249.3175965665237,1913.0,2136.0,12.0,12.0,1.0,38.083333333333336,0.0,0.3333333333333333,2.2231333333333336,0.18066105522479983,0.012779716690617943,0.0655739832334086,0.16405824184380596,0.40716516563281335,0.3620476351146755,,,,,,,0.8955992509363296,0.18066105522479983,0.012779716690617943,0.0655739832334086,0.16405824184380596,0.40716516563281335,0.3620476351146755,AUS-GRR,1
2025,1,AUS,GSO,263.7023943661972,248.0,1160.887323943662,62.0,189.0,1.0,0.0,0.0,0.0,0.0,0.0,2.2231333333333336,0.18066105522479983,0.012779716690617943,0.0655739832334086,0.16405824184380596,0.40716516563281335,0.3620476351146755,,,,,,,0.328042328042328,0.18066105522479983,0.012779716690617943,0.0655739832334086,0.16405824184380596,0.40716516563281335,0.3620476351146755,AUS-GSO,0
2025,1,AUS,GSP,262.7032743362832,366.0,1059.259587020649,163.0,258.0,2.0,0.0,0.0,0.0,0.0,0.0,2.2231333333333336,0.18066105522479983,0.012779716690617943,0.0655739832334086,0.16405824184380596,0.40716516563281335,0.3620476351146755,,,,,,,0.6317829457364341,0.18066105522479983,0.012779716690617943,0.0655739832334086,0.16405824184380596,0.40716516563281335,0.3620476351146755,AUS-GSP,0
2025,1,AUS,GTR,336.5,8.0,1054.0,107.0,300.0,3.0,0.0,0.0,0.0,0.0,0.0,2.2231333333333336,0.18066105522479983,0.012779716690617943,0.0655739832334086,0.16405824184380596,0.40716516563281335,0.3620476351146755,,,,,,,0.3566666666666667,0.18066105522479983,0.012779716690617943,0.0655739832334086,0.16405824184380596,0.40716516563281335,0.3620476351146755,AUS-GTR,0
2025,1,AUS,HNL,383.67522187822493,1231.0,3925.1661506707947,5885.0,7784.0,28.0,28.0,1.0,13.928571428571429,0.0,0.32142857142857145,2.2231333333333336,0.18066105522479983,0.012779716690617943,0.0655739832334086,0.16405824184380596,0.40716516563281335,0.3620476351146755,,,,,,,0.7560380267214799,0.18066105522479983,0.012779716690617943,0.0655739832334086,0.16405824184380596,0.40716516563281335,0.3620476351146755,AUS-HNL,0
2025,1,AUS,HOU,187.5597902097902,499.0,148.0,28961.0,54395.0,341.0,344.0,1.0,6.659763313609467,0.01744186046511628,0.17151162790697674,2.2231333333333336,0.18066105522479983,0.012779716690617943,0.0655739832334086,0.16405824184380596,0.40716516563281335,0.3620476351146755,,,,,,,0.5324202592150014,0.18066105522479983,0.012779716690617943,0.0655739832334086,0.16405824184380596,0.40716516563281335,0.3620476351146755,AUS-HOU,0
2025,1,AUS,HRL,117.7990414507772,722.0,288.59067357512953,15866.0,28591.0,235.0,253.0,2.0,5.5423728813559325,0.06719367588932806,0.15810276679841898,2.2231333333333336,0.18066105522479983,0.012779716690617943,0.0655739832334086,0.16405824184380596,0.40716516563281335,0.3620476351146755,,,,,,,0.5549298730369697,0.18066105522479983,0.012779716690617943,0.0655739832334086,0.16405824184380596,0.40716516563281335,0.3620476351146755,AUS-HRL,0
2025,1,AUS,IAD,391.33403563129355,2052.0,1327.2494190549962,28785.0,35530.0,257.0,260.0,3.0,9.727626459143968,0.011538461538461539,0.18461538461538463,2.2231333333333336,0.18066105522479983,0.012779716690617943,0.0655739832334086,0.16405824184380596,0.40716516563281335,0.3620476351146755,,,,,,,0.8101604278074866,0.18066105522479983,0.012779716690617943,0.0655739832334086,0.16405824184380596,0.40716516563281335,0.3620476351146755,AUS-IAD,1
2025,1,AUS,IAH,230.9587535410765,497.0,140.0,74245.0,104289.0,722.0,716.0,4.0,5.8202567760342365,0.0223463687150838,0.10754189944134078,2.2231333333333336,0.18066105522479983,0.012779716690617943,0.0655739832334086,0.16405824184380596,0.40716516563281335,0.3620476351146755,0.16850534248952576,0.02717108362049731,0.06321467851469073,0.21375131175937725,0.3868472966603237,0.33570759355923724,0.71191592593658,0.17458319885716278,0.019975400155557627,0.06439433087404967,0.18890477680159162,0.3970062311465685,0.3488776143369564,AUS-IAH,0
2025,1,AUS,ICT,266.242,117.0,682.6347826086957,0.0,75.0,1.0,0.0,0.0,0.0,0.0,0.0,2.2231333333333336,0.18066105522479983,0.012779716690617943,0.0655739832334086,0.16405824184380596,0.40716516563281335,0.3620476351146755,,,,,,,0.0,0.18066105522479983,0.012779716690617943,0.0655739832334086,0.16405824184380596,0.40716516563281335,0.3620476351146755,AUS-ICT,0
2025,1,AUS,IND,247.97557182067703,1540.0,1020.7465690759378,12836.0,17793.0,111.0,114.0,1.0,9.27027027027027,0.02631578947368421,0.20175438596491227,2.2231333333333336,0.18066105522479983,0.012779716690617943,0.0655739832334086,0.16405824184380596,0.40716516563281335,0.3620476351146755,,,,,,,0.7214072950036531,0.18066105522479983,0.012779716690617943,0.0655739832334086,0.16405824184380596,0.40716516563281335,0.3620476351146755,AUS-IND,0
2025,1,AUS,JFK,364.80602106227104,4969.0,1534.690934065934,57756.0,67555.0,415.0,417.0,2.0,8.224096385542168,0.004796163069544364,0.16546762589928057,2.2231333333333336,0.18066105522479983,0.012779716690617943,0.0655739832334086,0.16405824184380596,0.40716516563281335,0.3620476351146755,,,,,,,0.8549478202945748,0.18066105522479983,0.012779716690617943,0.0655739832334086,0.16405824184380596,0.40716516563281335,0.3620476351146755,AUS-JFK,1
2025,1,AUS,LAS,235.5768576886342,7206.0,1128.311047437122,90015.0,120999.0,740.0,745.0,4.0,10.470906630581867,0.008053691275167786,0.2080536912751678,2.2231333333333336,0.18066105522479983,0.012779716690617943,0.0655739832334086,0.16405824184380596,0.40716516563281335,0.3620476351146755,,,,,,,0.7439317680311408,0.18066105522479983,0.012779716690617943,0.0655739832334086,0.16405824184380596,0.40716516563281335,0.3620476351146755,AUS-LAS,0
2025,1,AUS,LAX,283.97903577926013,13900.0,1268.5,188606.0,301938.0,1950.0,976.0,6.0,9.011305241521068,0.004098360655737705,0.15061475409836064,2.2231333333333336,0.18066105522479983,0.012779716690617943,0.0655739832334086,0.16405824184380596,0.40716516563281335,0.3620476351146755,0.1662822530232157,0.008191243991291414,0.06384287985231527,0.17061212978089035,0.33008563663401874,0.43409495483748084,0.6246514185031364,0.17347165412400778,0.01048548034095468,0.06470843154286193,0.16733518581234816,0.368625401133416,0.3980712949760782,AUS-LAX,0
2025,1,AUS,LBB,209.50524038461538,590.0,404.93509615384613,6989.0,12370.0,78.0,78.0,1.0,12.705128205128204,0.0,0.24358974358974358,2.2231333333333336,0.18066105522479983,0.012779716690617943,0.0655739832334086,0.16405824184380596,0.40716516563281335,0.3620476351146755,,,,,,,0.5649959579628132,0.18066105522479983,0.012779716690617943,0.0655739832334086,0.16405824184380596,0.40716516563281335,0.3620476351146755,AUS-LBB,0
2025,1,AUS,LEX,292.92630057803467,178.0,1166.0520231213873,73.0,108.0,1.0,0.0,0.0,0.0,0.0,0.0,2.2231333333333336,0.18066105522479983,0.012779716690617943,0.0655739832334086,0.16405824184380596,0.40716516563281335,0.3620476351146755,,,,,,,0.6759259259259259,0.18066105522479983,0.012779716690617943,0.0655739832334086,0.16405824184380596,0.40716516563281335,0.3620476351146755,AUS-LEX,0
2025,1,AUS,LFT,265.7150909090909,55.0,435.54545454545456,69.0,76.0,1.0,0.0,0.0,0.0,0.0,0.0,2.2231333333333336,0.18066105522479983,0.012779716690617943,0.0655739832334086,0.16405824184380596,0.40716516563281335,0.3620476351146755,,,,,,,0.9078947368421053,0.18066105522479983,0.012779716690617943,0.0655739832334086,0.16405824184380596,0.40716516563281335,0.3620476351146755,AUS-LFT,1
2025,1,AUS,LGA,249.19319536423842,1437.0,1604.2557947019868,0.0,109.0,1.0,0.0,0.0,0.0,0.0,0.0,2.2231333333333336,0.18066105522479983,0.012779716690617943,0.0655739832334086,0.16405824184380596,0.40716516563281335,0.3620476351146755,,,,,,,0.0,0.18066105522479983,0.012779716690617943,0.0655739832334086,0.16405824184380596,0.40716516563281335,0.3620476351146755,AUS-LGA,0
2025,1,AUS,LGB,233.71677577741409,2070.0,1244.240589198036,26844.0,39654.0,250.0,127.0,1.0,4.5476190476190474,0.007874015748031496,0.14960629921259844,2.2231333333333336,0.18066105522479983,0.012779716690617943,0.0655739832334086,0.16405824184380596,0.40716516563281335,0.3620476351146755,,,,,,,0.6769556665153579,0.18066105522479983,0.012779716690617943,0.0655739832334086,0.16405824184380596,0.40716516563281335,0.3620476351146755,AUS-LGB,0
2025,1,AUS,MAF,145.45711340206185,677.0,357.5257731958763,12692.0,24559.0,254.0,257.0,2.0,11.63921568627451,0.011673151750972763,0.1828793774319066,2.2231333333333336,0.18066105522479983,0.012779716690617943,0.0655739832334086,0.16405824184380596,0.40716516563281335,0.3620476351146755,,,,,,,0.5167962864937498,0.18066105522479983,0.012779716690617943,0.0655739832334086,0.16405824184380596,0.40716516563281335,0.3620476351146755,AUS-MAF,0
2025,1,AUS,MCI,227.27229398663695,1651.0,690.924276169265,20587.0,30274.0,190.0,195.0,1.0,9.06842105263158,0.02564102564102564,0.19487179487179487,2.2231333333333336,0.18066105522479983,0.012779716690617943,0.0655739832334086,0.16405824184380596,0.40716516563281335,0.3620476351146755,,,,,,,0.6800224615181344,0.18066105522479983,0.012779716690617943,0.0655739832334086,0.16405824184380596,0.40716516563281335,0.3620476351146755,AUS-MCI,0
2025,1,AUS,MCO,240.93640703517588,5789.0,1047.8122756640344,76232.0,93878.0,595.0,599.0,4.0,13.680672268907562,0.008347245409015025,0.18697829716193656,2.2231333333333336,0.18066105522479983,0.012779716690617943,0.0655739832334086,0.16405824184380596,0.40716516563281335,0.3620476351146755,,,,,,,0.8120326381047743,0.18066105522479983,0.012779716690617943,0.0655739832334086,0.16405824184380596,0.40716516563281335,0.3620476351146755,AUS-MCO,1
2025,1,AUS,MDW,223.71693898655636,2093.0,1011.4829369183041,30047.0,49019.0,286.0,288.0,1.0,9.611888111888112,0.006944444444444444,0.19791666666666666,2.2231333333333336,0.18066105522479983,0.012779716690617943,0.0655739832334086,0.16405824184380596,0.40716516563281335,0.3620476351146755,,,,,,,0.6129664007833697,0.18066105522479983,0.012779716690617943,0.0655739832334086,0.16405824184380596,0.40716516563281335,0.3620476351146755,AUS-MDW,0
2025,1,AUS,MEM,267.27622425629295,472.0,704.4828375286041,0.0,0.0,59.0,0.0,0.0,0.0,0.0,0.0,2.2231333333333336,0.18066105522479983,0.012779716690617943,0.0655739832334086,0.16405824184380596,0.40716516563281335,0.3620476351146755,,,,,,,,0.18066105522479983,0.012779716690617943,0.0655739832334086,0.16405824184380596,0.40716516563281335,0.3620476351146755,AUS-MEM,0
2025,1,AUS,MFE,146.455,529.0,305.295652173913,11174.0,17564.0,245.0,250.0,1.0,14.604081632653061,0.02,0.216,2.2231333333333336,0.18066105522479983,0.012779716690617943,0.0655739832334086,0.16405824184380596,0.40716516563281335,0.3620476351146755,,,,,,,0.6361876565702573,0.18066105522479983,0.012779716690617943,0.0655739832334086,0.16405824184380596,0.40716516563281335,0.3620476351146755,AUS-MFE,0
2025,1,AUS,MIA,287.53346891342244,3224.0,1138.8704241719931,58788.0,70111.0,455.0,449.0,3.0,11.624434389140271,0.017817371937639197,0.155902004454343,2.2231333333333336,0.18066105522479983,0.012779716690617943,0.0655739832334086,0.16405824184380596,0.40716516563281335,0.3620476351146755,,,,,,,0.838498951662364,0.18066105522479983,0.012779716690617943,0.0655739832334086,0.16405824184380596,0.40716516563281335,0.3620476351146755,AUS-MIA,1
2025,1,AUS,MKE,244.44941176470587,543.0,1172.8194726166328,1935.0,2766.0,18.0,18.0,1.0,4.0,0.0,0.16666666666666666,2.2231333333333336,0.18066105522479983,0.012779716690617943,0.0655739832334086,0.16405824184380596,0.40716516563281335,0.3620476351146755,,,,,,,0.6995661605206074,0.18066105522479983,0.012779716690617943,0.0655739832334086,0.16405824184380596,0.40716516563281335,0.3620476351146755,AUS-MKE,0
2025,1,AUS,MSP,280.02550870760774,2497.0,1114.2667277726855,36056.0,52304.0,340.0,327.0,2.0,7.553516819571866,0.0,0.1743119266055046,2.2231333333333336,0.18066105522479983,0.012779716690617943,0.0655739832334086,0.16405824184380596,0.40716516563281335,0.3620476351146755,,,,,,,0.6893545426736005,0.18066105522479983,0.012779716690617943,0.0655739832334086,0.16405824184380596,0.40716516563281335,0.3620476351146755,AUS-MSP,0
2025,1,AUS,MSY,200.9722230652504,2767.0,467.1001517450683,38786.0,61830.0,425.0,433.0,3.0,11.231678486997636,0.023094688221709007,0.2517321016166282,2.2231333333333336,0.18066105522479983,0.012779716690617943,0.0655739832334086,0.16405824184380596,0.40716516563281335,0.3620476351146755,,,,,,,0.6273006631085234,0.18066105522479983,0.012779716690617943,0.0655739832334086,0.16405824184380596,0.40716516563281335,0.3620476351146755,AUS-MSY,0
2025,1,AUS,MTJ,255.3479253112033,300.0,956.8630705394191,428.0,572.0,4.0,4.0,1.0,-6.0,0.0,0.0,2.2231333333333336,0.18066105522479983,0.012779716690617943,0.0655739832334086,0.16405824184380596,0.40716516563281335,0.3620476351146755,,,,,,,0.7482517482517482,0.18066105522479983,0.012779716690617943,0.0655739832334086,0.16405824184380596,0.40716516563281335,0.3620476351146755,AUS-MTJ,0
2025,1,AUS,OAK,241.0967142857143,1938.0,1535.8357142857142,22170.0,28022.0,170.0,85.0,1.0,10.105882352941176,0.0,0.23529411764705882,2.2231333333333336,0.18066105522479983,0.012779716690617943,0.0655739832334086,0.16405824184380596,0.40716516563281335,0.3620476351146755,,,,,,,0.7911640853615016,0.18066105522479983,0.012779716690617943,0.0655739832334086,0.16405824184380596,0.40716516563281335,0.3620476351146755,AUS-OAK,0
2025,1,AUS,OKC,219.88484593837535,475.0,410.17366946778714,5834.0,8045.0,56.0,53.0,1.0,6.320754716981132,0.0,0.18867924528301888,2.2231333333333336,0.18066105522479983,0.012779716690617943,0.0655739832334086,0.16405824184380596,0.40716516563281335,0.3620476351146755,,,,,,,0.7251709136109384,0.18066105522479983,0.012779716690617943,0.0655739832334086,0.16405824184380596,0.40716516563281335,0.3620476351146755,AUS-OKC,0
2025,1,AUS,OMA,274.6519318181818,377.0,1014.1704545454545,496.0,889.0,5.0,4.0,1.0,12.0,0.0,0.25,2.2231333333333336,0.18066105522479983,0.012779716690617943,0.0655739832334086,0.16405824184380596,0.40716516563281335,0.3620476351146755,,,,,,,0.5579302587176603,0.18066105522479983,0.012779716690617943,0.0655739832334086,0.16405824184380596,0.40716516563281335,0.3620476351146755,AUS-OMA,0
2025,1,AUS,ONT,234.02043695380775,2042.0,1272.9101123595506,21442.0,29452.0,180.0,90.0,1.0,7.133333333333334,0.0,0.17777777777777778,2.2231333333333336,0.18066105522479983,0.012779716690617943,0.0655739832334086,0.16405824184380596,0.40716516563281335,0.3620476351146755,,,,,,,0.7280320521526552,0.18066105522479983,0.012779716690617943,0.0655739832334086,0.16405824184380596,0.40716516563281335,0.3620476351146755,AUS-ONT,0
2025,1,AUS,ORD,282.49935137138624,4628.0,1006.416604892513,69348.0,91514.0,656.0,662.0,7.0,12.424012158054712,0.0075528700906344415,0.16767371601208458,2.2231333333333336,0.18066105522479983,0.012779716690617943,0.0655739832334086,0.16405824184380596,0.40716516563281335,0.3620476351146755,,,,,,,0.7577856939921761,0.18066105522479983,0.012779716690617943,0.0655739832334086,0.16405824184380596,0.40716516563281335,0.3620476351146755,AUS-ORD,0
2025,1,AUS,ORF,307.01824146981625,427.0,1433.6325459317586,81.0,225.0,2.0,0.0,0.0,0.0,0.0,0.0,2.2231333333333336,0.18066105522479983,0.012779716690617943,0.0655739832334086,0.16405824184380596,0.40716516563281335,0.3620476351146755,,,,,,,0.36,0.18066105522479983,0.012779716690617943,0.0655739832334086,0.16405824184380596,0.40716516563281335,0.3620476351146755,AUS-ORF,0
2025,1,AUS,PDX,246.2359461325967,2058.0,1833.2741712707182,9754.0,12231.0,71.0,73.0,1.0,7.309859154929577,0.0410958904109589,0.1917808219178082,2.2231333333333336,0.18066105522479983,0.012779716690617943,0.0655739832334086,0.16405824184380596,0.40716516563281335,0.3620476351146755,,,,,,,0.7974818085193361,0.18066105522479983,0.012779716690617943,0.0655739832334086,0.16405824184380596,0.40716516563281335,0.3620476351146755,AUS-PDX,0
2025,1,AUS,PHL,338.0017587939699,2212.0,1485.3875628140704,18389.0,20974.0,163.0,166.0,1.0,28.347560975609756,0.012048192771084338,0.20481927710843373,2.2231333333333336,0.18066105522479983,0.012779716690617943,0.0655739832334086,0.16405824184380596,0.40716516563281335,0.3620476351146755,,,,,,,0.8767521693525318,0.18066105522479983,0.012779716690617943,0.0655739832334086,0.16405824184380596,0.40716516563281335,0.3620476351146755,AUS-PHL,1
2025,1,AUS,PHX,283.9433824148086,5295.0,942.0954985275557,95584.0,137168.0,842.0,845.0,4.0,7.2831541218638,0.009467455621301775,0.1621301775147929,2.2231333333333336,0.18066105522479983,0.012779716690617943,0.0655739832334086,0.16405824184380596,0.40716516563281335,0.3620476351146755,,,,,,,0.6968389128659745,0.18066105522479983,0.012779716690617943,0.0655739832334086,0.16405824184380596,0.40716516563281335,0.3620476351146755,AUS-PHX,0
2025,1,AUS,PIA,261.3281538461539,66.0,1026.9538461538461,76.0,76.0,1.0,0.0,0.0,0.0,0.0,0.0,2.2231333333333336,0.18066105522479983,0.012779716690617943,0.0655739832334086,0.16405824184380596,0.40716516563281335,0.3620476351146755,,,,,,,1.0,0.18066105522479983,0.012779716690617943,0.0655739832334086,0.16405824184380596,0.40716516563281335,0.3620476351146755,AUS-PIA,1
2025,1,AUS,PIT,282.62084788029927,948.0,1301.9177057356608,6075.0,8507.0,53.0,53.0,1.0,11.79245283018868,0.0,0.22641509433962265,2.2231333333333336,0.18066105522479983,0.012779716690617943,0.0655739832334086,0.16405824184380596,0.40716516563281335,0.3620476351146755,,,,,,,0.7141177853532386,0.18066105522479983,0.012779716690617943,0.0655739832334086,0.16405824184380596,0.40716516563281335,0.3620476351146755,AUS-PIT,0
2025,1,AUS,PSP,277.2248812095032,1020.0,1365.2505399568036,96.0,372.0,2.0,0.0,0.0,0.0,0.0,0.0,2.2231333333333336,0.18066105522479983,0.012779716690617943,0.0655739832334086,0.16405824184380596,0.40716516563281335,0.3620476351146755,,,,,,,0.25806451612903225,0.18066105522479983,0.012779716690617943,0.0655739832334086,0.16405824184380596,0.40716516563281335,0.3620476351146755,AUS-PSP,0
2025,1,AUS,PVD,256.0516828478964,330.0,1755.7540453074434,128.0,278.0,2.0,0.0,0.0,0.0,0.0,0.0,2.2231333333333336,0.18066105522479983,0.012779716690617943,0.0655739832334086,0.16405824184380596,0.40716516563281335,0.3620476351146755,,,,,,,0.460431654676259,0.18066105522479983,0.012779716690617943,0.0655739832334086,0.16405824184380596,0.40716516563281335,0.3620476351146755,AUS-PVD,0
2025,1,AUS,PVU,88.59833333333333,405.0,1057.780701754386,4348.0,4905.0,27.0,27.0,1.0,31.14814814814815,0.0,0.37037037037037035,2.2231333333333336,0.18066105522479983,0.012779716690617943,0.0655739832334086,0.16405824184380596,0.40716516563281335,0.3620476351146755,,,,,,,0.8864424057084608,0.18066105522479983,0.012779716690617943,0.0655739832334086,0.16405824184380596,0.40716516563281335,0.3620476351146755,AUS-PVU,1
2025,1,AUS,RDU,278.95460317460316,2015.0,1196.1360544217687,22076.0,30933.0,279.0,281.0,2.0,11.587813620071685,0.0071174377224199285,0.16725978647686832,2.2231333333333336,0.18066105522479983,0.012779716690617943,0.0655739832334086,0.16405824184380596,0.40716516563281335,0.3620476351146755,,,,,,,0.7136714835289173,0.18066105522479983,0.012779716690617943,0.0655739832334086,0.16405824184380596,0.40716516563281335,0.3620476351146755,AUS-RDU,0
2025,1,AUS,RNO,242.86198924731184,829.0,1505.6680107526881,1622.0,1902.0,13.0,12.0,1.0,1.5833333333333333,0.0,0.08333333333333333,2.2231333333333336,0.18066105522479983,0.012779716690617943,0.0655739832334086,0.16405824184380596,0.40716516563281335,0.3620476351146755,,,,,,,0.8527865404837014,0.18066105522479983,0.012779716690617943,0.0655739832334086,0.16405824184380596,0.40716516563281335,0.3620476351146755,AUS-RNO,1
2025,1,AUS,SAN,245.66954788526982,7756.0,1224.5473991249391,88398.0,122826.0,918.0,463.0,3.0,13.617391304347827,0.0064794816414686825,0.2634989200863931,2.2231333333333336,0.18066105522479983,0.012779716690617943,0.0655739832334086,0.16405824184380596,0.40716516563281335,0.3620476351146755,0.20884454631252528,0.010516381286234326,0.06662806664762747,0.26037408113045896,0.37705046300462025,0.2940969356018669,0.7197010404963119,0.19475280076866255,0.011648048988426134,0.06610102494051803,0.21221616148713246,0.3921078143187168,0.3280722853582712,AUS-SAN,0
2025,1,AUS,SDF,291.7416265060241,368.0,1119.1626506024097,0.0,0.0,61.0,0.0,0.0,0.0,0.0,0.0,2.2231333333333336,0.18066105522479983,0.012779716690617943,0.0655739832334086,0.16405824184380596,0.40716516563281335,0.3620476351146755,,,,,,,,0.18066105522479983,0.012779716690617943,0.0655739832334086,0.16405824184380596,0.40716516563281335,0.3620476351146755,AUS-SDF,0
2025,1,AUS,SEA,277.72312409464024,4240.0,1819.6059874456785,50327.0,62729.0,386.0,386.0,2.0,3.0155844155844154,0.0025906735751295338,0.14248704663212436,2.2231333333333336,0.18066105522479983,0.012779716690617943,0.0655739832334086,0.16405824184380596,0.40716516563281335,0.3620476351146755,,,,,,,0.8022924006440403,0.18066105522479983,0.012779716690617943,0.0655739832334086,0.16405824184380596,0.40716516563281335,0.3620476351146755,AUS-SEA,1
2025,1,AUS,SFO,328.8102464285714,10930.0,1533.0635714285713,137958.0,176020.0,1076.0,538.0,3.0,7.397769516728625,0.0,0.1524163568773234,2.2231333333333336,0.18066105522479983,0.012779716690617943,0.0655739832334086,0.16405824184380596,0.40716516563281335,0.3620476351146755,0.22080340516094707,0.00951789778605421,0.04750395680104273,0.43247928498277627,0.2687235825342147,0.25053346988176145,0.7837632087262811,0.20073223019287345,0.011148807238336077,0.056538970017225666,0.2982687634132911,0.337944374083514,0.30629055249821846,AUS-SFO,0
2025,1,AUS,SJC,324.5606128133705,4774.0,1506.8043175487464,57082.0,88996.0,566.0,281.0,1.0,8.202846975088969,0.0,0.199288256227758,2.2231333333333336,0.18066105522479983,0.012779716690617943,0.0655739832334086,0.16405824184380596,0.40716516563281335,0.3620476351146755,,,,,,,0.6413996134657738,0.18066105522479983,0.012779716690617943,0.0655739832334086,0.16405824184380596,0.40716516563281335,0.3620476351146755,AUS-SJC,0
2025,1,AUS,SJU,278.1978787878788,908.0,2245.718050065876,1254.0,1368.0,8.0,8.0,1.0,5.625,0.0,0.125,2.2231333333333336,0.18066105522479983,0.012779716690617943,0.0655739832334086,0.16405824184380596,0.40716516563281335,0.3620476351146755,,,,,,,0.9166666666666666,0.18066105522479983,0.012779716690617943,0.0655739832334086,0.16405824184380596,0.40716516563281335,0.3620476351146755,AUS-SJU,1
2025,1,AUS,SLC,304.14564918851437,3125.0,1144.0162297128588,44584.0,56175.0,401.0,401.0,3.0,6.348370927318296,0.007481296758104738,0.16957605985037408,2.2231333333333336,0.18066105522479983,0.012779716690617943,0.0655739832334086,0.16405824184380596,0.40716516563281335,0.3620476351146755,,,,,,,0.7936626613262128,0.18066105522479983,0.012779716690617943,0.0655739832334086,0.16405824184380596,0.40716516563281335,0.3620476351146755,AUS-SLC,0
2025,1,AUS,SMF,278.6766733067729,2916.0,1542.4123505976095,31872.0,45074.0,270.0,137.0,1.0,13.651851851851852,0.021897810218978103,0.24087591240875914,2.2231333333333336,0.18066105522479983,0.012779716690617943,0.0655739832334086,0.16405824184380596,0.40716516563281335,0.3620476351146755,,,,,,,0.7071038736300306,0.18066105522479983,0.012779716690617943,0.0655739832334086,0.16405824184380596,0.40716516563281335,0.3620476351146755,AUS-SMF,0
2025,1,AUS,SNA,306.8190599294947,2352.0,1323.4054054054054,17338.0,22534.0,158.0,80.0,2.0,12.6625,0.0,0.275,2.2231333333333336,0.18066105522479983,0.012779716690617943,0.0655739832334086,0.16405824184380596,0.40716516563281335,0.3620476351146755,,,,,,,0.7694151060619508,0.18066105522479983,0.012779716690617943,0.0655739832334086,0.16405824184380596,0.40716516563281335,0.3620476351146755,AUS-SNA,0
2025,1,AUS,SRQ,257.2320535714286,238.0,1249.4732142857142,272.0,312.0,2.0,2.0,1.0,31.0,0.0,1.0,2.2231333333333336,0.18066105522479983,0.012779716690617943,0.0655739832334086,0.16405824184380596,0.40716516563281335,0.3620476351146755,,,,,,,0.8717948717948718,0.18066105522479983,0.012779716690617943,0.0655739832334086,0.16405824184380596,0.40716516563281335,0.3620476351146755,AUS-SRQ,1
2025,1,AUS,STL,224.53209569377992,1788.0,769.1282296650718,21730.0,32050.0,201.0,201.0,1.0,8.409090909090908,0.014925373134328358,0.20398009950248755,2.2231333333333336,0.18066105522479983,0.012779716690617943,0.0655739832334086,0.16405824184380596,0.40716516563281335,0.3620476351146755,,,,,,,0.678003120124805,0.18066105522479983,0.012779716690617943,0.0655739832334086,0.16405824184380596,0.40716516563281335,0.3620476351146755,AUS-STL,0
2025,1,AUS,TPA,261.43686440677965,2507.0,1008.4258474576271,29226.0,39396.0,247.0,248.0,1.0,9.276422764227643,0.008064516129032258,0.20161290322580644,2.2231333333333336,0.18066105522479983,0.012779716690617943,0.0655739832334086,0.16405824184380596,0.40716516563281335,0.3620476351146755,,,,,,,0.7418519646664636,0.18066105522479983,0.012779716690617943,0.0655739832334086,0.16405824184380596,0.40716516563281335,0.3620476351146755,AUS-TPA,0
2025,1,AUS,TUL,206.27769028871393,498.0,443.12073490813646,6057.0,8264.0,51.0,50.0,1.0,5.32,0.0,0.12,2.2231333333333336,0.18066105522479983,0.012779716690617943,0.0655739832334086,0.16405824184380596,0.40716516563281335,0.3620476351146755,,,,,,,0.7329380445304937,0.18066105522479983,0.012779716690617943,0.0655739832334086,0.16405824184380596,0.40716516563281335,0.3620476351146755,AUS-TUL,0
2025,1,AUS,TYS,223.41175392670155,442.0,984.803664921466,1819.0,2283.0,14.0,12.0,1.0,9.916666666666666,0.0,0.3333333333333333,2.2231333333333336,0.18066105522479983,0.012779716690617943,0.0655739832334086,0.16405824184380596,0.40716516563281335,0.3620476351146755,,,,,,,0.7967586508979413,0.18066105522479983,0.012779716690617943,0.0655739832334086,0.16405824184380596,0.40716516563281335,0.3620476351146755,AUS-TYS,0
2025,1,AUS,XNA,263.8740989399293,336.0,484.88339222614843,110.0,158.0,2.0,0.0,0.0,0.0,0.0,0.0,2.2231333333333336,0.18066105522479983,0.012779716690617943,0.0655739832334086,0.16405824184380596,0.40716516563281335,0.3620476351146755,,,,,,,0.6962025316455697,0.18066105522479983,0.012779716690617943,0.0655739832334086,0.16405824184380596,0.40716516563281335,0.3620476351146755,AUS-XNA,0
2025,1,AVL,ATL,246.4755652173913,127.0,166.66086956521738,41188.0,47450.0,506.0,518.0,3.0,13.523715415019764,0.023166023166023165,0.1718146718146718,2.2231333333333336,,,,,,,0.18040542999599665,0.022200385777195474,0.07972794287792138,0.19235893028329643,0.3715323460381475,0.35574939671415823,0.8680295047418335,0.18040542999599665,0.022200385777195474,0.07972794287792138,0.19235893028329643,0.3715323460381475,0.35574939671415823,AVL-ATL,1
2025,1,AVL,AUS,160.84006578947367,428.0,998.9111842105264,3247.0,4275.0,27.0,27.0,1.0,22.0,0.0,0.25925925925925924,2.2231333333333336,,,,,,,0.18066105522479983,0.012779716690617943,0.0655739832334086,0.16405824184380596,0.40716516563281335,0.3620476351146755,0.7595321637426901,0.18066105522479983,0.012779716690617943,0.0655739832334086,0.16405824184380596,0.40716516563281335,0.3620476351146755,AVL-AUS,0
2025,1,AVL,DFW,381.62013274336283,286.0,905.7831858407079,11245.0,12073.0,159.0,163.0,1.0,12.60377358490566,0.024539877300613498,0.13496932515337423,2.2231333333333336,,,,,,,0.2062396282774643,0.03747759707932293,0.10718704340430481,0.1903530643250198,0.3470410781655484,0.3542601059847202,0.9314172119605731,0.2062396282774643,0.03747759707932293,0.10718704340430481,0.1903530643250198,0.3470410781655484,0.3542601059847202,AVL-DFW,1
2025,1,AVL,ELP,279.01851851851853,27.0,1430.3333333333333,143.0,156.0,1.0,0.0,0.0,0.0,0.0,0.0,2.2231333333333336,,,,,,,,,,,,,0.9166666666666666,,,,,,,AVL-ELP,1
2025,1,AVL,HOU,118.26792079207921,117.0,861.5940594059406,989.0,1248.0,8.0,8.0,1.0,-1.75,0.0,0.0,2.2231333333333336,,,,,,,,,,,,,0.7924679487179487,,,,,,,AVL-HOU,0
2025,1,BDL,ATL,273.0953870292887,2262.0,903.281380753138,69831.0,90529.0,499.0,507.0,2.0,7.016,0.013806706114398421,0.13609467455621302,2.2231333333333336,,,,,,,0.18040542999599665,0.022200385777195474,0.07972794287792138,0.19235893028329643,0.3715323460381475,0.35574939671415823,0.7713660815871157,0.18040542999599665,0.022200385777195474,0.07972794287792138,0.19235893028329643,0.3715323460381475,0.35574939671415823,BDL-ATL,0
2025,1,BDL,AUS,300.0863508064516,537.0,1697.0846774193549,30.0,172.0,1.0,0.0,0.0,0.0,0.0,0.0,2.2231333333333336,,,,,,,0.18066105522479983,0.012779716690617943,0.0655739832334086,0.16405824184380596,0.40716516563281335,0.3620476351146755,0.1744186046511628,0.18066105522479983,0.012779716690617943,0.0655739832334086,0.16405824184380596,0.40716516563281335,0.3620476351146755,BDL-AUS,0
2025,1,BDL,CLL,253.5975,4.0,1690.75,0.0,150.0,1.0,0.0,0.0,0.0,0.0,0.0,2.2231333333333336,,,,,,,,,,,,,0.0,,,,,,,BDL-CLL,0
2025,1,BDL,DAL,231.93768749999998,179.0,1536.48125,9.0,143.0,1.0,0.0,0.0,0.0,0.0,0.0,2.2231333333333336,,,,,,,,,,,,,0.06293706293706294,,,,,,,BDL-DAL,0
2025,1,BDL,DFW,341.0076666666667,1202.0,1526.402380952381,19668.0,26636.0,149.0,154.0,1.0,12.228187919463087,0.032467532467532464,0.12987012987012986,2.2231333333333336,,,,,,,0.2062396282774643,0.03747759707932293,0.10718704340430481,0.1903530643250198,0.3470410781655484,0.3542601059847202,0.7383991590328878,0.2062396282774643,0.03747759707932293,0.10718704340430481,0.1903530643250198,0.3470410781655484,0.3542601059847202,BDL-DFW,0
2025,1,BDL,HOU,226.85636734693875,271.0,1602.9673469387756,411.0,527.0,3.0,0.0,0.0,0.0,0.0,0.0,2.2231333333333336,,,,,,,,,,,,,0.7798861480075902,,,,,,,BDL-HOU,0
2025,1,BDL,HRL,241.96857142857144,15.0,2054.5,0.0,68.0,1.0,0.0,0.0,0.0,0.0,0.0,2.2231333333333336,,,,,,,,,,,,,0.0,,,,,,,BDL-HRL,0
2025,1,BDL,SAV,189.70117449664428,450.0,888.7315436241611,2493.0,3425.0,25.0,0.0,0.0,0.0,0.0,0.0,2.2231333333333336,,,,,,,,,,,,,0.7278832116788321,,,,,,,BDL-SAV,0
2025,1,BFL,DEN,223.76218340611354,293.0,916.6943231441048,11732.0,13432.0,181.0,181.0,1.0,6.607734806629834,0.0,0.10497237569060773,2.2231333333333336,,,,,,,,,,,,,0.8734365693865396,,,,,,,BFL-DEN,1
2025,1,BFL,DFW,295.7792953020134,774.0,1289.010067114094,15864.0,18476.0,144.0,73.0,1.0,27.666666666666668,0.0136986301369863,0.0958904109589041,2.2231333333333336,,,,,,,0.2062396282774643,0.03747759707932293,0.10718704340430481,0.1903530643250198,0.3470410781655484,0.3542601059847202,0.8586274085299849,0.2062396282774643,0.03747759707932293,0.10718704340430481,0.1903530643250198,0.3470410781655484,0.3542601059847202,BFL-DFW,1
2025,1,BFL,PHX,279.305641025641,417.0,435.53205128205127,21728.0,30626.0,353.0,353.0,3.0,2.7308781869688383,0.0,0.13031161473087818,2.2231333333333336,,,,,,,,,,,,,0.7094625481616926,,,,,,,BFL-PHX,0
2025,1,BFL,SFO,178.33295652173913,154.0,238.17391304347825,7884.0,12312.0,171.0,170.0,1.0,16.105882352941176,0.0,0.19411764705882353,2.2231333333333336,,,,,,,0.22080340516094707,0.00951789778605421,0.04750395680104273,0.43247928498277627,0.2687235825342147,0.25053346988176145,0.6403508771929824,0.22080340516094707,0.00951789778605421,0.04750395680104273,0.43247928498277627,0.2687235825342147,0.25053346988176145,BFL-SFO,0
2025,1,BHM,ATL,296.3755670103093,122.0,134.0,86016.0,105119.0,677.0,685.0,2.0,7.318047337278107,0.017518248175182483,0.12554744525547445,2.2231333333333336,,,,,,,0.18040542999599665,0.022200385777195474,0.07972794287792138,0.19235893028329643,0.3715323460381475,0.35574939671415823,0.8182726243590598,0.18040542999599665,0.022200385777195474,0.07972794287792138,0.19235893028329643,0.3715323460381475,0.35574939671415823,BHM-ATL,1
2025,1,BHM,BRO,222.1076923076923,13.0,934.3076923076923,0.0,50.0,1.0,0.0,0.0,0.0,0.0,0.0,2.2231333333333336,,,,,,,,,,,,,0.0,,,,,,,BHM-BRO,0
2025,1,BHM,DAL,206.58737609329447,1084.0,603.1880466472303,22250.0,33175.0,217.0,221.0,1.0,7.830275229357798,0.013574660633484163,0.13574660633484162,2.2231333333333336,,,,,,,,,,,,,0.6706857573474001,,,,,,,BHM-DAL,0
2025,1,BHM,DFW,278.89954011741685,1276.0,616.0900195694717,36627.0,46033.0,496.0,520.0,3.0,17.437751004016064,0.04423076923076923,0.20192307692307693,2.2231333333333336,,,,,,,0.2062396282774643,0.03747759707932293,0.10718704340430481,0.1903530643250198,0.3470410781655484,0.3542601059847202,0.7956683248973563,0.2062396282774643,0.03747759707932293,0.10718704340430481,0.1903530643250198,0.3470410781655484,0.3542601059847202,BHM-DFW,0
2025,1,BHM,HOU,219.43577039274925,523.0,629.4018126888218,9687.0,15812.0,105.0,107.0,1.0,3.355769230769231,0.028037383177570093,0.1308411214953271,2.2231333333333336,,,,,,,,,,,,,0.612635972678978,,,,,,,BHM-HOU,0
2025,1,BHM,HRL,178.3742105263158,30.0,923.7368421052631,0.0,180.0,1.0,0.0,0.0,0.0,0.0,0.0,2.2231333333333336,,,,,,,,,,,,,0.0,,,,,,,BHM-HRL,0
2025,1,BHM,IAH,269.33365413533835,845.0,586.4661654135339,17410.0,20734.0,340.0,351.0,3.0,13.086567164179105,0.045584045584045586,0.10826210826210826,2.2231333333333336,,,,,,,0.16850534248952576,0.02717108362049731,0.06321467851469073,0.21375131175937725,0.3868472966603237,0.33570759355923724,0.8396836114594386,0.16850534248952576,0.02717108362049731,0.06321467851469073,0.21375131175937725,0.3868472966603237,0.33570759355923724,BHM-IAH,1
2025,1,BHM,SAT,260.6003892215569,376.0,880.0598802395209,46.0,293.0,2.0,0.0,0.0,0.0,0.0,0.0,2.2231333333333336,,,,,,,,,,,,,0.15699658703071673,,,,,,,BHM-SAT,0
2025,1,BHM,SPS,390.0,1.0,710.0,68.0,76.0,1.0,0.0,0.0,0.0,0.0,0.0,2.2231333333333336,,,,,,,,,,,,,0.8947368421052632,,,,,,,BHM-SPS,1
2025,1,BIH,DEN,234.45761904761903,99.0,765.0952380952381,4586.0,6172.0,88.0,0.0,0.0,0.0,0.0,0.0,2.2231333333333336,,,,,,,,,,,,,0.7430330524951393,,,,,,,BIH-DEN,0
2025,1,BIH,SFO,207.6193043478261,149.0,221.0,3202.0,5332.0,76.0,76.0,1.0,12.131578947368421,0.0,0.25,2.2231333333333336,,,,,,,0.22080340516094707,0.00951789778605421,0.04750395680104273,0.43247928498277627,0.2687235825342147,0.25053346988176145,0.6005251312828207,0.22080340516094707,0.00951789778605421,0.04750395680104273,0.43247928498277627,0.2687235825342147,0.25053346988176145,BIH-SFO,0
2025,1,BIL,DFW,319.2536842105263,371.0,1191.8717105263158,11566.0,13754.0,178.0,180.0,1.0,12.4,0.03333333333333333,0.19444444444444445,2.2231333333333336,,,,,,,0.2062396282774643,0.03747759707932293,0.10718704340430481,0.1903530643250198,0.3470410781655484,0.3542601059847202,0.840919005380253,0.2062396282774643,0.03747759707932293,0.10718704340430481,0.1903530643250198,0.3470410781655484,0.3542601059847202,BIL-DFW,1
2025,1,BIL,LAX,249.91580882352943,142.0,1213.5588235294117,0.0,70.0,1.0,0.0,0.0,0.0,0.0,0.0,2.2231333333333336,,,,,,,0.1662822530232157,0.008191243991291414,0.06384287985231527,0.17061212978089035,0.33008563663401874,0.43409495483748084,0.0,0.1662822530232157,0.008191243991291414,0.06384287985231527,0.17061212978089035,0.33008563663401874,0.43409495483748084,BIL-LAX,0
2025,1,BIL,ONT,260.23549019607844,53.0,1190.3921568627452,0.0,0.0,11.0,0.0,0.0,0.0,0.0,0.0,2.2231333333333336,,,,,,,,,,,,,,,,,,,,BIL-ONT,0
2025,1,BIS,DFW,340.23631868131866,218.0,1004.8901098901099,11262.0,13440.0,177.0,180.0,1.0,12.47191011235955,0.011111111111111112,0.2,2.2231333333333336,,,,,,,0.2062396282774643,0.03747759707932293,0.10718704340430481,0.1903530643250198,0.3470410781655484,0.3542601059847202,0.8379464285714285,0.2062396282774643,0.03747759707932293,0.10718704340430481,0.1903530643250198,0.3470410781655484,0.3542601059847202,BIS-DFW,1
2025,1,BIS,MAF,463.3181818181818,11.0,1231.5454545454545,0.0,50.0,1.0,0.0,0.0,0.0,0.0,0.0,2.2231333333333336,,,,,,,,,,,,,0.0,,,,,,,BIS-MAF,0
2025,1,BLI,LAX,124.08759803921568,382.0,1047.0,3457.0,4212.0,27.0,27.0,1.0,-3.0,0.0,0.1111111111111111,2.2231333333333336,,,,,,,0.1662822530232157,0.008191243991291414,0.06384287985231527,0.17061212978089035,0.33008563663401874,0.43409495483748084,0.8207502374169041,0.1662822530232157,0.008191243991291414,0.06384287985231527,0.17061212978089035,0.33008563663401874,0.43409495483748084,BLI-LAX,1
2025,1,BLI,OAK,92.43634615384615,379.0,764.0913461538462,3805.0,4212.0,27.0,27.0,1.0,37.81481481481482,0.0,0.14814814814814814,2.2231333333333336,,,,,,,,,,,,,0.9033713200379867,,,,,,,BLI-OAK,1
2025,1,BLI,PSP,129.09106529209623,674.0,1078.1993127147766,6661.0,8580.0,55.0,55.0,1.0,15.527272727272727,0.0,0.14545454545454545,2.2231333333333336,,,,,,,,,,,,,0.7763403263403263,,,,,,,BLI-PSP,0
2025,1,BMI,ATL,332.0300995024876,276.0,536.2885572139304,10868.0,13411.0,177.0,180.0,1.0,3.593220338983051,0.016666666666666666,0.1,2.2231333333333336,,,,,,,0.18040542999599665,0.022200385777195474,0.07972794287792138,0.19235893028329643,0.3715323460381475,0.35574939671415823,0.8103795391842518,0.18040542999599665,0.022200385777195474,0.07972794287792138,0.19235893028329643,0.3715323460381475,0.35574939671415823,BMI-ATL,1
2025,1,BMI,DFW,314.47031914893614,248.0,716.4574468085107,10165.0,12903.0,176.0,180.0,1.0,1.3409090909090908,0.022222222222222223,0.08333333333333333,2.2231333333333336,,,,,,,0.2062396282774643,0.03747759707932293,0.10718704340430481,0.1903530643250198,0.3470410781655484,0.3542601059847202,0.7878012865225141,0.2062396282774643,0.03747759707932293,0.10718704340430481,0.1903530643250198,0.3470410781655484,0.3542601059847202,BMI-DFW,0
2025,1,BMI,LRD,398.0,3.0,1086.0,0.0,0.0,1.0,0.0,0.0,0.0,0.0,0.0,2.2231333333333336,,,,,,,,,,,,,,,,,,,,BMI-LRD,0
2025,1,BNA,ATL,253.070859375,2162.0,214.85329861111111,111709.0,145085.0,863.0,866.0,2.0,5.735052754982415,0.015011547344110854,0.1397228637413395,2.2231333333333336,,,,,,,0.18040542999599665,0.022200385777195474,0.07972794287792138,0.19235893028329643,0.3715323460381475,0.35574939671415823,0.7699555433022022,0.18040542999599665,0.022200385777195474,0.07972794287792138,0.19235893028329643,0.3715323460381475,0.35574939671415823,BNA-ATL,0
2025,1,BNA,AUS,210.08723167155424,3775.0,774.9724340175953,58490.0,92706.0,731.0,739.0,2.0,4.973972602739726,0.012178619756427604,0.16102841677943167,2.2231333333333336,,,,,,,0.18066105522479983,0.012779716690617943,0.0655739832334086,0.16405824184380596,0.40716516563281335,0.3620476351146755,0.6309192501024745,0.18066105522479983,0.012779716690617943,0.0655739832334086,0.16405824184380596,0.40716516563281335,0.3620476351146755,BNA-AUS,0
2025,1,BNA,BUR,248.83946280991736,965.0,1876.9297520661157,6776.0,8580.0,60.0,60.0,1.0,12.883333333333333,0.0,0.23333333333333334,2.2231333333333336,,,,,,,,,,,,,0.7897435897435897,,,,,,,BNA-BUR,0
2025,1,BNA,CLL,283.34090909090907,22.0,795.0,174.0,343.0,3.0,0.0,0.0,0.0,0.0,0.0,2.2231333333333336,,,,,,,,,,,,,0.5072886297376094,,,,,,,BNA-CLL,0
2025,1,BNA,CRP,269.6667708333333,107.0,895.5729166666666,139.0,143.0,1.0,0.0,0.0,0.0,0.0,0.0,2.2231333333333336,,,,,,,,,,,,,0.972027972027972,,,,,,,BNA-CRP,1
2025,1,BNA,DAL,246.479147516679,3383.0,646.822090437361,60716.0,91879.0,562.0,577.0,1.0,6.685053380782918,0.025996533795493933,0.15424610051993068,2.2231333333333336,,,,,,,,,,,,,0.6608256511281142,,,,,,,BNA-DAL,0
2025,1,BNA,DFW,295.10357852882703,3453.0,660.3280318091452,100187.0,127216.0,830.0,850.0,4.0,19.70098039215686,0.04,0.1976470588235294,2.2231333333333336,,,,,,,0.2062396282774643,0.03747759707932293,0.10718704340430481,0.1903530643250198,0.3470410781655484,0.3542601059847202,0.7875345868444221,0.2062396282774643,0.03747759707932293,0.10718704340430481,0.1903530643250198,0.3470410781655484,0.3542601059847202,BNA-DFW,0
2025,1,BNA,HOU,240.43184738955824,2636.0,706.0489959839357,48458.0,67092.0,405.0,416.0,1.0,9.604938271604938,0.026442307692307692,0.18990384615384615,2.2231333333333336,,,,,,,,,,,,,0.7222619686400763,,,,,,,BNA-HOU,0
2025,1,BNA,HRL,175.29706766917292,151.0,1009.218045112782,22.0,174.0,1.0,0.0,0.0,0.0,0.0,0.0,2.2231333333333336,,,,,,,,,,,,,0.12643678160919541,,,,,,,BNA-HRL,0
2025,1,BNA,IAH,270.4847771124418,1994.0,681.1916167664671,35205.0,42771.0,416.0,420.0,4.0,9.973039215686274,0.02857142857142857,0.14523809523809525,2.2231333333333336,,,,,,,0.16850534248952576,0.02717108362049731,0.06321467851469073,0.21375131175937725,0.3868472966603237,0.33570759355923724,0.8231044399242478,0.16850534248952576,0.02717108362049731,0.06321467851469073,0.21375131175937725,0.3868472966603237,0.33570759355923724,BNA-IAH,1
2025,1,BNA,LAX,350.42216034755137,4459.0,1860.4881516587677,51483.0,72158.0,419.0,422.0,3.0,7.644391408114559,0.0071090047393364926,0.14691943127962084,2.2231333333333336,,,,,,,0.1662822530232157,0.008191243991291414,0.06384287985231527,0.17061212978089035,0.33008563663401874,0.43409495483748084,0.7134759832589596,0.1662822530232157,0.008191243991291414,0.06384287985231527,0.17061212978089035,0.33008563663401874,0.43409495483748084,BNA-LAX,0
2025,1,BNA,LGB,297.8981058020478,882.0,1800.9539249146758,13238.0,15362.0,94.0,0.0,0.0,0.0,0.0,0.0,2.2231333333333336,,,,,,,,,,,,,0.8617367530269496,,,,,,,BNA-LGB,1
2025,1,BNA,OAK,236.61655256723716,426.0,2067.278728606357,118.0,143.0,1.0,1.0,1.0,45.0,0.0,1.0,2.2231333333333336,,,,,,,,,,,,,0.8251748251748252,,,,,,,BNA-OAK,1
2025,1,BNA,ONT,267.05657054582906,1219.0,1837.666323377961,7967.0,9433.0,57.0,55.0,1.0,9.127272727272727,0.0,0.2727272727272727,2.2231333333333336,,,,,,,,,,,,,0.844588147991095,,,,,,,BNA-ONT,1
2025,1,BNA,SAN,308.4898556701031,2143.0,1847.1250859106528,21895.0,29970.0,187.0,189.0,1.0,10.037234042553191,0.005291005291005291,0.18518518518518517,2.2231333333333336,,,,,,,0.20884454631252528,0.010516381286234326,0.06662806664762747,0.26037408113045896,0.37705046300462025,0.2940969356018669,0.7305638972305639,0.20884454631252528,0.010516381286234326,0.06662806664762747,0.26037408113045896,0.37705046300462025,0.2940969356018669,BNA-SAN,0
2025,1,BNA,SAT,260.2194666666667,1712.0,891.9235555555556,19751.0,33179.0,220.0,223.0,1.0,5.607305936073059,0.017937219730941704,0.17040358744394618,2.2231333333333336,,,,,,,,,,,,,0.5952861749902046,,,,,,,BNA-SAT,0
2025,1,BNA,SAV,215.8367332123412,962.0,427.61343012704174,19318.0,26488.0,168.0,173.0,1.0,7.419161676646707,0.03468208092485549,0.16184971098265896,2.2231333333333336,,,,,,,,,,,,,0.7293113862881305,,,,,,,BNA-SAV,0
2025,1,BNA,SFO,357.0891278688525,2006.0,2068.9108196721313,17119.0,22270.0,138.0,138.0,1.0,12.671532846715328,0.007246376811594203,0.2463768115942029,2.2231333333333336,,,,,,,0.22080340516094707,0.00951789778605421,0.04750395680104273,0.43247928498277627,0.2687235825342147,0.25053346988176145,0.7687022900763358,0.22080340516094707,0.00951789778605421,0.04750395680104273,0.43247928498277627,0.2687235825342147,0.25053346988176145,BNA-SFO,0
2025,1,BNA,SJC,254.8895608108108,661.0,2096.5422297297296,767.0,844.0,6.0,4.0,1.0,4.25,0.0,0.25,2.2231333333333336,,,,,,,,,,,,,0.9087677725118484,,,,,,,BNA-SJC,1
2025,1,BNA,SMF,241.0995227606461,1635.0,2040.1791483113068,8790.0,10686.0,66.0,66.0,1.0,16.71212121212121,0.0,0.24242424242424243,2.2231333333333336,,,,,,,,,,,,,0.8225715889949466,,,,,,,BNA-SMF,1
2025,1,BNA,SNA,356.57541012216404,647.0,1910.499127399651,50.0,72.0,1.0,0.0,0.0,0.0,0.0,0.0,2.2231333333333336,,,,,,,,,,,,,0.6944444444444444,,,,,,,BNA-SNA,0
2025,1,BOI,ATL,373.1173786407767,548.0,1941.8276699029127,14768.0,17691.0,102.0,104.0,1.0,22.862745098039216,0.019230769230769232,0.2692307692307692,2.2231333333333336,,,,,,,0.18040542999599665,0.022200385777195474,0.07972794287792138,0.19235893028329643,0.3715323460381475,0.35574939671415823,0.834774744220225,0.18040542999599665,0.022200385777195474,0.07972794287792138,0.19235893028329643,0.3715323460381475,0.35574939671415823,BOI-ATL,1
2025,1,BOI,AUS,265.93901315789475,497.0,1606.9956140350878,0.0,76.0,1.0,0.0,0.0,0.0,0.0,0.0,2.2231333333333336,,,,,,,0.18066105522479983,0.012779716690617943,0.0655739832334086,0.16405824184380596,0.40716516563281335,0.3620476351146755,0.0,0.18066105522479983,0.012779716690617943,0.0655739832334086,0.16405824184380596,0.40716516563281335,0.3620476351146755,BOI-AUS,0
2025,1,BOI,BFL,214.28245283018867,57.0,843.0188679245283,0.0,70.0,1.0,0.0,0.0,0.0,0.0,0.0,2.2231333333333336,,,,,,,,,,,,,0.0,,,,,,,BOI-BFL,0
2025,1,BOI,BUR,157.09016949152542,1062.0,723.7509778357236,9498.0,11536.0,113.0,113.0,3.0,8.973451327433628,0.0,0.23008849557522124,2.2231333333333336,,,,,,,,,,,,,0.8233356449375867,,,,,,,BOI-BUR,1
2025,1,BOI,DFW,314.5048660714286,974.0,1369.3630952380952,29718.0,32728.0,173.0,179.0,1.0,14.063218390804598,0.027932960893854747,0.19553072625698323,2.2231333333333336,,,,,,,0.2062396282774643,0.03747759707932293,0.10718704340430481,0.1903530643250198,0.3470410781655484,0.3542601059847202,0.9080298215595209,0.2062396282774643,0.03747759707932293,0.10718704340430481,0.1903530643250198,0.3470410781655484,0.3542601059847202,BOI-DFW,1
2025,1,BOI,FAT,231.50263888888887,161.0,822.1111111111111,0.0,76.0,1.0,0.0,0.0,0.0,0.0,0.0,2.2231333333333336,,,,,,,,,,,,,0.0,,,,,,,BOI-FAT,0
2025,1,BOI,IAH,280.62169270833334,409.0,1693.6822916666667,140.0,342.0,3.0,0.0,0.0,0.0,0.0,0.0,2.2231333333333336,,,,,,,0.16850534248952576,0.02717108362049731,0.06321467851469073,0.21375131175937725,0.3868472966603237,0.33570759355923724,0.4093567251461988,0.16850534248952576,0.02717108362049731,0.06321467851469073,0.21375131175937725,0.3868472966603237,0.33570759355923724,BOI-IAH,0
2025,1,BOI,LAX,201.5346253229974,1716.0,717.4814814814815,27510.0,33700.0,454.0,448.0,3.0,-0.46860986547085204,0.004464285714285714,0.07366071428571429,2.2231333333333336,,,,,,,0.1662822530232157,0.008191243991291414,0.06384287985231527,0.17061212978089035,0.33008563663401874,0.43409495483748084,0.8163204747774481,0.1662822530232157,0.008191243991291414,0.06384287985231527,0.17061212978089035,0.33008563663401874,0.43409495483748084,BOI-LAX,1
2025,1,BOI,LGB,173.2307441860465,247.0,859.9720930232559,0.0,0.0,9.0,0.0,0.0,0.0,0.0,0.0,2.2231333333333336,,,,,,,,,,,,,,,,,,,,BOI-LGB,0
2025,1,BOI,OAK,168.6340860215054,904.0,536.6817204301075,18104.0,27032.0,210.0,168.0,1.0,7.190476190476191,0.0,0.13690476190476192,2.2231333333333336,,,,,,,,,,,,,0.6697247706422018,,,,,,,BOI-OAK,0
2025,1,BOI,ONT,206.18282660332542,446.0,938.3895486935867,0.0,76.0,44.0,0.0,0.0,0.0,0.0,0.0,2.2231333333333336,,,,,,,,,,,,,0.0,,,,,,,BOI-ONT,0
2025,1,BOI,PSP,216.06798525798524,444.0,1000.7714987714987,772.0,1140.0,15.0,14.0,1.0,5.285714285714286,0.0,0.07142857142857142,2.2231333333333336,,,,,,,,,,,,,0.6771929824561403,,,,,,,BOI-PSP,0
2025,1,BOI,RDD,247.42857142857142,7.0,721.0,0.0,76.0,1.0,0.0,0.0,0.0,0.0,0.0,2.2231333333333336,,,,,,,,,,,,,0.0,,,,,,,BOI-RDD,0
2025,1,BOI,SAN,188.90706143597336,1922.0,839.8815692079941,16558.0,19482.0,204.0,203.0,3.0,4.247524752475248,0.0049261083743842365,0.1330049261083744,2.2231333333333336,,,,,,,0.20884454631252528,0.010516381286234326,0.06662806664762747,0.26037408113045896,0.37705046300462025,0.2940969356018669,0.849912739965096,0.20884454631252528,0.010516381286234326,0.06662806664762747,0.26037408113045896,0.37705046300462025,0.2940969356018669,BOI-SAN,1
2025,1,BOI,SFO,196.94889159561512,1135.0,547.0535931790499,26119.0,37103.0,433.0,433.0,3.0,5.046403712296984,0.006928406466512702,0.16628175519630484,2.2231333333333336,,,,,,,0.22080340516094707,0.00951789778605421,0.04750395680104273,0.43247928498277627,0.2687235825342147,0.25053346988176145,0.7039592485782821,0.22080340516094707,0.00951789778605421,0.04750395680104273,0.43247928498277627,0.2687235825342147,0.25053346988176145,BOI-SFO,0
2025,1,BOI,SJC,185.24709156193896,923.0,594.3859964093357,11698.0,18591.0,150.0,150.0,2.0,2.88,0.0,0.12666666666666668,2.2231333333333336,,,,,,,,,,,,,0.6292291969232424,,,,,,,BOI-SJC,0
2025,1,BOI,SMF,161.14121140142518,1809.0,459.8479809976247,24350.0,32496.0,248.0,248.0,3.0,6.568548387096774,0.0,0.20161290322580644,2.2231333333333336,,,,,,,,,,,,,0.7493229935992122,,,,,,,BOI-SMF,0
2025,1,BOI,SNA,186.89832855778414,1722.0,815.6676217765043,12546.0,15480.0,137.0,0.0,0.0,0.0,0.0,0.0,2.2231333333333336,,,,,,,,,,,,,0.8104651162790698,,,,,,,BOI-SNA,1
2025,1,BOI,STS,82.1215909090909,262.0,531.469696969697,2132.0,3725.0,25.0,0.0,0.0,0.0,0.0,0.0,2.2231333333333336,,,,,,,,,,,,,0.5723489932885906,,,,,,,BOI-STS,0
2025,1,BOS,ATL,259.2002645659928,10063.0,966.1593341260404,164271.0,201511.0,1122.0,1146.0,4.0,13.960819234194123,0.02181500872600349,0.19720767888307156,2.2231333333333336,,,,,,,0.18040542999599665,0.022200385777195474,0.07972794287792138,0.19235893028329643,0.3715323460381475,0.35574939671415823,0.8151961927636705,0.18040542999599665,0.022200385777195474,0.07972794287792138,0.19235893028329643,0.3715323460381475,0.35574939671415823,BOS-ATL,1
2025,1,BOS,AUS,300.80170415224916,3959.0,1732.8053633217994,29663.0,34339.0,281.0,287.0,3.0,32.063604240282686,0.013937282229965157,0.289198606271777,2.2231333333333336,,,,,,,0.18066105522479983,0.012779716690617943,0.0655739832334086,0.16405824184380596,0.40716516563281335,0.3620476351146755,0.8638283001834649,0.18066105522479983,0.012779716690617943,0.0655739832334086,0.16405824184380596,0.40716516563281335,0.3620476351146755,BOS-AUS,1
2025,1,BOS,DFW,284.91022093813734,8091.0,1588.797756628144,115069.0,139747.0,852.0,875.0,5.0,13.832159624413146,0.027428571428571427,0.16914285714285715,2.2231333333333336,,,,,,,0.2062396282774643,0.03747759707932293,0.10718704340430481,0.1903530643250198,0.3470410781655484,0.3542601059847202,0.8234094470722091,0.2062396282774643,0.03747759707932293,0.10718704340430481,0.1903530643250198,0.3470410781655484,0.3542601059847202,BOS-DFW,1
2025,1,BOS,ELP,309.69152263374485,265.0,2189.082304526749,159.0,178.0,1.0,0.0,0.0,0.0,0.0,0.0,2.2231333333333336,,,,,,,,,,,,,0.8932584269662921,,,,,,,BOS-ELP,1
2025,1,BOS,IAH,296.1052898857385,4728.0,1644.4451967837495,50330.0,59669.0,376.0,381.0,2.0,8.99468085106383,0.013123359580052493,0.14435695538057744,2.2231333333333336,,,,,,,0.16850534248952576,0.02717108362049731,0.06321467851469073,0.21375131175937725,0.3868472966603237,0.33570759355923724,0.8434865675643969,0.16850534248952576,0.02717108362049731,0.06321467851469073,0.21375131175937725,0.3868472966603237,0.33570759355923724,BOS-IAH,1
2025,1,BOS,LAX,389.5187161342499,11559.0,2638.4884755357866,120680.0,148714.0,964.0,969.0,4.0,14.501037344398341,0.006191950464396285,0.16718266253869968,2.2231333333333336,,,,,,,0.1662822530232157,0.008191243991291414,0.06384287985231527,0.17061212978089035,0.33008563663401874,0.43409495483748084,0.8114905119894563,0.1662822530232157,0.008191243991291414,0.06384287985231527,0.17061212978089035,0.33008563663401874,0.43409495483748084,BOS-LAX,1
2025,1,BOS,ONT,288.3407368421053,306.0,2690.1157894736843,125.0,176.0,1.0,0.0,0.0,0.0,0.0,0.0,2.2231333333333336,,,,,,,,,,,,,0.7102272727272727,,,,,,,BOS-ONT,0
2025,1,BOS,SAN,347.24090022505624,5299.0,2616.710052513128,48507.0,57928.0,336.0,342.0,3.0,4.682352941176471,0.008771929824561403,0.14035087719298245,2.2231333333333336,,,,,,,0.20884454631252528,0.010516381286234326,0.06662806664762747,0.26037408113045896,0.37705046300462025,0.2940969356018669,0.837367076370667,0.20884454631252528,0.010516381286234326,0.06662806664762747,0.26037408113045896,0.37705046300462025,0.2940969356018669,BOS-SAN,1
2025,1,BOS,SAT,276.24942180094786,1379.0,1821.6218009478673,7082.0,10880.0,75.0,74.0,1.0,7.4324324324324325,0.0,0.0945945945945946,2.2231333333333336,,,,,,,,,,,,,0.6509191176470588,,,,,,,BOS-SAT,0
2025,1,BOS,SAV,194.06005230125524,2132.0,920.418410041841,18250.0,22726.0,172.0,177.0,3.0,14.563953488372093,0.02824858757062147,0.23163841807909605,2.2231333333333336,,,,,,,,,,,,,0.803044970518349,,,,,,,BOS-SAV,1
2025,1,BOS,SFO,456.4861395069152,11499.0,2735.726798957707,126229.0,155545.0,897.0,900.0,4.0,9.635044642857142,0.0044444444444444444,0.17333333333333334,2.2231333333333336,,,,,,,0.22080340516094707,0.00951789778605421,0.04750395680104273,0.43247928498277627,0.2687235825342147,0.25053346988176145,0.8115272107750169,0.22080340516094707,0.00951789778605421,0.04750395680104273,0.43247928498277627,0.2687235825342147,0.25053346988176145,BOS-SFO,1
2025,1,BPT,DFW,256.7804545454546,66.0,270.0,7534.0,10725.0,165.0,180.0,1.0,14.30722891566265,0.07777777777777778,0.17222222222222222,2.2231333333333336,,,,,,,0.2062396282774643,0.03747759707932293,0.10718704340430481,0.1903530643250198,0.3470410781655484,0.3542601059847202,0.7024708624708624,0.2062396282774643,0.03747759707932293,0.10718704340430481,0.1903530643250198,0.3470410781655484,0.3542601059847202,BPT-DFW,0
2025,1,BQK,ATL,228.04359154929577,206.0,238.26760563380282,11738.0,17420.0,245.0,253.0,1.0,9.63265306122449,0.03162055335968379,0.16600790513833993,2.2231333333333336,,,,,,,0.18040542999599665,0.022200385777195474,0.07972794287792138,0.19235893028329643,0.3715323460381475,0.35574939671415823,0.6738231917336395,0.18040542999599665,0.022200385777195474,0.07972794287792138,0.19235893028329643,0.3715323460381475,0.35574939671415823,BQK-ATL,0
2025,1,BRO,BUR,289.1,10.0,1886.8,18.0,24.0,2.0,0.0,0.0,0.0,0.0,0.0,2.2231333333333336,,,,,,,,,,,,,0.75,,,,,,,BRO-BUR,0
2025,1,BRO,DFW,281.3908527131783,310.0,484.61240310077517,20188.0,27273.0,392.0,412.0,2.0,19.015345268542198,0.050970873786407765,0.220873786407767,2.2231333333333336,,,,,,,0.2062396282774643,0.03747759707932293,0.10718704340430481,0.1903530643250198,0.3470410781655484,0.3542601059847202,0.740219264474022,0.2062396282774643,0.03747759707932293,0.10718704340430481,0.1903530643250198,0.3470410781655484,0.3542601059847202,BRO-DFW,0
2025,1,BRO,ELP,243.4167857142857,28.0,1010.2142857142857,73.0,155.0,1.0,0.0,0.0,0.0,0.0,0.0,2.2231333333333336,,,,,,,,,,,,,0.47096774193548385,,,,,,,BRO-ELP,0
2025,1,BRO,GSP,279.2011764705882,18.0,1305.4117647058824,0.0,0.0,1.0,0.0,0.0,0.0,0.0,0.0,2.2231333333333336,,,,,,,,,,,,,,,,,,,,BRO-GSP,0
2025,1,BRO,IAH,226.23093567251462,232.0,320.812865497076,16471.0,22912.0,423.0,431.0,2.0,3.1908212560386473,0.03944315545243619,0.09280742459396751,2.2231333333333336,,,,,,,0.16850534248952576,0.02717108362049731,0.06321467851469073,0.21375131175937725,0.3868472966603237,0.33570759355923724,0.71888093575419,0.16850534248952576,0.02717108362049731,0.06321467851469073,0.21375131175937725,0.3868472966603237,0.33570759355923724,BRO-IAH,0
2025,1,BRO,LAX,272.28603174603177,148.0,1705.2698412698412,178.0,712.0,4.0,0.0,0.0,0.0,0.0,0.0,2.2231333333333336,,,,,,,0.1662822530232157,0.008191243991291414,0.06384287985231527,0.17061212978089035,0.33008563663401874,0.43409495483748084,0.25,0.1662822530232157,0.008191243991291414,0.06384287985231527,0.17061212978089035,0.33008563663401874,0.43409495483748084,BRO-LAX,0
2025,1,BRO,MCI,304.585,38.0,946.0263157894736,0.0,251.0,1.0,0.0,0.0,0.0,0.0,0.0,2.2231333333333336,,,,,,,,,,,,,0.0,,,,,,,BRO-MCI,0
2025,1,BRO,MIA,300.37309090909093,64.0,1455.6727272727273,21.0,341.0,2.0,0.0,0.0,0.0,0.0,0.0,2.2231333333333336,,,,,,,,,,,,,0.06158357771260997,,,,,,,BRO-MIA,0
2025,1,BRO,SDF,276.1721739130435,23.0,1179.6521739130435,0.0,0.0,1.0,0.0,0.0,0.0,0.0,0.0,2.2231333333333336,,,,,,,,,,,,,,,,,,,,BRO-SDF,0
2025,1,BRO,TXK,169.0,1.0,663.0,0.0,65.0,1.0,0.0,0.0,0.0,0.0,0.0,2.2231333333333336,,,,,,,,,,,,,0.0,,,,,,,BRO-TXK,0
2025,1,BTR,ATL,292.36610989010984,585.0,453.95824175824174,30455.0,36821.0,401.0,416.0,2.0,13.902255639097744,0.040865384615384616,0.17548076923076922,2.2231333333333336,,,,,,,0.18040542999599665,0.022200385777195474,0.07972794287792138,0.19235893028329643,0.3715323460381475,0.35574939671415823,0.8271095298878357,0.18040542999599665,0.022200385777195474,0.07972794287792138,0.19235893028329643,0.3715323460381475,0.35574939671415823,BTR-ATL,1
2025,1,BTR,AUS,234.71539130434783,119.0,452.5913043478261,166.0,232.0,2.0,0.0,0.0,0.0,0.0,0.0,2.2231333333333336,,,,,,,0.18066105522479983,0.012779716690617943,0.0655739832334086,0.16405824184380596,0.40716516563281335,0.3620476351146755,0.7155172413793104,0.18066105522479983,0.012779716690617943,0.0655739832334086,0.16405824184380596,0.40716516563281335,0.3620476351146755,BTR-AUS,0
2025,1,BTR,CLL,304.75,2.0,547.0,86.0,318.0,3.0,0.0,0.0,0.0,0.0,0.0,2.2231333333333336,,,,,,,,,,,,,0.27044025157232704,,,,,,,BTR-CLL,0
2025,1,BTR,DFW,300.4399001996008,623.0,385.23952095808386,24041.0,28993.0,397.0,425.0,3.0,15.481203007518797,0.0611764705882353,0.24705882352941178,2.2231333333333336,,,,,,,0.2062396282774643,0.03747759707932293,0.10718704340430481,0.1903530643250198,0.3470410781655484,0.3542601059847202,0.8292001517607699,0.2062396282774643,0.03747759707932293,0.10718704340430481,0.1903530643250198,0.3470410781655484,0.3542601059847202,BTR-DFW,1
2025,1,BTR,IAH,261.1527114967462,520.0,259.9110629067245,23667.0,30002.0,485.0,495.0,4.0,8.0,0.03434343434343434,0.12323232323232323,2.2231333333333336,,,,,,,0.16850534248952576,0.02717108362049731,0.06321467851469073,0.21375131175937725,0.3868472966603237,0.33570759355923724,0.7888474101726551,0.16850534248952576,0.02717108362049731,0.06321467851469073,0.21375131175937725,0.3868472966603237,0.33570759355923724,BTR-IAH,0
2025,1,BTR,LAX,319.78365853658534,129.0,1720.2682926829268,68.0,68.0,1.0,0.0,0.0,0.0,0.0,0.0,2.2231333333333336,,,,,,,0.1662822530232157,0.008191243991291414,0.06384287985231527,0.17061212978089035,0.33008563663401874,0.43409495483748084,1.0,0.1662822530232157,0.008191243991291414,0.06384287985231527,0.17061212978089035,0.33008563663401874,0.43409495483748084,BTR-LAX,1
2025,1,BTR,SAN,277.11926315789475,97.0,1612.9894736842105,101.0,177.0,1.0,0.0,0.0,0.0,0.0,0.0,2.2231333333333336,,,,,,,0.20884454631252528,0.010516381286234326,0.06662806664762747,0.26037408113045896,0.37705046300462025,0.2940969356018669,0.5706214689265536,0.20884454631252528,0.010516381286234326,0.06662806664762747,0.26037408113045896,0.37705046300462025,0.2940969356018669,BTR-SAN,0
2025,1,BTR,TYR,335.5,1.0,485.0,0.0,65.0,1.0,0.0,0.0,0.0,0.0,0.0,2.2231333333333336,,,,,,,,,,,,,0.0,,,,,,,BTR-TYR,0
2025,1,BTV,ATL,302.629590443686,349.0,1045.4778156996588,11091.0,14043.0,88.0,90.0,1.0,5.842696629213483,0.022222222222222223,0.14444444444444443,2.2231333333333336,,,,,,,0.18040542999599665,0.022200385777195474,0.07972794287792138,0.19235893028329643,0.3715323460381475,0.35574939671415823,0.7897885067293313,0.18040542999599665,0.022200385777195474,0.07972794287792138,0.19235893028329643,0.3715323460381475,0.35574939671415823,BTV-ATL,0
2025,1,BUF,ATL,246.75784883720928,1255.0,789.5,37519.0,51336.0,282.0,283.0,2.0,15.375,0.014134275618374558,0.26148409893992935,2.2231333333333336,,,,,,,0.18040542999599665,0.022200385777195474,0.07972794287792138,0.19235893028329643,0.3715323460381475,0.35574939671415823,0.7308516440704379,0.18040542999599665,0.022200385777195474,0.07972794287792138,0.19235893028329643,0.3715323460381475,0.35574939671415823,BUF-ATL,0
2025,1,BUF,DFW,288.6077972027972,690.0,1407.8636363636363,6433.0,7798.0,50.0,52.0,1.0,15.26,0.038461538461538464,0.15384615384615385,2.2231333333333336,,,,,,,0.2062396282774643,0.03747759707932293,0.10718704340430481,0.1903530643250198,0.3470410781655484,0.3542601059847202,0.8249551166965888,0.2062396282774643,0.03747759707932293,0.10718704340430481,0.1903530643250198,0.3470410781655484,0.3542601059847202,BUF-DFW,1
2025,1,BUF,LAX,248.75072058823528,783.0,2425.9029411764704,838.0,972.0,6.0,6.0,1.0,10.0,0.0,0.3333333333333333,2.2231333333333336,,,,,,,0.1662822530232157,0.008191243991291414,0.06384287985231527,0.17061212978089035,0.33008563663401874,0.43409495483748084,0.8621399176954733,0.1662822530232157,0.008191243991291414,0.06384287985231527,0.17061212978089035,0.33008563663401874,0.43409495483748084,BUF-LAX,1
2025,1,BUF,LRD,488.8528571428572,7.0,1868.0,0.0,0.0,1.0,0.0,0.0,0.0,0.0,0.0,2.2231333333333336,,,,,,,,,,,,,,,,,,,,BUF-LRD,0
2025,1,BUF,ONT,303.76518987341774,83.0,2285.3670886075947,52.0,72.0,1.0,0.0,0.0,0.0,0.0,0.0,2.2231333333333336,,,,,,,,,,,,,0.7222222222222222,,,,,,,BUF-ONT,0
2025,1,BUF,SAT,288.25485294117647,214.0,1627.3529411764705,166.0,180.0,1.0,0.0,0.0,0.0,0.0,0.0,2.2231333333333336,,,,,,,,,,,,,0.9222222222222223,,,,,,,BUF-SAT,1
2025,1,BUF,SFO,299.8479696969697,352.0,2572.269696969697,157.0,159.0,1.0,0.0,0.0,0.0,0.0,0.0,2.2231333333333336,,,,,,,0.22080340516094707,0.00951789778605421,0.04750395680104273,0.43247928498277627,0.2687235825342147,0.25053346988176145,0.9874213836477987,0.22080340516094707,0.00951789778605421,0.04750395680104273,0.43247928498277627,0.2687235825342147,0.25053346988176145,BUF-SFO,1
2025,1,BUR,ABQ,206.98728767123288,540.0,688.5972602739726,7013.0,11440.0,80.0,82.0,1.0,-1.0493827160493827,0.012195121951219513,0.06097560975609756,2.2231333333333336,,,,,,,,,,,,,0.6130244755244755,,,,,,,BUR-ABQ,0
2025,1,BUR,ACV,110.98028340080972,447.0,564.9716599190283,4710.0,5772.0,39.0,0.0,0.0,0.0,0.0,0.0,2.2231333333333336,,,,,,,,,,,,,0.816008316008316,,,,,,,BUR-ACV,1
2025,1,BUR,ASE,472.5833333333333,6.0,1074.5,6.0,9.0,1.0,0.0,0.0,0.0,0.0,0.0,2.2231333333333336,,,,,,,,,,,,,0.6666666666666666,,,,,,,BUR-ASE,0
2025,1,BUR,ATL,398.09838414634146,774.0,1989.6920731707316,17588.0,20016.0,154.0,78.0,1.0,6.818181818181818,0.01282051282051282,0.14102564102564102,2.2231333333333336,,,,,,,0.18040542999599665,0.022200385777195474,0.07972794287792138,0.19235893028329643,0.3715323460381475,0.35574939671415823,0.8786970423661071,0.18040542999599665,0.022200385777195474,0.07972794287792138,0.19235893028329643,0.3715323460381475,0.35574939671415823,BUR-ATL,1
2025,1,BUR,AUS,245.43763826606875,1912.0,1283.0104633781764,20210.0,24596.0,172.0,88.0,1.0,3.7011494252873565,0.011363636363636364,0.11363636363636363,2.2231333333333336,,,,,,,0.18066105522479983,0.012779716690617943,0.0655739832334086,0.16405824184380596,0.40716516563281335,0.3620476351146755,0.8216783216783217,0.18066105522479983,0.012779716690617943,0.0655739832334086,0.16405824184380596,0.40716516563281335,0.3620476351146755,BUR-AUS,1
2025,1,BUR,BNA,251.1242002781641,914.0,1886.5104311543812,7330.0,8580.0,60.0,60.0,1.0,4.533333333333333,0.0,0.11666666666666667,2.2231333333333336,,,,,,,,,,,,,0.8543123543123543,,,,,,,BUR-BNA,1
2025,1,BUR,BOI,159.25055555555556,1050.0,723.5648148148148,9648.0,11460.0,112.0,113.0,3.0,10.132743362831858,0.0,0.25663716814159293,2.2231333333333336,,,,,,,,,,,,,0.8418848167539267,,,,,,,BUR-BOI,1
2025,1,BUR,COS,212.95154838709675,164.0,920.4580645161291,116.0,126.0,1.0,0.0,0.0,0.0,0.0,0.0,2.2231333333333336,,,,,,,,,,,,,0.9206349206349206,,,,,,,BUR-COS,1
2025,1,BUR,DAL,263.3705249343832,1132.0,1262.4251968503936,20082.0,26884.0,188.0,97.0,1.0,2.648936170212766,0.030927835051546393,0.07216494845360824,2.2231333333333336,,,,,,,,,,,,,0.7469870554976938,,,,,,,BUR-DAL,0
2025,1,BUR,DEN,192.9372149122807,2874.0,860.0453216374269,53016.0,74777.0,515.0,522.0,3.0,6.5,0.011494252873563218,0.14559386973180077,2.2231333333333336,,,,,,,,,,,,,0.7089880578252671,,,,,,,BUR-DEN,0
2025,1,BUR,DFW,349.4503979238754,1922.0,1261.3425605536331,50234.0,59856.0,348.0,180.0,1.0,7.948863636363637,0.027777777777777776,0.1388888888888889,2.2231333333333336,,,,,,,0.2062396282774643,0.03747759707932293,0.10718704340430481,0.1903530643250198,0.3470410781655484,0.3542601059847202,0.8392475273990911,0.2062396282774643,0.03747759707932293,0.10718704340430481,0.1903530643250198,0.3470410781655484,0.3542601059847202,BUR-DFW,1
2025,1,BUR,EUG,168.04159420289855,495.0,808.4666666666667,3480.0,4814.0,32.0,3.0,1.0,31.666666666666668,0.0,0.6666666666666666,2.2231333333333336,,,,,,,,,,,,,0.7228915662650602,,,,,,,BUR-EUG,0
2025,1,BUR,FAT,253.5,6.0,484.0,491.0,534.0,3.0,0.0,0.0,0.0,0.0,0.0,2.2231333333333336,,,,,,,,,,,,,0.9194756554307116,,,,,,,BUR-FAT,1
2025,1,BUR,FCA,251.06361111111113,40.0,1198.0555555555557,180.0,298.0,2.0,0.0,0.0,0.0,0.0,0.0,2.2231333333333336,,,,,,,,,,,,,0.6040268456375839,,,,,,,BUR-FCA,0
2025,1,BUR,HOU,250.93523659305995,864.0,1421.1482649842271,13914.0,19176.0,136.0,66.0,1.0,4.7272727272727275,0.0,0.19696969696969696,2.2231333333333336,,,,,,,,,,,,,0.7255944931163955,,,,,,,BUR-HOU,0
2025,1,BUR,IAD,299.2289230769231,67.0,2380.276923076923,4.0,12.0,1.0,0.0,0.0,0.0,0.0,0.0,2.2231333333333336,,,,,,,,,,,,,0.3333333333333333,,,,,,,BUR-IAD,0
2025,1,BUR,LAS,152.34365578635015,6922.0,223.03501483679526,106455.0,176836.0,1669.0,1062.0,2.0,6.156521739130435,0.026365348399246705,0.16101694915254236,2.2231333333333336,,,,,,,,,,,,,0.6019984618516592,,,,,,,BUR-LAS,0
2025,1,BUR,MAF,228.5868888888889,92.0,1339.9777777777779,188.0,344.0,2.0,0.0,0.0,0.0,0.0,0.0,2.2231333333333336,,,,,,,,,,,,,0.5465116279069767,,,,,,,BUR-MAF,0
2025,1,BUR,MCI,256.810875,491.0,1413.85,4866.0,7150.0,50.0,51.0,1.0,1.54,0.0196078431372549,0.13725490196078433,2.2231333333333336,,,,,,,,,,,,,0.6805594405594405,,,,,,,BUR-MCI,0
2025,1,BUR,MDW,243.76700000000002,526.0,1780.948717948718,6673.0,8866.0,62.0,62.0,1.0,3.370967741935484,0.0,0.08064516129032258,2.2231333333333336,,,,,,,,,,,,,0.7526505752312204,,,,,,,BUR-MDW,0
2025,1,BUR,MEM,263.1381481481481,55.0,1688.7962962962963,0.0,0.0,57.0,0.0,0.0,0.0,0.0,0.0,2.2231333333333336,,,,,,,,,,,,,,,,,,,,BUR-MEM,0
2025,1,BUR,MFR,117.81916201117319,346.0,689.2290502793296,2968.0,3874.0,26.0,0.0,0.0,0.0,0.0,0.0,2.2231333333333336,,,,,,,,,,,,,0.766133195663397,,,,,,,BUR-MFR,0
2025,1,BUR,MSY,288.2510975609756,264.0,1753.361788617886,1912.0,2574.0,18.0,18.0,1.0,19.666666666666668,0.0,0.16666666666666666,2.2231333333333336,,,,,,,,,,,,,0.7428127428127428,,,,,,,BUR-MSY,0
2025,1,BUR,OAK,167.8875901875902,5275.0,326.72366522366525,69279.0,123122.0,1122.0,794.0,2.0,3.3225388601036268,0.027707808564231738,0.1309823677581864,2.2231333333333336,,,,,,,,,,,,,0.5626857913289258,,,,,,,BUR-OAK,0
2025,1,BUR,PDX,197.2508674698795,2481.0,846.5429718875502,24583.0,34164.0,231.0,236.0,3.0,-1.6493506493506493,0.0211864406779661,0.0847457627118644,2.2231333333333336,,,,,,,,,,,,,0.719558599695586,,,,,,,BUR-PDX,0
2025,1,BUR,PHX,158.55961669092673,5445.0,369.87967006307616,72282.0,100169.0,805.0,814.0,5.0,5.439054726368159,0.012285012285012284,0.13022113022113022,2.2231333333333336,,,,,,,,,,,,,0.7216004951631743,,,,,,,BUR-PHX,0
2025,1,BUR,PSC,134.39335294117646,319.0,903.4,2746.0,4023.0,27.0,0.0,0.0,0.0,0.0,0.0,2.2231333333333336,,,,,,,,,,,,,0.6825751926423067,,,,,,,BUR-PSC,0
2025,1,BUR,RDM,140.56737288135594,410.0,769.9703389830509,3687.0,4470.0,30.0,0.0,0.0,0.0,0.0,0.0,2.2231333333333336,,,,,,,,,,,,,0.8248322147651007,,,,,,,BUR-RDM,1
2025,1,BUR,RNO,160.83662131519273,787.0,406.44444444444446,9472.0,15159.0,155.0,95.0,1.0,6.763440860215054,0.021052631578947368,0.17894736842105263,2.2231333333333336,,,,,,,,,,,,,0.6248433273962662,,,,,,,BUR-RNO,0
2025,1,BUR,SAT,250.19763546798032,488.0,1315.896551724138,3162.0,4290.0,30.0,15.0,1.0,30.666666666666668,0.0,0.2,2.2231333333333336,,,,,,,,,,,,,0.737062937062937,,,,,,,BUR-SAT,0
2025,1,BUR,SDF,267.49611111111113,92.0,1945.3444444444444,0.0,0.0,58.0,0.0,0.0,0.0,0.0,0.0,2.2231333333333336,,,,,,,,,,,,,,,,,,,,BUR-SDF,0
2025,1,BUR,SEA,217.38131362889985,3799.0,953.1773399014778,43647.0,56012.0,331.0,344.0,2.0,3.226865671641791,0.02616279069767442,0.14825581395348839,2.2231333333333336,,,,,,,,,,,,,0.7792437334856817,,,,,,,BUR-SEA,0
2025,1,BUR,SFO,143.02144368858654,6321.0,326.8813303099017,71577.0,89624.0,844.0,865.0,4.0,16.046208530805686,0.024277456647398842,0.2300578034682081,2.2231333333333336,,,,,,,0.22080340516094707,0.00951789778605421,0.04750395680104273,0.43247928498277627,0.2687235825342147,0.25053346988176145,0.7986365259305543,0.22080340516094707,0.00951789778605421,0.04750395680104273,0.43247928498277627,0.2687235825342147,0.25053346988176145,BUR-SFO,0
2025,1,BUR,SJC,176.54771503040834,3822.0,296.87228496959165,44250.0,84688.0,587.0,597.0,2.0,1.6701030927835052,0.02680067001675042,0.11557788944723618,2.2231333333333336,,,,,,,,,,,,,0.5225061401851502,,,,,,,BUR-SJC,0
2025,1,BUR,SLC,253.00436997319036,1709.0,592.6371760500447,24143.0,35142.0,408.0,318.0,3.0,5.809523809523809,0.009433962264150943,0.16352201257861634,2.2231333333333336,,,,,,,,,,,,,0.687012691366456,,,,,,,BUR-SLC,0
2025,1,BUR,SLE,82.28688524590164,247.0,779.0,2555.0,3725.0,25.0,0.0,0.0,0.0,0.0,0.0,2.2231333333333336,,,,,,,,,,,,,0.6859060402684564,,,,,,,BUR-SLE,0
2025,1,BUR,SMF,184.1911455399061,4230.0,364.15399061032866,50323.0,87306.0,611.0,624.0,1.0,1.7401960784313726,0.020833333333333332,0.11858974358974358,2.2231333333333336,,,,,,,,,,,,,0.5763979566123749,,,,,,,BUR-SMF,0
2025,1,BUR,STL,279.8036164383562,469.0,1635.7780821917809,5375.0,7293.0,51.0,53.0,1.0,3.627450980392157,0.03773584905660377,0.07547169811320754,2.2231333333333336,,,,,,,,,,,,,0.7370080899492664,,,,,,,BUR-STL,0
2025,1,BUR,STS,115.01282651072125,1046.0,387.00974658869393,10665.0,16224.0,152.0,90.0,2.0,4.659090909090909,0.022222222222222223,0.12222222222222222,2.2231333333333336,,,,,,,,,,,,,0.6573594674556213,,,,,,,BUR-STS,0
2025,1,BUR,TUS,200.70388888888888,99.0,526.5777777777778,0.0,65.0,1.0,0.0,0.0,0.0,0.0,0.0,2.2231333333333336,,,,,,,,,,,,,0.0,,,,,,,BUR-TUS,0
2025,1,BWI,ATL,177.53292545710266,7948.0,589.1550632911392,167643.0,243722.0,1407.0,1359.0,4.0,9.570672713529856,0.026490066225165563,0.1751287711552612,2.2231333333333336,,,,,,,0.18040542999599665,0.022200385777195474,0.07972794287792138,0.19235893028329643,0.3715323460381475,0.35574939671415823,0.6878451678551792,0.18040542999599665,0.022200385777195474,0.07972794287792138,0.19235893028329643,0.3715323460381475,0.35574939671415823,BWI-ATL,0
2025,1,BWI,AUS,286.5090814814815,2131.0,1394.7792592592593,30067.0,43691.0,261.0,268.0,1.0,12.33206106870229,0.022388059701492536,0.19029850746268656,2.2231333333333336,,,,,,,0.18066105522479983,0.012779716690617943,0.0655739832334086,0.16405824184380596,0.40716516563281335,0.3620476351146755,0.6881737657641162,0.18066105522479983,0.012779716690617943,0.0655739832334086,0.16405824184380596,0.40716516563281335,0.3620476351146755,BWI-AUS,0
2025,1,BWI,CLL,289.8283333333333,6.0,1407.6666666666667,101.0,137.0,1.0,0.0,0.0,0.0,0.0,0.0,2.2231333333333336,,,,,,,,,,,,,0.7372262773722628,,,,,,,BWI-CLL,0
2025,1,BWI,CSG,246.7058823529412,19.0,660.0,129.0,194.0,1.0,0.0,0.0,0.0,0.0,0.0,2.2231333333333336,,,,,,,,,,,,,0.6649484536082474,,,,,,,BWI-CSG,0
2025,1,BWI,DAL,228.5796124523507,2803.0,1225.9091486658197,47288.0,67900.0,409.0,421.0,1.0,12.95354523227384,0.028503562945368172,0.23515439429928742,2.2231333333333336,,,,,,,,,,,,,0.6964359351988217,,,,,,,BWI-DAL,0
2025,1,BWI,DFW,192.4358769230769,3192.0,1261.256,47066.0,62329.0,343.0,357.0,3.0,7.513119533527697,0.0392156862745098,0.1876750700280112,2.2231333333333336,,,,,,,0.2062396282774643,0.03747759707932293,0.10718704340430481,0.1903530643250198,0.3470410781655484,0.3542601059847202,0.7551220138298385,0.2062396282774643,0.03747759707932293,0.10718704340430481,0.1903530643250198,0.3470410781655484,0.3542601059847202,BWI-DFW,0
2025,1,BWI,HOU,224.28543084721215,2497.0,1274.685734974656,39392.0,49448.0,312.0,321.0,1.0,13.041935483870967,0.03426791277258567,0.21806853582554517,2.2231333333333336,,,,,,,,,,,,,0.7966348487299789,,,,,,,BWI-HOU,0
2025,1,BWI,HRL,219.78743589743587,80.0,1612.2307692307693,0.0,180.0,1.0,0.0,0.0,0.0,0.0,0.0,2.2231333333333336,,,,,,,,,,,,,0.0,,,,,,,BWI-HRL,0
2025,1,BWI,IAH,195.32111888111888,2627.0,1303.3916083916083,34024.0,43524.0,282.0,278.0,3.0,6.159259259259259,0.02877697841726619,0.09712230215827339,2.2231333333333336,,,,,,,0.16850534248952576,0.02717108362049731,0.06321467851469073,0.21375131175937725,0.3868472966603237,0.33570759355923724,0.7817296204392978,0.16850534248952576,0.02717108362049731,0.06321467851469073,0.21375131175937725,0.3868472966603237,0.33570759355923724,BWI-IAH,0
2025,1,BWI,LAX,274.44,3599.0,2380.4116853932583,37698.0,53842.0,305.0,313.0,3.0,4.00327868852459,0.025559105431309903,0.14057507987220447,2.2231333333333336,,,,,,,0.1662822530232157,0.008191243991291414,0.06384287985231527,0.17061212978089035,0.33008563663401874,0.43409495483748084,0.7001597266074812,0.1662822530232157,0.008191243991291414,0.06384287985231527,0.17061212978089035,0.33008563663401874,0.43409495483748084,BWI-LAX,0
2025,1,BWI,MCN,171.07,1.0,594.0,2757.0,4590.0,153.0,0.0,0.0,0.0,0.0,0.0,2.2231333333333336,,,,,,,,,,,,,0.6006535947712418,,,,,,,BWI-MCN,0
2025,1,BWI,OAK,265.4755642023346,281.0,2565.6070038910507,494.0,700.0,4.0,4.0,1.0,29.0,0.0,0.25,2.2231333333333336,,,,,,,,,,,,,0.7057142857142857,,,,,,,BWI-OAK,0
2025,1,BWI,SAN,319.9075241935484,1904.0,2365.1008064516127,22530.0,32175.0,193.0,197.0,1.0,12.195876288659793,0.015228426395939087,0.233502538071066,2.2231333333333336,,,,,,,0.20884454631252528,0.010516381286234326,0.06662806664762747,0.26037408113045896,0.37705046300462025,0.2940969356018669,0.7002331002331003,0.20884454631252528,0.010516381286234326,0.06662806664762747,0.26037408113045896,0.37705046300462025,0.2940969356018669,BWI-SAN,0
2025,1,BWI,SAT,290.9661560150376,1505.0,1465.376879699248,20620.0,27711.0,177.0,181.0,1.0,14.757062146892656,0.022099447513812154,0.2983425414364641,2.2231333333333336,,,,,,,,,,,,,0.7441088376457002,,,,,,,BWI-SAT,0
2025,1,BWI,SAV,201.72884972170687,975.0,571.0705009276438,18646.0,31834.0,198.0,204.0,1.0,13.313131313131313,0.029411764705882353,0.21568627450980393,2.2231333333333336,,,,,,,,,,,,,0.5857259533831752,,,,,,,BWI-SAV,0
2025,1,BWI,SFO,312.25782357194504,1767.0,2529.7180043383946,11298.0,14965.0,90.0,92.0,1.0,-3.0555555555555554,0.021739130434782608,0.05434782608695652,2.2231333333333336,,,,,,,0.22080340516094707,0.00951789778605421,0.04750395680104273,0.43247928498277627,0.2687235825342147,0.25053346988176145,0.7549615770130303,0.22080340516094707,0.00951789778605421,0.04750395680104273,0.43247928498277627,0.2687235825342147,0.25053346988176145,BWI-SFO,0
2025,1,BWI,SMF,291.1234750462107,584.0,2503.3216266173754,3525.0,4375.0,25.0,26.0,1.0,7.3076923076923075,0.0,0.15384615384615385,2.2231333333333336,,,,,,,,,,,,,0.8057142857142857,,,,,,,BWI-SMF,1
2025,1,BZN,ATL,463.8389931350115,832.0,1726.5812356979404,19151.0,23425.0,118.0,118.0,1.0,41.675213675213676,0.025423728813559324,0.2542372881355932,2.2231333333333336,,,,,,,0.18040542999599665,0.022200385777195474,0.07972794287792138,0.19235893028329643,0.3715323460381475,0.35574939671415823,0.8175453575240128,0.18040542999599665,0.022200385777195474,0.07972794287792138,0.19235893028329643,0.3715323460381475,0.35574939671415823,BZN-ATL,1
2025,1,BZN,AUS,303.50362776025236,380.0,1445.826498422713,0.0,155.0,1.0,0.0,0.0,0.0,0.0,0.0,2.2231333333333336,,,,,,,0.18066105522479983,0.012779716690617943,0.0655739832334086,0.16405824184380596,0.40716516563281335,0.3620476351146755,0.0,0.18066105522479983,0.012779716690617943,0.0655739832334086,0.16405824184380596,0.40716516563281335,0.3620476351146755,BZN-AUS,0
2025,1,BZN,DAL,300.6078431372549,117.0,1360.8235294117646,534.0,744.0,4.0,0.0,0.0,0.0,0.0,0.0,2.2231333333333336,,,,,,,,,,,,,0.717741935483871,,,,,,,BZN-DAL,0
2025,1,BZN,DFW,342.88593155893534,786.0,1268.4391634980989,24274.0,29648.0,172.0,170.0,2.0,31.154761904761905,0.011764705882352941,0.3764705882352941,2.2231333333333336,,,,,,,0.2062396282774643,0.03747759707932293,0.10718704340430481,0.1903530643250198,0.3470410781655484,0.3542601059847202,0.8187398812736104,0.2062396282774643,0.03747759707932293,0.10718704340430481,0.1903530643250198,0.3470410781655484,0.3542601059847202,BZN-DFW,1
2025,1,BZN,IAH,365.66343195266273,400.0,1471.4408284023668,2777.0,3870.0,29.0,29.0,1.0,26.75862068965517,0.0,0.20689655172413793,2.2231333333333336,,,,,,,0.16850534248952576,0.02717108362049731,0.06321467851469073,0.21375131175937725,0.3868472966603237,0.33570759355923724,0.7175710594315245,0.16850534248952576,0.02717108362049731,0.06321467851469073,0.21375131175937725,0.3868472966603237,0.33570759355923724,BZN-IAH,0
2025,1,BZN,LAX,302.4982068062827,1016.0,967.6465968586388,10575.0,14299.0,188.0,192.0,2.0,5.026455026455026,0.015625,0.11979166666666667,2.2231333333333336,,,,,,,0.1662822530232157,0.008191243991291414,0.06384287985231527,0.17061212978089035,0.33008563663401874,0.43409495483748084,0.739562207147353,0.1662822530232157,0.008191243991291414,0.06384287985231527,0.17061212978089035,0.33008563663401874,0.43409495483748084,BZN-LAX,0
2025,1,BZN,SAN,233.40836405529953,487.0,1164.4400921658987,840.0,1064.0,14.0,14.0,2.0,18.285714285714285,0.0,0.5,2.2231333333333336,,,,,,,0.20884454631252528,0.010516381286234326,0.06662806664762747,0.26037408113045896,0.37705046300462025,0.2940969356018669,0.7894736842105263,0.20884454631252528,0.010516381286234326,0.06662806664762747,0.26037408113045896,0.37705046300462025,0.2940969356018669,BZN-SAN,0
2025,1,BZN,SFO,306.67591591591594,913.0,891.9639639639639,9760.0,13992.0,106.0,106.0,2.0,20.714285714285715,0.009433962264150943,0.27358490566037735,2.2231333333333336,,,,,,,0.22080340516094707,0.00951789778605421,0.04750395680104273,0.43247928498277627,0.2687235825342147,0.25053346988176145,0.6975414522584333,0.22080340516094707,0.00951789778605421,0.04750395680104273,0.43247928498277627,0.2687235825342147,0.25053346988176145,BZN-SFO,0
2025,1,BZN,SJC,194.3384210526316,98.0,1152.1473684210525,4.0,8.0,1.0,0.0,0.0,0.0,0.0,0.0,2.2231333333333336,,,,,,,,,,,,,0.5,,,,,,,BZN-SJC,0
2025,1,CAE,ABY,337.0,2.0,337.0,0.0,0.0,1.0,0.0,0.0,0.0,0.0,0.0,2.2231333333333336,,,,,,,,,,,,,,,,,,,,CAE-ABY,0
2025,1,CAE,ATL,297.5694652406417,218.0,193.58288770053477,54008.0,64571.0,643.0,653.0,2.0,9.371875,0.019908116385911178,0.15313935681470137,2.2231333333333336,,,,,,,0.18040542999599665,0.022200385777195474,0.07972794287792138,0.19235893028329643,0.3715323460381475,0.35574939671415823,0.8364126310572858,0.18040542999599665,0.022200385777195474,0.07972794287792138,0.19235893028329643,0.3715323460381475,0.35574939671415823,CAE-ATL,1
2025,1,CAE,AUS,295.97282485875706,186.0,1091.2146892655367,38.0,75.0,1.0,0.0,0.0,0.0,0.0,0.0,2.2231333333333336,,,,,,,0.18066105522479983,0.012779716690617943,0.0655739832334086,0.16405824184380596,0.40716516563281335,0.3620476351146755,0.5066666666666667,0.18066105522479983,0.012779716690617943,0.0655739832334086,0.16405824184380596,0.40716516563281335,0.3620476351146755,CAE-AUS,0
2025,1,CAE,DFW,385.37419161676644,419.0,981.9491017964071,12391.0,13900.0,205.0,180.0,2.0,2.3045977011494254,0.03333333333333333,0.1,2.2231333333333336,,,,,,,0.2062396282774643,0.03747759707932293,0.10718704340430481,0.1903530643250198,0.3470410781655484,0.3542601059847202,0.8914388489208633,0.2062396282774643,0.03747759707932293,0.10718704340430481,0.1903530643250198,0.3470410781655484,0.3542601059847202,CAE-DFW,1
2025,1,CAE,IAH,269.73020833333334,204.0,1033.4947916666667,0.0,50.0,1.0,0.0,0.0,0.0,0.0,0.0,2.2231333333333336,,,,,,,0.16850534248952576,0.02717108362049731,0.06321467851469073,0.21375131175937725,0.3868472966603237,0.33570759355923724,0.0,0.16850534248952576,0.02717108362049731,0.06321467851469073,0.21375131175937725,0.3868472966603237,0.33570759355923724,CAE-IAH,0
2025,1,CAK,HOU,413.0,1.0,1577.0,105.0,186.0,1.0,0.0,0.0,0.0,0.0,0.0,2.2231333333333336,,,,,,,,,,,,,0.5645161290322581,,,,,,,CAK-HOU,0
2025,1,CAK,SAV,120.71474178403757,344.0,617.0985915492957,3082.0,3951.0,25.0,26.0,1.0,64.44,0.038461538461538464,0.38461538461538464,2.2231333333333336,,,,,,,,,,,,,0.780055682105796,,,,,,,CAK-SAV,0
2025,1,CHA,AGS,306.846,5.0,249.0,0.0,186.0,1.0,0.0,0.0,0.0,0.0,0.0,2.2231333333333336,,,,,,,,,,,,,0.0,,,,,,,CHA-AGS,0
2025,1,CHA,ATL,231.88714285714286,38.0,106.0,50217.0,58738.0,677.0,683.0,3.0,11.912071535022354,0.017569546120058566,0.17569546120058566,2.2231333333333336,,,,,,,0.18040542999599665,0.022200385777195474,0.07972794287792138,0.19235893028329643,0.3715323460381475,0.35574939671415823,0.8549320712315707,0.18040542999599665,0.022200385777195474,0.07972794287792138,0.19235893028329643,0.3715323460381475,0.35574939671415823,CHA-ATL,1
2025,1,CHA,DFW,324.6777678571429,570.0,730.0915178571429,22298.0,25479.0,338.0,353.0,2.0,18.72189349112426,0.042492917847025496,0.22096317280453256,2.2231333333333336,,,,,,,0.2062396282774643,0.03747759707932293,0.10718704340430481,0.1903530643250198,0.3470410781655484,0.3542601059847202,0.8751520860316339,0.2062396282774643,0.03747759707932293,0.10718704340430481,0.1903530643250198,0.3470410781655484,0.3542601059847202,CHA-DFW,1
2025,1,CHA,LRD,518.5,8.0,1091.0,0.0,0.0,3.0,0.0,0.0,0.0,0.0,0.0,2.2231333333333336,,,,,,,,,,,,,,,,,,,,CHA-LRD,0
2025,1,CHA,SAV,319.04857142857145,35.0,365.9428571428571,0.0,186.0,1.0,0.0,0.0,0.0,0.0,0.0,2.2231333333333336,,,,,,,,,,,,,0.0,,,,,,,CHA-SAV,0
2025,1,CHO,ATL,278.6630258302583,405.0,458.8081180811808,20336.0,23964.0,321.0,327.0,1.0,11.981191222570533,0.024464831804281346,0.1559633027522936,2.2231333333333336,,,,,,,0.18040542999599665,0.022200385777195474,0.07972794287792138,0.19235893028329643,0.3715323460381475,0.35574939671415823,0.8486062426973794,0.18040542999599665,0.022200385777195474,0.07972794287792138,0.19235893028329643,0.3715323460381475,0.35574939671415823,CHO-ATL,1
2025,1,CHO,DAL,320.4375,9.0,1178.0,30.0,108.0,1.0,0.0,0.0,0.0,0.0,0.0,2.2231333333333336,,,,,,,,,,,,,0.2777777777777778,,,,,,,CHO-DAL,0
2025,1,CHS,ATL,265.8765798611111,1244.0,263.32118055555554,98521.0,110719.0,657.0,674.0,1.0,8.82874617737003,0.03115727002967359,0.13649851632047477,2.2231333333333336,,,,,,,0.18040542999599665,0.022200385777195474,0.07972794287792138,0.19235893028329643,0.3715323460381475,0.35574939671415823,0.8898292072724645,0.18040542999599665,0.022200385777195474,0.07972794287792138,0.19235893028329643,0.3715323460381475,0.35574939671415823,CHS-ATL,1
2025,1,CHS,AUS,282.62857142857143,614.0,1165.7251356238698,2267.0,2672.0,16.0,16.0,1.0,15.9375,0.0,0.3125,2.2231333333333336,,,,,,,0.18066105522479983,0.012779716690617943,0.0655739832334086,0.16405824184380596,0.40716516563281335,0.3620476351146755,0.8484281437125748,0.18066105522479983,0.012779716690617943,0.0655739832334086,0.16405824184380596,0.40716516563281335,0.3620476351146755,CHS-AUS,1
2025,1,CHS,DAL,241.7583081570997,469.0,1022.6435045317221,10360.0,14167.0,89.0,90.0,1.0,6.25,0.022222222222222223,0.17777777777777778,2.2231333333333336,,,,,,,,,,,,,0.7312769111315028,,,,,,,CHS-DAL,0
2025,1,CHS,DFW,320.70212164073547,1307.0,1039.2786421499293,30639.0,36886.0,226.0,238.0,3.0,22.33920704845815,0.046218487394957986,0.15546218487394958,2.2231333333333336,,,,,,,0.2062396282774643,0.03747759707932293,0.10718704340430481,0.1903530643250198,0.3470410781655484,0.3542601059847202,0.8306403513528168,0.2062396282774643,0.03747759707932293,0.10718704340430481,0.1903530643250198,0.3470410781655484,0.3542601059847202,CHS-DFW,1
2025,1,CHS,HOU,232.4719860627178,355.0,1045.5296167247386,4404.0,6535.0,41.0,42.0,1.0,7.023809523809524,0.0,0.19047619047619047,2.2231333333333336,,,,,,,,,,,,,0.6739097169089519,,,,,,,CHS-HOU,0
2025,1,CHS,IAH,295.11044802867383,677.0,1013.4516129032259,9341.0,10969.0,134.0,140.0,3.0,7.634328358208955,0.04285714285714286,0.11428571428571428,2.2231333333333336,,,,,,,0.16850534248952576,0.02717108362049731,0.06321467851469073,0.21375131175937725,0.3868472966603237,0.33570759355923724,0.8515817303309327,0.16850534248952576,0.02717108362049731,0.06321467851469073,0.21375131175937725,0.3868472966603237,0.33570759355923724,CHS-IAH,1
2025,1,CHS,LAX,323.74810769230766,755.0,2336.563076923077,757.0,822.0,6.0,0.0,0.0,0.0,0.0,0.0,2.2231333333333336,,,,,,,0.1662822530232157,0.008191243991291414,0.06384287985231527,0.17061212978089035,0.33008563663401874,0.43409495483748084,0.9209245742092458,0.1662822530232157,0.008191243991291414,0.06384287985231527,0.17061212978089035,0.33008563663401874,0.43409495483748084,CHS-LAX,1
2025,1,CHS,OAK,271.13117647058823,53.0,2465.5882352941176,0.0,0.0,1.0,0.0,0.0,0.0,0.0,0.0,2.2231333333333336,,,,,,,,,,,,,,,,,,,,CHS-OAK,0
2025,1,CID,AMA,365.9166666666667,6.0,1006.0,68.0,76.0,1.0,0.0,0.0,0.0,0.0,0.0,2.2231333333333336,,,,,,,,,,,,,0.8947368421052632,,,,,,,CID-AMA,1
2025,1,CID,ATL,311.89420512820516,235.0,754.6871794871795,11381.0,14048.0,90.0,92.0,1.0,11.744444444444444,0.021739130434782608,0.08695652173913043,2.2231333333333336,,,,,,,0.18040542999599665,0.022200385777195474,0.07972794287792138,0.19235893028329643,0.3715323460381475,0.35574939671415823,0.8101509111617312,0.18040542999599665,0.022200385777195474,0.07972794287792138,0.19235893028329643,0.3715323460381475,0.35574939671415823,CID-ATL,1
2025,1,CID,DFW,340.5544282238443,536.0,734.9440389294404,22248.0,27566.0,257.0,274.0,2.0,12.6,0.05474452554744526,0.17518248175182483,2.2231333333333336,,,,,,,0.2062396282774643,0.03747759707932293,0.10718704340430481,0.1903530643250198,0.3470410781655484,0.3542601059847202,0.8070811869694551,0.2062396282774643,0.03747759707932293,0.10718704340430481,0.1903530643250198,0.3470410781655484,0.3542601059847202,CID-DFW,1
2025,1,CID,LAX,268.9020091324201,235.0,1773.1004566210045,49.0,176.0,2.0,0.0,0.0,0.0,0.0,0.0,2.2231333333333336,,,,,,,0.1662822530232157,0.008191243991291414,0.06384287985231527,0.17061212978089035,0.33008563663401874,0.43409495483748084,0.2784090909090909,0.1662822530232157,0.008191243991291414,0.06384287985231527,0.17061212978089035,0.33008563663401874,0.43409495483748084,CID-LAX,0
2025,1,CID,OAK,284.46,1.0,2589.0,0.0,0.0,2.0,0.0,0.0,0.0,0.0,0.0,2.2231333333333336,,,,,,,,,,,,,,,,,,,,CID-OAK,0
2025,1,CID,ONT,315.71153846153845,66.0,1654.3076923076924,0.0,0.0,2.0,0.0,0.0,0.0,0.0,0.0,2.2231333333333336,,,,,,,,,,,,,,,,,,,,CID-ONT,0
2025,1,CID,SAT,275.0712162162162,154.0,1070.0675675675675,0.0,0.0,1.0,0.0,0.0,0.0,0.0,0.0,2.2231333333333336,,,,,,,,,,,,,,,,,,,,CID-SAT,0
2025,1,CLD,ASE,530.3233333333334,3.0,797.0,1.0,7.0,1.0,0.0,0.0,0.0,0.0,0.0,2.2231333333333336,,,,,,,,,,,,,0.14285714285714285,,,,,,,CLD-ASE,0
2025,1,CLD,PHX,192.07506578947368,219.0,307.0263157894737,4963.0,7098.0,94.0,0.0,0.0,0.0,0.0,0.0,2.2231333333333336,,,,,,,,,,,,,0.6992110453648915,,,,,,,CLD-PHX,0
2025,1,CLE,ATL,227.7493983152828,3907.0,604.7773766546329,96094.0,127621.0,731.0,739.0,3.0,13.486263736263735,0.014884979702300407,0.19621109607577808,2.2231333333333336,,,,,,,0.18040542999599665,0.022200385777195474,0.07972794287792138,0.19235893028329643,0.3715323460381475,0.35574939671415823,0.7529638539111901,0.18040542999599665,0.022200385777195474,0.07972794287792138,0.19235893028329643,0.3715323460381475,0.35574939671415823,CLE-ATL,0
2025,1,CLE,AUS,250.47182890855456,918.0,1332.9129793510324,3555.0,6016.0,28.0,29.0,1.0,20.178571428571427,0.034482758620689655,0.3103448275862069,2.2231333333333336,,,,,,,0.18066105522479983,0.012779716690617943,0.0655739832334086,0.16405824184380596,0.40716516563281335,0.3620476351146755,0.5909242021276596,0.18066105522479983,0.012779716690617943,0.0655739832334086,0.16405824184380596,0.40716516563281335,0.3620476351146755,CLE-AUS,0
2025,1,CLE,DFW,287.0395815899582,2732.0,1088.747559274756,46873.0,62376.0,379.0,392.0,3.0,14.489473684210527,0.030612244897959183,0.20153061224489796,2.2231333333333336,,,,,,,0.2062396282774643,0.03747759707932293,0.10718704340430481,0.1903530643250198,0.3470410781655484,0.3542601059847202,0.751458894446582,0.2062396282774643,0.03747759707932293,0.10718704340430481,0.1903530643250198,0.3470410781655484,0.3542601059847202,CLE-DFW,0
2025,1,CLE,HOU,214.38509293680295,324.0,1268.5501858736059,56.0,72.0,1.0,0.0,0.0,0.0,0.0,0.0,2.2231333333333336,,,,,,,,,,,,,0.7777777777777778,,,,,,,CLE-HOU,0
2025,1,CLE,IAH,274.94294809010773,1877.0,1167.3819784524976,30225.0,41366.0,262.0,267.0,2.0,0.5076335877862596,0.018726591760299626,0.07865168539325842,2.2231333333333336,,,,,,,0.16850534248952576,0.02717108362049731,0.06321467851469073,0.21375131175937725,0.3868472966603237,0.33570759355923724,0.7306725329981144,0.16850534248952576,0.02717108362049731,0.06321467851469073,0.21375131175937725,0.3868472966603237,0.33570759355923724,CLE-IAH,0
2025,1,CLE,LAX,308.31595336076816,2374.0,2124.9842249657063,17747.0,27392.0,159.0,158.0,1.0,0.5886075949367089,0.0,0.08227848101265822,2.2231333333333336,,,,,,,0.1662822530232157,0.008191243991291414,0.06384287985231527,0.17061212978089035,0.33008563663401874,0.43409495483748084,0.6478898948598131,0.1662822530232157,0.008191243991291414,0.06384287985231527,0.17061212978089035,0.33008563663401874,0.43409495483748084,CLE-LAX,0
2025,1,CLE,OAK,237.12097560975607,89.0,2218.1585365853657,101.0,183.0,1.0,0.0,0.0,0.0,0.0,0.0,2.2231333333333336,,,,,,,,,,,,,0.5519125683060109,,,,,,,CLE-OAK,0
2025,1,CLE,SAT,287.29744791666667,621.0,1405.3072916666667,64.0,72.0,1.0,0.0,0.0,0.0,0.0,0.0,2.2231333333333336,,,,,,,,,,,,,0.8888888888888888,,,,,,,CLE-SAT,1
2025,1,CLE,SFO,329.7331962616823,1450.0,2240.755140186916,13350.0,18755.0,111.0,109.0,1.0,4.889908256880734,0.0,0.11926605504587157,2.2231333333333336,,,,,,,0.22080340516094707,0.00951789778605421,0.04750395680104273,0.43247928498277627,0.2687235825342147,0.25053346988176145,0.7118101839509464,0.22080340516094707,0.00951789778605421,0.04750395680104273,0.43247928498277627,0.2687235825342147,0.25053346988176145,CLE-SFO,0
2025,1,CLL,BNA,268.3958333333333,24.0,795.0,168.0,408.0,4.0,0.0,0.0,0.0,0.0,0.0,2.2231333333333336,,,,,,,,,,,,,0.4117647058823529,,,,,,,CLL-BNA,0
2025,1,CLL,BTR,350.5,3.0,547.0,137.0,318.0,3.0,0.0,0.0,0.0,0.0,0.0,2.2231333333333336,,,,,,,,,,,,,0.4308176100628931,,,,,,,CLL-BTR,0
2025,1,CLL,BWI,271.005,6.0,1394.3333333333333,101.0,137.0,1.0,0.0,0.0,0.0,0.0,0.0,2.2231333333333336,,,,,,,,,,,,,0.7372262773722628,,,,,,,CLL-BWI,0
2025,1,CLL,CAE,307.25,2.0,1086.0,38.0,75.0,1.0,0.0,0.0,0.0,0.0,0.0,2.2231333333333336,,,,,,,,,,,,,0.5066666666666667,,,,,,,CLL-CAE,0
2025,1,CLL,COU,405.875,5.0,654.0,31.0,50.0,1.0,0.0,0.0,0.0,0.0,0.0,2.2231333333333336,,,,,,,,,,,,,0.62,,,,,,,CLL-COU,0
2025,1,CLL,DEN,326.6666666666667,41.0,805.0,121.0,186.0,1.0,0.0,0.0,0.0,0.0,0.0,2.2231333333333336,,,,,,,,,,,,,0.6505376344086021,,,,,,,CLL-DEN,0
2025,1,CLL,DFW,265.545,59.0,164.0,13203.0,17189.0,263.0,270.0,2.0,23.441860465116278,0.044444444444444446,0.2074074074074074,2.2231333333333336,,,,,,,0.2062396282774643,0.03747759707932293,0.10718704340430481,0.1903530643250198,0.3470410781655484,0.3542601059847202,0.7681075106172552,0.2062396282774643,0.03747759707932293,0.10718704340430481,0.1903530643250198,0.3470410781655484,0.3542601059847202,CLL-DFW,0
2025,1,CLL,ELP,353.1,10.0,715.0,0.0,144.0,1.0,0.0,0.0,0.0,0.0,0.0,2.2231333333333336,,,,,,,,,,,,,0.0,,,,,,,CLL-ELP,0
2025,1,CLL,FAT,336.64666666666665,30.0,1480.2,0.0,130.0,2.0,0.0,0.0,0.0,0.0,0.0,2.2231333333333336,,,,,,,,,,,,,0.0,,,,,,,CLL-FAT,0
2025,1,CLL,GNV,441.52,4.0,1064.0,224.0,543.0,4.0,0.0,0.0,0.0,0.0,0.0,2.2231333333333336,,,,,,,,,,,,,0.4125230202578269,,,,,,,CLL-GNV,0
2025,1,CLL,GSP,617.0,4.0,1155.25,46.0,75.0,1.0,0.0,0.0,0.0,0.0,0.0,2.2231333333333336,,,,,,,,,,,,,0.6133333333333333,,,,,,,CLL-GSP,0
2025,1,CLL,HRL,119.75,2.0,625.0,0.0,150.0,1.0,0.0,0.0,0.0,0.0,0.0,2.2231333333333336,,,,,,,,,,,,,0.0,,,,,,,CLL-HRL,0
2025,1,CLL,MAF,295.03333333333336,15.0,473.0,0.0,130.0,2.0,0.0,0.0,0.0,0.0,0.0,2.2231333333333336,,,,,,,,,,,,,0.0,,,,,,,CLL-MAF,0
2025,1,CLL,MSP,346.6111111111111,11.0,1016.0,0.0,186.0,1.0,0.0,0.0,0.0,0.0,0.0,2.2231333333333336,,,,,,,,,,,,,0.0,,,,,,,CLL-MSP,0
2025,1,CLL,OKC,284.7857142857143,7.0,339.0,0.0,135.0,2.0,0.0,0.0,0.0,0.0,0.0,2.2231333333333336,,,,,,,,,,,,,0.0,,,,,,,CLL-OKC,0
2025,1,CLL,TYS,293.25588235294117,17.0,936.0,174.0,422.0,3.0,0.0,0.0,0.0,0.0,0.0,2.2231333333333336,,,,,,,,,,,,,0.41232227488151657,,,,,,,CLL-TYS,0
2025,1,CLL,XNA,230.41666666666666,12.0,444.0,39.0,75.0,1.0,0.0,0.0,0.0,0.0,0.0,2.2231333333333336,,,,,,,,,,,,,0.52,,,,,,,CLL-XNA,0
2025,1,CLT,AGS,330.2211111111111,9.0,140.0,19981.0,25832.0,436.0,452.0,2.0,14.510297482837528,0.033185840707964605,0.18584070796460178,2.2231333333333336,,,,,,,,,,,,,0.7734979869928771,,,,,,,CLT-AGS,0
2025,1,CLT,ATL,295.4855729166667,2003.0,226.91579861111111,89089.0,120151.0,1199.0,1220.0,5.0,13.757142857142858,0.02540983606557377,0.1762295081967213,2.2231333333333336,,,,,,,0.18040542999599665,0.022200385777195474,0.07972794287792138,0.19235893028329643,0.3715323460381475,0.35574939671415823,0.7414753102346214,0.18040542999599665,0.022200385777195474,0.07972794287792138,0.19235893028329643,0.3715323460381475,0.35574939671415823,CLT-ATL,0
2025,1,CLT,AUS,322.96661493695444,1768.0,1108.0271580989331,53142.0,65554.0,394.0,403.0,1.0,10.805063291139241,0.019851116625310174,0.1761786600496278,2.2231333333333336,,,,,,,0.18066105522479983,0.012779716690617943,0.0655739832334086,0.16405824184380596,0.40716516563281335,0.3620476351146755,0.8106599139640601,0.18066105522479983,0.012779716690617943,0.0655739832334086,0.16405824184380596,0.40716516563281335,0.3620476351146755,CLT-AUS,1
2025,1,CLT,DAL,199.96800561797752,519.0,959.306179775281,11401.0,14613.0,91.0,91.0,1.0,17.043956043956044,0.0,0.3626373626373626,2.2231333333333336,,,,,,,,,,,,,0.7801957161431602,,,,,,,CLT-DAL,0
2025,1,CLT,DFW,307.8409803164801,5745.0,997.3597066769587,153959.0,196066.0,1016.0,1050.0,3.0,9.68503937007874,0.03333333333333333,0.16476190476190475,2.2231333333333336,,,,,,,0.2062396282774643,0.03747759707932293,0.10718704340430481,0.1903530643250198,0.3470410781655484,0.3542601059847202,0.7852406842593821,0.2062396282774643,0.03747759707932293,0.10718704340430481,0.1903530643250198,0.3470410781655484,0.3542601059847202,CLT-DFW,0
2025,1,CLT,HOU,216.05827586206897,189.0,1256.1206896551723,202.0,287.0,3.0,1.0,1.0,116.0,0.0,1.0,2.2231333333333336,,,,,,,,,,,,,0.7038327526132404,,,,,,,CLT-HOU,0
2025,1,CLT,IAH,233.14298701298702,4087.0,941.7397186147186,88948.0,119310.0,702.0,727.0,4.0,7.642958748221906,0.0343878954607978,0.1623108665749656,2.2231333333333336,,,,,,,0.16850534248952576,0.02717108362049731,0.06321467851469073,0.21375131175937725,0.3868472966603237,0.33570759355923724,0.7455200737574386,0.16850534248952576,0.02717108362049731,0.06321467851469073,0.21375131175937725,0.3868472966603237,0.33570759355923724,CLT-IAH,0
2025,1,CLT,LAX,356.9904206935759,3596.0,2169.509948834565,94099.0,116513.0,606.0,609.0,2.0,9.092868988391377,0.009852216748768473,0.17733990147783252,2.2231333333333336,,,,,,,0.1662822530232157,0.008191243991291414,0.06384287985231527,0.17061212978089035,0.33008563663401874,0.43409495483748084,0.8076266167723773,0.1662822530232157,0.008191243991291414,0.06384287985231527,0.17061212978089035,0.33008563663401874,0.43409495483748084,CLT-LAX,1
2025,1,CLT,OAK,226.07186440677967,69.0,2347.186440677966,46.0,150.0,1.0,0.0,0.0,0.0,0.0,0.0,2.2231333333333336,,,,,,,,,,,,,0.30666666666666664,,,,,,,CLT-OAK,0
2025,1,CLT,ONT,301.00966861598437,598.0,2124.697855750487,8298.0,9880.0,54.0,50.0,1.0,7.959183673469388,0.02,0.16,2.2231333333333336,,,,,,,,,,,,,0.8398785425101215,,,,,,,CLT-ONT,1
2025,1,CLT,PSP,362.10915555555556,244.0,2076.9777777777776,54.0,186.0,1.0,0.0,0.0,0.0,0.0,0.0,2.2231333333333336,,,,,,,,,,,,,0.2903225806451613,,,,,,,CLT-PSP,0
2025,1,CLT,SAN,327.59290268456374,2107.0,2123.8036912751677,62470.0,78488.0,413.0,421.0,1.0,5.453012048192771,0.014251781472684086,0.15914489311163896,2.2231333333333336,,,,,,,0.20884454631252528,0.010516381286234326,0.06662806664762747,0.26037408113045896,0.37705046300462025,0.2940969356018669,0.7959178473142391,0.20884454631252528,0.010516381286234326,0.06662806664762747,0.26037408113045896,0.37705046300462025,0.2940969356018669,CLT-SAN,0
2025,1,CLT,SAT,274.9673658536585,1615.0,1150.8087804878048,49372.0,58080.0,336.0,342.0,1.0,11.232835820895522,0.02046783625730994,0.21637426900584794,2.2231333333333336,,,,,,,,,,,,,0.850068870523416,,,,,,,CLT-SAT,1
2025,1,CLT,SAV,299.22280373831774,133.0,213.99065420560748,43398.0,54079.0,631.0,671.0,3.0,14.775119617224881,0.06557377049180328,0.22354694485842028,2.2231333333333336,,,,,,,,,,,,,0.8024926496421901,,,,,,,CLT-SAV,1
2025,1,CLT,SFO,387.33319565217397,2500.0,2341.557971014493,58168.0,72860.0,383.0,387.0,1.0,12.741514360313316,0.0103359173126615,0.24806201550387597,2.2231333333333336,,,,,,,0.22080340516094707,0.00951789778605421,0.04750395680104273,0.43247928498277627,0.2687235825342147,0.25053346988176145,0.7983530057644799,0.22080340516094707,0.00951789778605421,0.04750395680104273,0.43247928498277627,0.2687235825342147,0.25053346988176145,CLT-SFO,0
2025,1,CLT,SJC,296.6373372781065,178.0,2371.6686390532545,38.0,186.0,1.0,0.0,0.0,0.0,0.0,0.0,2.2231333333333336,,,,,,,,,,,,,0.20430107526881722,,,,,,,CLT-SJC,0
2025,1,CLT,SMF,285.8626010781671,897.0,2313.4690026954177,13548.0,15616.0,82.0,84.0,1.0,6.304878048780488,0.023809523809523808,0.20238095238095238,2.2231333333333336,,,,,,,,,,,,,0.8675717213114754,,,,,,,CLT-SMF,1
2025,1,CLT,SNA,377.26698113207544,783.0,2140.246998284734,13950.0,16850.0,86.0,0.0,0.0,0.0,0.0,0.0,2.2231333333333336,,,,,,,,,,,,,0.827893175074184,,,,,,,CLT-SNA,1
2025,1,CMH,ATL,229.14515100671142,3236.0,475.37472035794184,95497.0,126284.0,751.0,742.0,5.0,8.281632653061225,0.009433962264150943,0.1522911051212938,2.2231333333333336,,,,,,,0.18040542999599665,0.022200385777195474,0.07972794287792138,0.19235893028329643,0.3715323460381475,0.35574939671415823,0.7562082290709828,0.18040542999599665,0.022200385777195474,0.07972794287792138,0.19235893028329643,0.3715323460381475,0.35574939671415823,CMH-ATL,0
2025,1,CMH,AUS,284.27125,1102.0,1162.6203271028037,9401.0,12844.0,84.0,85.0,1.0,8.729411764705882,0.0,0.16470588235294117,2.2231333333333336,,,,,,,0.18066105522479983,0.012779716690617943,0.0655739832334086,0.16405824184380596,0.40716516563281335,0.3620476351146755,0.7319370912488321,0.18066105522479983,0.012779716690617943,0.0655739832334086,0.16405824184380596,0.40716516563281335,0.3620476351146755,CMH-AUS,0
2025,1,CMH,DAL,261.7738860103627,818.0,992.4784110535406,10703.0,15266.0,94.0,95.0,1.0,20.63157894736842,0.0,0.30526315789473685,2.2231333333333336,,,,,,,,,,,,,0.7011004847373248,,,,,,,CMH-DAL,0
2025,1,CMH,DFW,330.17814869888474,2063.0,996.449814126394,43004.0,54046.0,398.0,406.0,2.0,15.26010101010101,0.024630541871921183,0.1625615763546798,2.2231333333333336,,,,,,,0.2062396282774643,0.03747759707932293,0.10718704340430481,0.1903530643250198,0.3470410781655484,0.3542601059847202,0.7956925581911705,0.2062396282774643,0.03747759707932293,0.10718704340430481,0.1903530643250198,0.3470410781655484,0.3542601059847202,CMH-DFW,0
2025,1,CMH,HOU,256.78859375,820.0,1068.0,8575.0,13606.0,85.0,85.0,1.0,6.940476190476191,0.011764705882352941,0.16470588235294117,2.2231333333333336,,,,,,,,,,,,,0.6302366602969278,,,,,,,CMH-HOU,0
2025,1,CMH,IAH,337.91837905236906,1000.0,1095.061097256858,15132.0,19530.0,171.0,174.0,2.0,7.2748538011695905,0.017241379310344827,0.1839080459770115,2.2231333333333336,,,,,,,0.16850534248952576,0.02717108362049731,0.06321467851469073,0.21375131175937725,0.3868472966603237,0.33570759355923724,0.7748079877112135,0.16850534248952576,0.02717108362049731,0.06321467851469073,0.21375131175937725,0.3868472966603237,0.33570759355923724,CMH-IAH,0
2025,1,CMH,LAX,266.4487338129496,1645.0,2111.5942446043164,5013.0,6389.0,37.0,34.0,2.0,88.88235294117646,0.0,0.35294117647058826,2.2231333333333336,,,,,,,0.1662822530232157,0.008191243991291414,0.06384287985231527,0.17061212978089035,0.33008563663401874,0.43409495483748084,0.7846298325246518,0.1662822530232157,0.008191243991291414,0.06384287985231527,0.17061212978089035,0.33008563663401874,0.43409495483748084,CMH-LAX,0
2025,1,CMH,SAN,281.5289814814815,925.0,2086.3935185185187,89.0,372.0,2.0,0.0,0.0,0.0,0.0,0.0,2.2231333333333336,,,,,,,0.20884454631252528,0.010516381286234326,0.06662806664762747,0.26037408113045896,0.37705046300462025,0.2940969356018669,0.239247311827957,0.20884454631252528,0.010516381286234326,0.06662806664762747,0.26037408113045896,0.37705046300462025,0.2940969356018669,CMH-SAN,0
2025,1,CMH,SAT,269.5568181818182,602.0,1301.7167832167831,82.0,143.0,1.0,0.0,0.0,0.0,0.0,0.0,2.2231333333333336,,,,,,,,,,,,,0.5734265734265734,,,,,,,CMH-SAT,0
2025,1,CMH,SFO,334.07631029986965,794.0,2255.6349413298567,151.0,252.0,2.0,2.0,1.0,140.0,0.0,1.0,2.2231333333333336,,,,,,,0.22080340516094707,0.00951789778605421,0.04750395680104273,0.43247928498277627,0.2687235825342147,0.25053346988176145,0.5992063492063492,0.22080340516094707,0.00951789778605421,0.04750395680104273,0.43247928498277627,0.2687235825342147,0.25053346988176145,CMH-SFO,0
2025,1,CMI,AUS,321.20478260869567,48.0,897.9347826086956,96.0,108.0,1.0,0.0,0.0,0.0,0.0,0.0,2.2231333333333336,,,,,,,0.18066105522479983,0.012779716690617943,0.0655739832334086,0.16405824184380596,0.40716516563281335,0.3620476351146755,0.8888888888888888,0.18066105522479983,0.012779716690617943,0.0655739832334086,0.16405824184380596,0.40716516563281335,0.3620476351146755,CMI-AUS,1
2025,1,CMI,DFW,286.83266304347825,229.0,710.3641304347826,10508.0,12244.0,175.0,179.0,1.0,8.662857142857144,0.0223463687150838,0.12849162011173185,2.2231333333333336,,,,,,,0.2062396282774643,0.03747759707932293,0.10718704340430481,0.1903530643250198,0.3470410781655484,0.3542601059847202,0.8582162691930741,0.2062396282774643,0.03747759707932293,0.10718704340430481,0.1903530643250198,0.3470410781655484,0.3542601059847202,CMI-DFW,1
2025,1,CMI,ELP,362.5,11.0,1266.1818181818182,0.0,194.0,1.0,0.0,0.0,0.0,0.0,0.0,2.2231333333333336,,,,,,,,,,,,,0.0,,,,,,,CMI-ELP,0
2025,1,CMI,LAX,343.1711290322581,64.0,1971.3225806451612,43.0,68.0,1.0,0.0,0.0,0.0,0.0,0.0,2.2231333333333336,,,,,,,0.1662822530232157,0.008191243991291414,0.06384287985231527,0.17061212978089035,0.33008563663401874,0.43409495483748084,0.6323529411764706,0.1662822530232157,0.008191243991291414,0.06384287985231527,0.17061212978089035,0.33008563663401874,0.43409495483748084,CMI-LAX,0
2025,1,COS,ATL,287.09438356164384,485.0,1274.164383561644,12086.0,14814.0,98.0,100.0,1.0,21.141414141414142,0.02,0.17,2.2231333333333336,,,,,,,0.18040542999599665,0.022200385777195474,0.07972794287792138,0.19235893028329643,0.3715323460381475,0.35574939671415823,0.8158498717429459,0.18040542999599665,0.022200385777195474,0.07972794287792138,0.19235893028329643,0.3715323460381475,0.35574939671415823,COS-ATL,1
2025,1,COS,DAL,188.08798642533935,795.0,615.2986425339367,24138.0,35472.0,208.0,210.0,1.0,3.9375,0.009523809523809525,0.09523809523809523,2.2231333333333336,,,,,,,,,,,,,0.6804803788903924,,,,,,,COS-DAL,0
2025,1,COS,DFW,233.34385937500002,931.0,600.9890625,41533.0,52137.0,456.0,471.0,3.0,22.33407079646018,0.04246284501061571,0.208067940552017,2.2231333333333336,,,,,,,0.2062396282774643,0.03747759707932293,0.10718704340430481,0.1903530643250198,0.3470410781655484,0.3542601059847202,0.7966127702015843,0.2062396282774643,0.03747759707932293,0.10718704340430481,0.1903530643250198,0.3470410781655484,0.3542601059847202,COS-DFW,0
2025,1,COS,HOU,206.73980694980696,319.0,881.6602316602317,1661.0,2322.0,14.0,14.0,1.0,14.142857142857142,0.0,0.2857142857142857,2.2231333333333336,,,,,,,,,,,,,0.7153316106804479,,,,,,,COS-HOU,0
2025,1,COS,IAH,275.3459102244389,457.0,829.6683291770573,9633.0,11364.0,154.0,154.0,3.0,8.730263157894736,0.012987012987012988,0.12337662337662338,2.2231333333333336,,,,,,,0.16850534248952576,0.02717108362049731,0.06321467851469073,0.21375131175937725,0.3868472966603237,0.33570759355923724,0.8476768743400211,0.16850534248952576,0.02717108362049731,0.06321467851469073,0.21375131175937725,0.3868472966603237,0.33570759355923724,COS-IAH,1
2025,1,COS,LAX,254.50960431654676,307.0,966.136690647482,0.0,180.0,3.0,0.0,0.0,0.0,0.0,0.0,2.2231333333333336,,,,,,,0.1662822530232157,0.008191243991291414,0.06384287985231527,0.17061212978089035,0.33008563663401874,0.43409495483748084,0.0,0.1662822530232157,0.008191243991291414,0.06384287985231527,0.17061212978089035,0.33008563663401874,0.43409495483748084,COS-LAX,0
2025,1,COS,LBB,158.11565217391305,24.0,699.4782608695652,46.0,50.0,1.0,0.0,0.0,0.0,0.0,0.0,2.2231333333333336,,,,,,,,,,,,,0.92,,,,,,,COS-LBB,1
2025,1,COS,MAF,202.59175,41.0,836.2,0.0,50.0,1.0,0.0,0.0,0.0,0.0,0.0,2.2231333333333336,,,,,,,,,,,,,0.0,,,,,,,COS-MAF,0
2025,1,COS,SAN,241.09989389920426,393.0,947.7984084880636,374.0,525.0,3.0,3.0,1.0,-2.0,0.0,0.0,2.2231333333333336,,,,,,,0.20884454631252528,0.010516381286234326,0.06662806664762747,0.26037408113045896,0.37705046300462025,0.2940969356018669,0.7123809523809523,0.20884454631252528,0.010516381286234326,0.06662806664762747,0.26037408113045896,0.37705046300462025,0.2940969356018669,COS-SAN,0
2025,1,COS,SAT,208.59379069767442,501.0,893.6395348837209,501.0,525.0,3.0,3.0,1.0,10.333333333333334,0.0,0.3333333333333333,2.2231333333333336,,,,,,,,,,,,,0.9542857142857143,,,,,,,COS-SAT,1
2025,1,COS,SFO,254.83703703703702,173.0,1090.388888888889,0.0,140.0,2.0,0.0,0.0,0.0,0.0,0.0,2.2231333333333336,,,,,,,0.22080340516094707,0.00951789778605421,0.04750395680104273,0.43247928498277627,0.2687235825342147,0.25053346988176145,0.0,0.22080340516094707,0.00951789778605421,0.04750395680104273,0.43247928498277627,0.2687235825342147,0.25053346988176145,COS-SFO,0
2025,1,COS,SNA,206.02146017699116,303.0,914.3274336283185,1185.0,2414.0,14.0,0.0,0.0,0.0,0.0,0.0,2.2231333333333336,,,,,,,,,,,,,0.4908864954432477,,,,,,,COS-SNA,0
2025,1,COU,ATL,340.9368181818182,22.0,1084.6363636363637,0.0,50.0,1.0,0.0,0.0,0.0,0.0,0.0,2.2231333333333336,,,,,,,0.18040542999599665,0.022200385777195474,0.07972794287792138,0.19235893028329643,0.3715323460381475,0.35574939671415823,0.0,0.18040542999599665,0.022200385777195474,0.07972794287792138,0.19235893028329643,0.3715323460381475,0.35574939671415823,COU-ATL,0
2025,1,COU,AUS,349.0338888888889,37.0,714.0,138.0,175.0,3.0,0.0,0.0,0.0,0.0,0.0,2.2231333333333336,,,,,,,0.18066105522479983,0.012779716690617943,0.0655739832334086,0.16405824184380596,0.40716516563281335,0.3620476351146755,0.7885714285714286,0.18066105522479983,0.012779716690617943,0.0655739832334086,0.16405824184380596,0.40716516563281335,0.3620476351146755,COU-AUS,0
2025,1,COU,CLL,414.75,3.0,654.0,31.0,50.0,1.0,0.0,0.0,0.0,0.0,0.0,2.2231333333333336,,,,,,,,,,,,,0.62,,,,,,,COU-CLL,0
2025,1,COU,DFW,277.3819256756757,350.0,490.0,13673.0,16718.0,244.0,268.0,2.0,21.565573770491802,0.08955223880597014,0.21641791044776118,2.2231333333333336,,,,,,,0.2062396282774643,0.03747759707932293,0.10718704340430481,0.1903530643250198,0.3470410781655484,0.3542601059847202,0.817860988156478,0.2062396282774643,0.03747759707932293,0.10718704340430481,0.1903530643250198,0.3470410781655484,0.3542601059847202,COU-DFW,1
2025,1,CRP,AUS,213.1315789473684,22.0,337.8421052631579,302.0,978.0,6.0,0.0,0.0,0.0,0.0,0.0,2.2231333333333336,,,,,,,0.18066105522479983,0.012779716690617943,0.0655739832334086,0.16405824184380596,0.40716516563281335,0.3620476351146755,0.30879345603271985,0.18066105522479983,0.012779716690617943,0.0655739832334086,0.16405824184380596,0.40716516563281335,0.3620476351146755,CRP-AUS,0
2025,1,CRP,DFW,292.39521246458924,599.0,358.20679886685554,35635.0,45386.0,604.0,624.0,1.0,8.404643449419568,0.035256410256410256,0.13782051282051283,2.2231333333333336,,,,,,,0.2062396282774643,0.03747759707932293,0.10718704340430481,0.1903530643250198,0.3470410781655484,0.3542601059847202,0.7851540122504738,0.2062396282774643,0.03747759707932293,0.10718704340430481,0.1903530643250198,0.3470410781655484,0.3542601059847202,CRP-DFW,0
2025,1,CRP,GPT,238.66666666666666,15.0,687.8,482.0,558.0,3.0,0.0,0.0,0.0,0.0,0.0,2.2231333333333336,,,,,,,,,,,,,0.8637992831541219,,,,,,,CRP-GPT,1
2025,1,CRP,HOU,185.30291666666665,180.0,187.0,21414.0,34405.0,230.0,228.0,1.0,0.6444444444444445,0.013157894736842105,0.07017543859649122,2.2231333333333336,,,,,,,,,,,,,0.6224095334980381,,,,,,,CRP-HOU,0
2025,1,CRP,IAH,225.62782352941178,203.0,201.0,26898.0,35783.0,597.0,591.0,3.0,12.949565217391305,0.02707275803722504,0.15228426395939088,2.2231333333333336,,,,,,,0.16850534248952576,0.02717108362049731,0.06321467851469073,0.21375131175937725,0.3868472966603237,0.33570759355923724,0.7516977335606293,0.16850534248952576,0.02717108362049731,0.06321467851469073,0.21375131175937725,0.3868472966603237,0.33570759355923724,CRP-IAH,0
2025,1,CRP,MSY,258.13036585365853,192.0,532.7987804878048,91.0,124.0,1.0,0.0,0.0,0.0,0.0,0.0,2.2231333333333336,,,,,,,,,,,,,0.7338709677419355,,,,,,,CRP-MSY,0
2025,1,CRP,RNO,316.32384615384615,40.0,1732.871794871795,143.0,186.0,1.0,0.0,0.0,0.0,0.0,0.0,2.2231333333333336,,,,,,,,,,,,,0.7688172043010753,,,,,,,CRP-RNO,0
2025,1,CRW,ATL,220.61887573964495,365.0,363.49704142011836,18079.0,22081.0,310.0,322.0,2.0,17.941935483870967,0.037267080745341616,0.17080745341614906,2.2231333333333336,,,,,,,0.18040542999599665,0.022200385777195474,0.07972794287792138,0.19235893028329643,0.3715323460381475,0.35574939671415823,0.818758208414474,0.18040542999599665,0.022200385777195474,0.07972794287792138,0.19235893028329643,0.3715323460381475,0.35574939671415823,CRW-ATL,1
2025,1,CSG,AEX,258.66,12.0,583.0,1803.0,2814.0,16.0,0.0,0.0,0.0,0.0,0.0,2.2231333333333336,,,,,,,,,,,,,0.6407249466950959,,,,,,,CSG-AEX,0
2025,1,CSG,ATL,205.76363636363638,16.0,83.0,11976.0,16998.0,239.0,250.0,1.0,13.216101694915254,0.06,0.172,2.2231333333333336,,,,,,,0.18040542999599665,0.022200385777195474,0.07972794287792138,0.19235893028329643,0.3715323460381475,0.35574939671415823,0.7045534768796329,0.18040542999599665,0.022200385777195474,0.07972794287792138,0.19235893028329643,0.3715323460381475,0.35574939671415823,CSG-ATL,0
2025,1,CSG,ELP,581.8285714285714,14.0,1365.0,218.0,496.0,4.0,0.0,0.0,0.0,0.0,0.0,2.2231333333333336,,,,,,,,,,,,,0.43951612903225806,,,,,,,CSG-ELP,0
2025,1,CSG,GNV,190.45,2.0,383.0,57.0,108.0,1.0,0.0,0.0,0.0,0.0,0.0,2.2231333333333336,,,,,,,,,,,,,0.5277777777777778,,,,,,,CSG-GNV,0
2025,1,CSG,MEM,308.3333333333333,3.0,415.0,0.0,0.0,54.0,0.0,0.0,0.0,0.0,0.0,2.2231333333333336,,,,,,,,,,,,,,,,,,,,CSG-MEM,0
2025,1,CSG,SAN,496.93833333333333,12.0,1993.8333333333333,174.0,310.0,2.0,0.0,0.0,0.0,0.0,0.0,2.2231333333333336,,,,,,,0.20884454631252528,0.010516381286234326,0.06662806664762747,0.26037408113045896,0.37705046300462025,0.2940969356018669,0.5612903225806452,0.20884454631252528,0.010516381286234326,0.06662806664762747,0.26037408113045896,0.37705046300462025,0.2940969356018669,CSG-SAN,0
2025,1,CSG,STL,245.14285714285714,15.0,567.0,139.0,186.0,1.0,0.0,0.0,0.0,0.0,0.0,2.2231333333333336,,,,,,,,,,,,,0.7473118279569892,,,,,,,CSG-STL,0
2025,1,CSG,TPA,287.84318181818185,23.0,489.0,0.0,50.0,1.0,0.0,0.0,0.0,0.0,0.0,2.2231333333333336,,,,,,,,,,,,,0.0,,,,,,,CSG-TPA,0
2025,1,CSG,TYS,342.5,1.0,235.0,54.0,132.0,1.0,0.0,0.0,0.0,0.0,0.0,2.2231333333333336,,,,,,,,,,,,,0.4090909090909091,,,,,,,CSG-TYS,0
2025,1,CVG,ACT,303.65250000000003,8.0,901.0,74.0,312.0,2.0,0.0,0.0,0.0,0.0,0.0,2.2231333333333336,,,,,,,,,,,,,0.23717948717948717,,,,,,,CVG-ACT,0
2025,1,CVG,ATL,282.28677844311375,1923.0,378.7892215568862,86725.0,103309.0,765.0,611.0,3.0,9.208333333333334,0.01800327332242226,0.1407528641571195,2.2231333333333336,,,,,,,0.18040542999599665,0.022200385777195474,0.07972794287792138,0.19235893028329643,0.3715323460381475,0.35574939671415823,0.8394718756352302,0.18040542999599665,0.022200385777195474,0.07972794287792138,0.19235893028329643,0.3715323460381475,0.35574939671415823,CVG-ATL,1
2025,1,CVG,AUS,258.7312376933896,923.0,1041.085794655415,7203.0,10091.0,295.0,109.0,3.0,12.972477064220184,0.0,0.1926605504587156,2.2231333333333336,,,,,,,0.18066105522479983,0.012779716690617943,0.0655739832334086,0.16405824184380596,0.40716516563281335,0.3620476351146755,0.7138043801407195,0.18066105522479983,0.012779716690617943,0.0655739832334086,0.16405824184380596,0.40716516563281335,0.3620476351146755,CVG-AUS,0
2025,1,CVG,DFW,265.4300414651002,2749.0,893.3669661368348,52617.0,65565.0,480.0,410.0,3.0,8.217171717171718,0.03414634146341464,0.13414634146341464,2.2231333333333336,,,,,,,0.2062396282774643,0.03747759707932293,0.10718704340430481,0.1903530643250198,0.3470410781655484,0.3542601059847202,0.8025165865934569,0.2062396282774643,0.03747759707932293,0.10718704340430481,0.1903530643250198,0.3470410781655484,0.3542601059847202,CVG-DFW,1
2025,1,CVG,ELP,294.46433333333334,127.0,1504.9666666666667,0.0,0.0,3.0,0.0,0.0,0.0,0.0,0.0,2.2231333333333336,,,,,,,,,,,,,,,,,,,,CVG-ELP,0
2025,1,CVG,HOU,236.0964,230.0,1191.925,65.0,72.0,1.0,0.0,0.0,0.0,0.0,0.0,2.2231333333333336,,,,,,,,,,,,,0.9027777777777778,,,,,,,CVG-HOU,1
2025,1,CVG,HRL,243.916,16.0,1303.9333333333334,0.0,0.0,7.0,0.0,0.0,0.0,0.0,0.0,2.2231333333333336,,,,,,,,,,,,,,,,,,,,CVG-HRL,0
2025,1,CVG,IAH,261.1051574468085,1556.0,961.0536170212766,19045.0,22875.0,366.0,224.0,2.0,6.894009216589862,0.03125,0.08482142857142858,2.2231333333333336,,,,,,,0.16850534248952576,0.02717108362049731,0.06321467851469073,0.21375131175937725,0.3868472966603237,0.33570759355923724,0.832568306010929,0.16850534248952576,0.02717108362049731,0.06321467851469073,0.21375131175937725,0.3868472966603237,0.33570759355923724,CVG-IAH,1
2025,1,CVG,LAX,331.73594915254233,1534.0,2050.322881355932,9084.0,13294.0,207.0,70.0,2.0,3.2753623188405796,0.014285714285714285,0.14285714285714285,2.2231333333333336,,,,,,,0.1662822530232157,0.008191243991291414,0.06384287985231527,0.17061212978089035,0.33008563663401874,0.43409495483748084,0.683315781555589,0.1662822530232157,0.008191243991291414,0.06384287985231527,0.17061212978089035,0.33008563663401874,0.43409495483748084,CVG-LAX,0
2025,1,CVG,LBB,318.63416666666666,29.0,1208.4166666666667,30.0,156.0,1.0,0.0,0.0,0.0,0.0,0.0,2.2231333333333336,,,,,,,,,,,,,0.19230769230769232,,,,,,,CVG-LBB,0
2025,1,CVG,ONT,295.90288537549407,281.0,2002.794466403162,0.0,0.0,160.0,0.0,0.0,0.0,0.0,0.0,2.2231333333333336,,,,,,,,,,,,,,,,,,,,CVG-ONT,0
2025,1,CVG,SAT,288.122471395881,482.0,1269.9427917620137,61.0,76.0,41.0,0.0,0.0,0.0,0.0,0.0,2.2231333333333336,,,,,,,,,,,,,0.8026315789473685,,,,,,,CVG-SAT,1
2025,1,CVG,SAV,180.5439447236181,531.0,594.9547738693467,3052.0,4278.0,27.0,29.0,1.0,61.74074074074074,0.06896551724137931,0.5517241379310345,2.2231333333333336,,,,,,,,,,,,,0.7134174848059841,,,,,,,CVG-SAV,0
2025,1,CVG,SFO,328.40367989056085,775.0,2230.997264021888,266.0,274.0,4.0,0.0,0.0,0.0,0.0,0.0,2.2231333333333336,,,,,,,0.22080340516094707,0.00951789778605421,0.04750395680104273,0.43247928498277627,0.2687235825342147,0.25053346988176145,0.9708029197080292,0.22080340516094707,0.00951789778605421,0.04750395680104273,0.43247928498277627,0.2687235825342147,0.25053346988176145,CVG-SFO,1
2025,1,CVG,SMF,316.1614453125,274.0,2151.65234375,0.0,0.0,73.0,0.0,0.0,0.0,0.0,0.0,2.2231333333333336,,,,,,,,,,,,,,,,,,,,CVG-SMF,0
2025,1,CVN,DFW,145.85666666666665,3.0,364.0,1430.0,3560.0,76.0,0.0,0.0,0.0,0.0,0.0,2.2231333333333336,,,,,,,0.2062396282774643,0.03747759707932293,0.10718704340430481,0.1903530643250198,0.3470410781655484,0.3542601059847202,0.40168539325842695,0.2062396282774643,0.03747759707932293,0.10718704340430481,0.1903530643250198,0.3470410781655484,0.3542601059847202,CVN-DFW,0
2025,1,CYS,FAT,145.5,2.0,934.0,28.0,30.0,1.0,0.0,0.0,0.0,0.0,0.0,2.2231333333333336,,,,,,,,,,,,,0.9333333333333333,,,,,,,CYS-FAT,1
2025,1,DAB,ATL,277.48737752161384,641.0,369.98270893371756,48683.0,57928.0,363.0,365.0,1.0,11.129476584022038,0.005479452054794521,0.15616438356164383,2.2231333333333336,,,,,,,0.18040542999599665,0.022200385777195474,0.07972794287792138,0.19235893028329643,0.3715323460381475,0.35574939671415823,0.8404053307554206,0.18040542999599665,0.022200385777195474,0.07972794287792138,0.19235893028329643,0.3715323460381475,0.35574939671415823,DAB-ATL,1
2025,1,DAB,DFW,386.08845454545457,112.0,1213.581818181818,207.0,280.0,3.0,3.0,2.0,5.666666666666667,0.0,0.3333333333333333,2.2231333333333336,,,,,,,0.2062396282774643,0.03747759707932293,0.10718704340430481,0.1903530643250198,0.3470410781655484,0.3542601059847202,0.7392857142857143,0.2062396282774643,0.03747759707932293,0.10718704340430481,0.1903530643250198,0.3470410781655484,0.3542601059847202,DAB-DFW,0
2025,1,DAL,ABQ,218.59284106891704,1493.0,587.4416315049226,40852.0,61065.0,391.0,398.0,1.0,7.641943734015345,0.017587939698492462,0.1884422110552764,2.2231333333333336,,,,,,,,,,,,,0.6689920576434947,,,,,,,DAL-ABQ,0
2025,1,DAL,AMA,170.70204986149585,750.0,323.8337950138504,25746.0,46844.0,292.0,295.0,1.0,9.0893470790378,0.01694915254237288,0.2271186440677966,2.2231333333333336,,,,,,,,,,,,,0.5496114763897191,,,,,,,DAL-AMA,0
2025,1,DAL,ATL,242.71803468208094,8096.0,735.4961464354528,155326.0,217612.0,1582.0,804.0,2.0,10.73510773130545,0.01990049751243781,0.18781094527363185,2.2231333333333336,,,,,,,0.18040542999599665,0.022200385777195474,0.07972794287792138,0.19235893028329643,0.3715323460381475,0.35574939671415823,0.7137749756447255,0.18040542999599665,0.022200385777195474,0.07972794287792138,0.19235893028329643,0.3715323460381475,0.35574939671415823,DAL-ATL,0
2025,1,DAL,AUS,205.85086633663366,1817.0,190.22524752475246,51688.0,91130.0,582.0,596.0,1.0,6.621342512908778,0.025167785234899327,0.15100671140939598,2.2231333333333336,,,,,,,0.18066105522479983,0.012779716690617943,0.0655739832334086,0.16405824184380596,0.40716516563281335,0.3620476351146755,0.5671897289586305,0.18066105522479983,0.012779716690617943,0.0655739832334086,0.16405824184380596,0.40716516563281335,0.3620476351146755,DAL-AUS,0
2025,1,DAL,BHM,224.38044094488188,1018.0,626.9070866141732,22711.0,32804.0,220.0,222.0,1.0,11.209090909090909,0.009009009009009009,0.21171171171171171,2.2231333333333336,,,,,,,,,,,,,0.6923241068162419,,,,,,,DAL-BHM,0
2025,1,DAL,BNA,244.4470072992701,3355.0,638.6905109489051,62513.0,93544.0,577.0,591.0,1.0,7.40418118466899,0.028764805414551606,0.18612521150592218,2.2231333333333336,,,,,,,,,,,,,0.6682737535277516,,,,,,,DAL-BNA,0
2025,1,DAL,BOS,199.17883333333336,204.0,1608.2222222222222,0.0,72.0,1.0,0.0,0.0,0.0,0.0,0.0,2.2231333333333336,,,,,,,,,,,,,0.0,,,,,,,DAL-BOS,0
2025,1,DAL,BUF,220.79669811320755,242.0,1497.9433962264152,52.0,78.0,1.0,0.0,0.0,0.0,0.0,0.0,2.2231333333333336,,,,,,,,,,,,,0.6666666666666666,,,,,,,DAL-BUF,0
2025,1,DAL,BUR,265.6737142857143,1122.0,1260.387012987013,17108.0,27326.0,192.0,97.0,1.0,8.063157894736841,0.020618556701030927,0.20618556701030927,2.2231333333333336,,,,,,,,,,,,,0.6260704091341579,,,,,,,DAL-BUR,0
2025,1,DAL,BWI,230.47243565599499,2833.0,1233.316384180791,46115.0,66253.0,417.0,425.0,1.0,10.944444444444445,0.02588235294117647,0.2188235294117647,2.2231333333333336,,,,,,,,,,,,,0.696043952726669,,,,,,,DAL-BWI,0
2025,1,DAL,BZN,284.8935593220339,143.0,1362.7033898305085,520.0,930.0,5.0,0.0,0.0,0.0,0.0,0.0,2.2231333333333336,,,,,,,,,,,,,0.5591397849462365,,,,,,,DAL-BZN,0
2025,1,DAL,CHO,310.64285714285717,7.0,1178.0,30.0,108.0,1.0,0.0,0.0,0.0,0.0,0.0,2.2231333333333336,,,,,,,,,,,,,0.2777777777777778,,,,,,,DAL-CHO,0
2025,1,DAL,CHS,244.65747663551403,460.0,1010.9034267912773,10707.0,13561.0,87.0,90.0,1.0,10.620689655172415,0.03333333333333333,0.2,2.2231333333333336,,,,,,,,,,,,,0.7895435439864317,,,,,,,DAL-CHS,0
2025,1,DAL,CLE,216.9908962264151,241.0,1163.6933962264152,61.0,72.0,1.0,0.0,0.0,0.0,0.0,0.0,2.2231333333333336,,,,,,,,,,,,,0.8472222222222222,,,,,,,DAL-CLE,1
2025,1,DAL,CLT,201.01444444444445,512.0,954.5185185185185,11888.0,15069.0,92.0,91.0,1.0,14.31868131868132,0.0,0.2087912087912088,2.2231333333333336,,,,,,,,,,,,,0.7889043732165373,,,,,,,DAL-CLT,0
2025,1,DAL,CMH,260.05788091068297,785.0,978.5411558669002,11534.0,16192.0,96.0,96.0,1.0,9.5625,0.0,0.21875,2.2231333333333336,,,,,,,,,,,,,0.7123270750988142,,,,,,,DAL-CMH,0
2025,1,DAL,COS,188.70303296703298,835.0,617.6,23591.0,35807.0,209.0,210.0,1.0,6.29665071770335,0.004761904761904762,0.1619047619047619,2.2231333333333336,,,,,,,,,,,,,0.6588376574412824,,,,,,,DAL-COS,0
2025,1,DAL,CRP,198.58641221374046,167.0,374.59541984732823,141.0,143.0,1.0,0.0,0.0,0.0,0.0,0.0,2.2231333333333336,,,,,,,,,,,,,0.986013986013986,,,,,,,DAL-CRP,1
2025,1,DAL,CVG,239.913046875,139.0,1208.0546875,69.0,78.0,1.0,0.0,0.0,0.0,0.0,0.0,2.2231333333333336,,,,,,,,,,,,,0.8846153846153846,,,,,,,DAL-CVG,1
2025,1,DAL,DAY,284.3075,4.0,1153.0,0.0,50.0,1.0,0.0,0.0,0.0,0.0,0.0,2.2231333333333336,,,,,,,,,,,,,0.0,,,,,,,DAL-DAY,0
2025,1,DAL,DCA,225.70918116683725,2698.0,1197.3920163766632,42312.0,67579.0,405.0,429.0,1.0,17.726161369193154,0.04895104895104895,0.30303030303030304,2.2231333333333336,,,,,,,,,,,,,0.6261116619068053,,,,,,,DAL-DCA,0
2025,1,DAL,DEN,185.73855042016808,6559.0,664.2310924369748,93464.0,124024.0,766.0,775.0,1.0,9.061760840998685,0.01935483870967742,0.20258064516129032,2.2231333333333336,,,,,,,,,,,,,0.7535960781784171,,,,,,,DAL-DEN,0
2025,1,DAL,DTW,197.94887573964496,198.0,1107.01775147929,59.0,144.0,2.0,0.0,0.0,0.0,0.0,0.0,2.2231333333333336,,,,,,,,,,,,,0.4097222222222222,,,,,,,DAL-DTW,0
2025,1,DAL,ECP,222.98436260623228,589.0,689.4305949008499,14910.0,21026.0,126.0,129.0,1.0,9.984251968503937,0.015503875968992248,0.17829457364341086,2.2231333333333336,,,,,,,,,,,,,0.7091220393798154,,,,,,,DAL-ECP,0
2025,1,DAL,ELP,195.6304090419806,2222.0,573.2895586652314,41947.0,67958.0,426.0,435.0,1.0,7.249411764705882,0.022988505747126436,0.2206896551724138,2.2231333333333336,,,,,,,,,,,,,0.6172488890196887,,,,,,,DAL-ELP,0
2025,1,DAL,EVV,407.6666666666667,4.0,1071.0,37.0,50.0,1.0,0.0,0.0,0.0,0.0,0.0,2.2231333333333336,,,,,,,,,,,,,0.74,,,,,,,DAL-EVV,0
2025,1,DAL,EWR,371.3657894736842,19.0,1461.6315789473683,60.0,78.0,1.0,0.0,0.0,0.0,0.0,0.0,2.2231333333333336,,,,,,,,,,,,,0.7692307692307693,,,,,,,DAL-EWR,0
2025,1,DAL,FAR,253.0,1.0,1844.0,240.0,372.0,2.0,0.0,0.0,0.0,0.0,0.0,2.2231333333333336,,,,,,,,,,,,,0.6451612903225806,,,,,,,DAL-FAR,0
2025,1,DAL,FLL,216.94436081242532,1480.0,1140.9199522102747,24229.0,30792.0,184.0,185.0,1.0,14.527173913043478,0.005405405405405406,0.2594594594594595,2.2231333333333336,,,,,,,,,,,,,0.7868602234346583,,,,,,,DAL-FLL,0
2025,1,DAL,HDN,218.60977142857143,268.0,786.7142857142857,6335.0,8460.0,52.0,53.0,1.0,16.20754716981132,0.0,0.24528301886792453,2.2231333333333336,,,,,,,,,,,,,0.7488179669030733,,,,,,,DAL-HDN,0
2025,1,DAL,HOU,191.08984010659557,4719.0,240.38441039307128,104905.0,160859.0,1196.0,1028.0,1.0,9.193515704154002,0.03988326848249027,0.18482490272373542,2.2231333333333336,,,,,,,,,,,,,0.652154992881965,,,,,,,DAL-HOU,0
2025,1,DAL,HRL,184.24331619537273,559.0,470.9203084832905,11927.0,14475.0,90.0,91.0,1.0,10.022727272727273,0.03296703296703297,0.2087912087912088,2.2231333333333336,,,,,,,,,,,,,0.823972366148532,,,,,,,DAL-HRL,1
2025,1,DAL,IAD,259.5847058823529,37.0,1680.0882352941176,192.0,358.0,3.0,0.0,0.0,0.0,0.0,0.0,2.2231333333333336,,,,,,,,,,,,,0.5363128491620112,,,,,,,DAL-IAD,0
2025,1,DAL,IND,230.48583333333332,962.0,794.9261006289308,17111.0,24667.0,149.0,150.0,1.0,7.469387755102041,0.02,0.18666666666666668,2.2231333333333336,,,,,,,,,,,,,0.6936798151376333,,,,,,,DAL-IND,0
2025,1,DAL,JAX,246.95832487309644,485.0,949.6142131979695,13117.0,14796.0,87.0,85.0,1.0,10.729411764705882,0.0,0.21176470588235294,2.2231333333333336,,,,,,,,,,,,,0.8865233846985672,,,,,,,DAL-JAX,1
2025,1,DAL,LAS,239.34680908599242,4697.0,1076.289345592212,86216.0,122881.0,870.0,725.0,1.0,11.458509142053446,0.019310344827586208,0.2013793103448276,2.2231333333333336,,,,,,,,,,,,,0.7016218943530733,,,,,,,DAL-LAS,0
2025,1,DAL,LAX,212.58547285464095,5314.0,1254.3450087565675,86424.0,121344.0,740.0,375.0,1.0,11.490514905149052,0.016,0.20533333333333334,2.2231333333333336,,,,,,,0.1662822530232157,0.008191243991291414,0.06384287985231527,0.17061212978089035,0.33008563663401874,0.43409495483748084,0.7122231012658228,0.1662822530232157,0.008191243991291414,0.06384287985231527,0.17061212978089035,0.33008563663401874,0.43409495483748084,DAL-LAX,0
2025,1,DAL,LBB,187.079359430605,1216.0,294.2651245551601,39568.0,59394.0,382.0,389.0,1.0,6.670157068062827,0.017994858611825194,0.17737789203084833,2.2231333333333336,,,,,,,,,,,,,0.6661952385762872,,,,,,,DAL-LBB,0
2025,1,DAL,LGA,202.50268434134216,2770.0,1390.1300745650374,39757.0,55382.0,330.0,339.0,1.0,11.432432432432432,0.017699115044247787,0.2182890855457227,2.2231333333333336,,,,,,,,,,,,,0.7178686215737965,,,,,,,DAL-LGA,0
2025,1,DAL,LGB,219.80082767978288,2694.0,1245.4436906377205,40016.0,57900.0,340.0,171.0,1.0,5.011834319526627,0.011695906432748537,0.13450292397660818,2.2231333333333336,,,,,,,,,,,,,0.6911226252158895,,,,,,,DAL-LGB,0
2025,1,DAL,LIT,173.7775420875421,561.0,296.0,24275.0,38374.0,250.0,254.0,1.0,11.812,0.015748031496062992,0.23622047244094488,2.2231333333333336,,,,,,,,,,,,,0.6325897743263668,,,,,,,DAL-LIT,0
2025,1,DAL,MAF,194.42233333333334,1057.0,324.4549019607843,27266.0,51497.0,327.0,329.0,1.0,6.54601226993865,0.0121580547112462,0.14285714285714285,2.2231333333333336,,,,,,,,,,,,,0.5294677359846205,,,,,,,DAL-MAF,0
2025,1,DAL,MCI,214.41456621004568,2889.0,470.6657534246575,50908.0,75586.0,478.0,499.0,1.0,8.669456066945607,0.04208416833667335,0.19839679358717435,2.2231333333333336,,,,,,,,,,,,,0.67351096763951,,,,,,,DAL-MCI,0
2025,1,DAL,MCO,244.10205486542444,4666.0,989.1889233954452,84444.0,102984.0,632.0,642.0,1.0,13.830427892234548,0.017133956386292833,0.2336448598130841,2.2231333333333336,,,,,,,,,,,,,0.8199720344907947,,,,,,,DAL-MCO,1
2025,1,DAL,MDW,203.29937659033078,3869.0,806.8568702290077,52810.0,75277.0,460.0,474.0,1.0,10.98913043478261,0.029535864978902954,0.19831223628691982,2.2231333333333336,,,,,,,,,,,,,0.70154230375812,,,,,,,DAL-MDW,0
2025,1,DAL,MEM,196.76993506493505,474.0,469.237012987013,13146.0,17622.0,110.0,109.0,1.0,11.333333333333334,0.009174311926605505,0.27522935779816515,2.2231333333333336,,,,,,,,,,,,,0.7459993190330269,,,,,,,DAL-MEM,0
2025,1,DAL,MIA,221.45804928131417,705.0,1188.5133470225874,12947.0,16919.0,98.0,98.0,1.0,19.298969072164947,0.01020408163265306,0.23469387755102042,2.2231333333333336,,,,,,,,,,,,,0.7652343519120516,,,,,,,DAL-MIA,0
2025,1,DAL,MKE,246.52762032085562,530.0,891.8582887700535,10408.0,13723.0,85.0,86.0,1.0,6.976470588235294,0.011627906976744186,0.16279069767441862,2.2231333333333336,,,,,,,,,,,,,0.7584347445893755,,,,,,,DAL-MKE,0
2025,1,DAL,MSP,202.44933333333333,192.0,1185.9277777777777,1345.0,2281.0,15.0,11.0,1.0,6.454545454545454,0.0,0.18181818181818182,2.2231333333333336,,,,,,,,,,,,,0.5896536606751425,,,,,,,DAL-MSP,0
2025,1,DAL,MSY,192.08195839311335,3447.0,443.73314203730274,57024.0,93623.0,580.0,602.0,1.0,7.871527777777778,0.04318936877076412,0.16611295681063123,2.2231333333333336,,,,,,,,,,,,,0.6090811018659945,,,,,,,DAL-MSY,0
2025,1,DAL,MTJ,201.27526315789476,165.0,781.4035087719299,3662.0,5201.0,31.0,31.0,1.0,11.290322580645162,0.0,0.16129032258064516,2.2231333333333336,,,,,,,,,,,,,0.7040953662757162,,,,,,,DAL-MTJ,0
2025,1,DAL,OAK,208.4869455645161,3082.0,1493.9233870967741,38384.0,50350.0,294.0,146.0,1.0,13.482758620689655,0.00684931506849315,0.2671232876712329,2.2231333333333336,,,,,,,,,,,,,0.762343594836147,,,,,,,DAL-OAK,0
2025,1,DAL,OMA,228.8412592592593,604.0,693.7086419753086,11726.0,15505.0,95.0,98.0,1.0,2.9263157894736844,0.030612244897959183,0.12244897959183673,2.2231333333333336,,,,,,,,,,,,,0.7562721702676556,,,,,,,DAL-OMA,0
2025,1,DAL,ONT,222.17563798219587,1920.0,1237.1483679525222,25440.0,30702.0,178.0,90.0,1.0,14.044444444444444,0.0,0.3,2.2231333333333336,,,,,,,,,,,,,0.8286105139730311,,,,,,,DAL-ONT,1
2025,1,DAL,ORD,182.9129268292683,1470.0,819.3098995695839,21046.0,35114.0,214.0,220.0,1.0,5.752336448598131,0.02727272727272727,0.11363636363636363,2.2231333333333336,,,,,,,,,,,,,0.599362077803725,,,,,,,DAL-ORD,0
2025,1,DAL,ORF,260.78247933884296,134.0,1356.5123966942149,142.0,143.0,1.0,1.0,1.0,-1.0,0.0,0.0,2.2231333333333336,,,,,,,,,,,,,0.993006993006993,,,,,,,DAL-ORF,1
2025,1,DAL,PDX,200.02563106796117,237.0,1800.2572815533981,550.0,597.0,4.0,3.0,1.0,19.0,0.0,0.6666666666666666,2.2231333333333336,,,,,,,,,,,,,0.9212730318257957,,,,,,,DAL-PDX,1
2025,1,DAL,PHL,204.35028169014086,247.0,1439.5023474178404,164.0,175.0,1.0,1.0,1.0,-1.0,0.0,0.0,2.2231333333333336,,,,,,,,,,,,,0.9371428571428572,,,,,,,DAL-PHL,1
2025,1,DAL,PHX,226.28177948717948,5140.0,887.891282051282,87163.0,123165.0,755.0,769.0,1.0,9.275632490013315,0.0247074122236671,0.20026007802340703,2.2231333333333336,,,,,,,,,,,,,0.7076929322453619,,,,,,,DAL-PHX,0
2025,1,DAL,PIT,253.69173697270472,582.0,1119.9826302729527,9819.0,14989.0,93.0,91.0,1.0,10.877777777777778,0.01098901098901099,0.16483516483516483,2.2231333333333336,,,,,,,,,,,,,0.6550803922876777,,,,,,,DAL-PIT,0
2025,1,DAL,PNS,211.30293172690764,353.0,631.1044176706828,14448.0,17236.0,108.0,110.0,1.0,12.05607476635514,0.02727272727272727,0.19090909090909092,2.2231333333333336,,,,,,,,,,,,,0.8382455326061731,,,,,,,DAL-PNS,1
2025,1,DAL,PSP,221.2627857142857,328.0,1293.6,2198.0,2618.0,16.0,7.0,1.0,4.428571428571429,0.0,0.14285714285714285,2.2231333333333336,,,,,,,,,,,,,0.839572192513369,,,,,,,DAL-PSP,1
2025,1,DAL,RDU,226.07917573872473,863.0,1090.6547433903577,11412.0,14610.0,98.0,95.0,1.0,5.741935483870968,0.021052631578947368,0.2,2.2231333333333336,,,,,,,,,,,,,0.7811088295687885,,,,,,,DAL-RDU,0
2025,1,DAL,RNO,233.47604081632653,292.0,1453.4448979591837,1046.0,1161.0,7.0,7.0,1.0,14.285714285714286,0.0,0.2857142857142857,2.2231333333333336,,,,,,,,,,,,,0.9009474590869939,,,,,,,DAL-RNO,1
2025,1,DAL,ROA,279.77058823529416,17.0,1078.0,104.0,216.0,2.0,0.0,0.0,0.0,0.0,0.0,2.2231333333333336,,,,,,,,,,,,,0.48148148148148145,,,,,,,DAL-ROA,0
2025,1,DAL,RSW,235.76973684210526,421.0,1071.3552631578948,11004.0,13111.0,89.0,91.0,1.0,20.89887640449438,0.02197802197802198,0.24175824175824176,2.2231333333333336,,,,,,,,,,,,,0.8392952482648158,,,,,,,DAL-RSW,1
2025,1,DAL,SAN,228.73157367668097,5466.0,1195.8969957081545,86976.0,118476.0,756.0,385.0,1.0,8.33245382585752,0.01818181818181818,0.2,2.2231333333333336,,,,,,,0.20884454631252528,0.010516381286234326,0.06662806664762747,0.26037408113045896,0.37705046300462025,0.2940969356018669,0.7341233667578244,0.20884454631252528,0.010516381286234326,0.06662806664762747,0.26037408113045896,0.37705046300462025,0.2940969356018669,DAL-SAN,0
2025,1,DAL,SAT,192.82548507462687,3026.0,249.96268656716418,71224.0,107214.0,686.0,699.0,1.0,6.798245614035087,0.02145922746781116,0.17310443490701002,2.2231333333333336,,,,,,,,,,,,,0.6643162273583674,,,,,,,DAL-SAT,0
2025,1,DAL,SAV,238.6579079497908,572.0,979.8577405857741,12722.0,14142.0,98.0,49.0,1.0,16.285714285714285,0.0,0.2857142857142857,2.2231333333333336,,,,,,,,,,,,,0.8995898741337859,,,,,,,DAL-SAV,1
2025,1,DAL,SBN,558.285,2.0,1220.5,117.0,216.0,2.0,0.0,0.0,0.0,0.0,0.0,2.2231333333333336,,,,,,,,,,,,,0.5416666666666666,,,,,,,DAL-SBN,0
2025,1,DAL,SDF,218.86627218934913,462.0,792.7455621301775,9792.0,13281.0,86.0,85.0,1.0,9.285714285714286,0.011764705882352941,0.2,2.2231333333333336,,,,,,,,,,,,,0.7372938784730065,,,,,,,DAL-SDF,0
2025,1,DAL,SEA,191.45803986710965,936.0,1739.107973421927,8396.0,11136.0,65.0,67.0,1.0,15.138461538461538,0.029850746268656716,0.2835820895522388,2.2231333333333336,,,,,,,,,,,,,0.7539511494252874,,,,,,,DAL-SEA,0
2025,1,DAL,SJC,219.7208774373259,2298.0,1470.08356545961,30128.0,44986.0,264.0,131.0,1.0,12.49618320610687,0.0,0.2595419847328244,2.2231333333333336,,,,,,,,,,,,,0.6697194682790202,,,,,,,DAL-SJC,0
2025,1,DAL,SLC,210.86518844221106,1424.0,1035.7537688442212,28100.0,35395.0,213.0,206.0,1.0,11.92156862745098,0.009708737864077669,0.23786407766990292,2.2231333333333336,,,,,,,,,,,,,0.7938974431416866,,,,,,,DAL-SLC,0
2025,1,DAL,SMF,270.6755722070845,2272.0,1481.3528610354224,36326.0,46278.0,282.0,143.0,1.0,7.531914893617022,0.013986013986013986,0.1958041958041958,2.2231333333333336,,,,,,,,,,,,,0.7849518129564804,,,,,,,DAL-SMF,0
2025,1,DAL,SNA,299.1436989795918,1156.0,1248.9311224489795,19004.0,25232.0,176.0,90.0,1.0,12.386363636363637,0.022222222222222223,0.28888888888888886,2.2231333333333336,,,,,,,,,,,,,0.7531705770450222,,,,,,,DAL-SNA,0
2025,1,DAL,SRQ,194.9785031847134,468.0,1020.624203821656,9372.0,13708.0,84.0,85.0,1.0,11.761904761904763,0.011764705882352941,0.23529411764705882,2.2231333333333336,,,,,,,,,,,,,0.6836883571637,,,,,,,DAL-SRQ,0
2025,1,DAL,STL,229.59514285714286,2932.0,564.7763265306122,47670.0,76617.0,487.0,508.0,1.0,8.3347022587269,0.04133858267716536,0.18110236220472442,2.2231333333333336,,,,,,,,,,,,,0.6221856768080191,,,,,,,DAL-STL,0
2025,1,DAL,TLH,298.4,5.0,944.0,81.0,110.0,1.0,0.0,0.0,0.0,0.0,0.0,2.2231333333333336,,,,,,,,,,,,,0.7363636363636363,,,,,,,DAL-TLH,0
2025,1,DAL,TPA,213.62497886728656,2400.0,933.3837700760778,36939.0,50491.0,309.0,313.0,1.0,9.46103896103896,0.01597444089456869,0.19488817891373802,2.2231333333333336,,,,,,,,,,,,,0.7315957299320671,,,,,,,DAL-TPA,0
2025,1,DAL,TUL,186.4199642857143,476.0,238.0,25657.0,42428.0,260.0,263.0,1.0,7.922480620155039,0.019011406844106463,0.20152091254752852,2.2231333333333336,,,,,,,,,,,,,0.6047185820684454,,,,,,,DAL-TUL,0
2025,1,DAL,TUS,209.99014634146343,306.0,908.229268292683,10874.0,13256.0,88.0,90.0,1.0,10.534090909090908,0.022222222222222223,0.2222222222222222,2.2231333333333336,,,,,,,,,,,,,0.8203077851538926,,,,,,,DAL-TUS,1
2025,1,DAL,VPS,217.94944444444442,318.0,697.2435897435897,9347.0,13113.0,87.0,90.0,1.0,5.252873563218391,0.03333333333333333,0.1,2.2231333333333336,,,,,,,,,,,,,0.7128040875467093,,,,,,,DAL-VPS,0
2025,1,DAY,ATL,266.9938961038961,636.0,444.40909090909093,30175.0,35222.0,332.0,336.0,2.0,6.531722054380665,0.01488095238095238,0.15476190476190477,2.2231333333333336,,,,,,,0.18040542999599665,0.022200385777195474,0.07972794287792138,0.19235893028329643,0.3715323460381475,0.35574939671415823,0.8567088751348589,0.18040542999599665,0.022200385777195474,0.07972794287792138,0.19235893028329643,0.3715323460381475,0.35574939671415823,DAY-ATL,1
2025,1,DAY,AUS,270.45794117647057,139.0,1206.139705882353,119.0,150.0,1.0,0.0,0.0,0.0,0.0,0.0,2.2231333333333336,,,,,,,0.18066105522479983,0.012779716690617943,0.0655739832334086,0.16405824184380596,0.40716516563281335,0.3620476351146755,0.7933333333333333,0.18066105522479983,0.012779716690617943,0.0655739832334086,0.16405824184380596,0.40716516563281335,0.3620476351146755,DAY-AUS,0
2025,1,DAY,CLL,254.0,2.0,1025.0,73.0,76.0,1.0,0.0,0.0,0.0,0.0,0.0,2.2231333333333336,,,,,,,,,,,,,0.9605263157894737,,,,,,,DAY-CLL,1
2025,1,DAY,DFW,364.91824295010844,630.0,904.8112798264642,20837.0,23527.0,310.0,323.0,2.0,19.076677316293928,0.030959752321981424,0.21052631578947367,2.2231333333333336,,,,,,,0.2062396282774643,0.03747759707932293,0.10718704340430481,0.1903530643250198,0.3470410781655484,0.3542601059847202,0.8856632804862499,0.2062396282774643,0.03747759707932293,0.10718704340430481,0.1903530643250198,0.3470410781655484,0.3542601059847202,DAY-DFW,1
2025,1,DAY,HOU,276.4264705882353,17.0,1115.1764705882354,0.0,150.0,1.0,0.0,0.0,0.0,0.0,0.0,2.2231333333333336,,,,,,,,,,,,,0.0,,,,,,,DAY-HOU,0
2025,1,DAY,LBB,395.15299999999996,10.0,1235.5,0.0,50.0,1.0,0.0,0.0,0.0,0.0,0.0,2.2231333333333336,,,,,,,,,,,,,0.0,,,,,,,DAY-LBB,0
2025,1,DAY,LRD,75.14,2.0,1361.5,0.0,0.0,2.0,0.0,0.0,0.0,0.0,0.0,2.2231333333333336,,,,,,,,,,,,,,,,,,,,DAY-LRD,0
2025,1,DAY,SAN,321.7839751552795,164.0,2103.5155279503106,99.0,137.0,1.0,0.0,0.0,0.0,0.0,0.0,2.2231333333333336,,,,,,,0.20884454631252528,0.010516381286234326,0.06662806664762747,0.26037408113045896,0.37705046300462025,0.2940969356018669,0.7226277372262774,0.20884454631252528,0.010516381286234326,0.06662806664762747,0.26037408113045896,0.37705046300462025,0.2940969356018669,DAY-SAN,0
2025,1,DCA,AGS,283.33086419753084,204.0,540.9691358024692,2199.0,4084.0,62.0,72.0,1.0,71.73015873015873,0.1388888888888889,0.5138888888888888,2.2231333333333336,,,,,,,,,,,,,0.5384427032321254,,,,,,,DCA-AGS,0
2025,1,DCA,ATL,232.64504276114843,9243.0,553.479230299328,168037.0,234727.0,1620.0,1707.0,5.0,18.542257865515115,0.050966608084358524,0.23432923257176333,2.2231333333333336,,,,,,,0.18040542999599665,0.022200385777195474,0.07972794287792138,0.19235893028329643,0.3715323460381475,0.35574939671415823,0.7158827062928423,0.18040542999599665,0.022200385777195474,0.07972794287792138,0.19235893028329643,0.3715323460381475,0.35574939671415823,DCA-ATL,0
2025,1,DCA,AUS,323.5547368421052,1930.0,1406.3331024930749,10988.0,15112.0,88.0,90.0,1.0,33.625,0.022222222222222223,0.5444444444444444,2.2231333333333336,,,,,,,0.18066105522479983,0.012779716690617943,0.0655739832334086,0.16405824184380596,0.40716516563281335,0.3620476351146755,0.7271042879830598,0.18066105522479983,0.012779716690617943,0.0655739832334086,0.16405824184380596,0.40716516563281335,0.3620476351146755,DCA-AUS,0
2025,1,DCA,DAL,227.23393117831074,2658.0,1202.6047966631909,42407.0,66199.0,409.0,429.0,1.0,16.880195599022006,0.04895104895104895,0.27505827505827507,2.2231333333333336,,,,,,,,,,,,,0.6405988005861116,,,,,,,DCA-DAL,0
2025,1,DCA,DFW,338.6026227897839,5182.0,1244.7013752455796,114080.0,149590.0,846.0,898.0,1.0,12.981220657276996,0.051224944320712694,0.13028953229398663,2.2231333333333336,,,,,,,0.2062396282774643,0.03747759707932293,0.10718704340430481,0.1903530643250198,0.3470410781655484,0.3542601059847202,0.7626178220469283,0.2062396282774643,0.03747759707932293,0.10718704340430481,0.1903530643250198,0.3470410781655484,0.3542601059847202,DCA-DFW,0
2025,1,DCA,HOU,242.90662227602905,2029.0,1239.8389830508474,25589.0,37817.0,247.0,262.0,1.0,10.495967741935484,0.05343511450381679,0.22137404580152673,2.2231333333333336,,,,,,,,,,,,,0.6766533569558664,,,,,,,DCA-HOU,0
2025,1,DCA,IAH,317.35115094339625,3451.0,1243.3704402515723,55623.0,75887.0,565.0,592.0,2.0,10.795414462081128,0.04391891891891892,0.11993243243243243,2.2231333333333336,,,,,,,0.16850534248952576,0.02717108362049731,0.06321467851469073,0.21375131175937725,0.3868472966603237,0.33570759355923724,0.7329713916744633,0.16850534248952576,0.02717108362049731,0.06321467851469073,0.21375131175937725,0.3868472966603237,0.33570759355923724,DCA-IAH,0
2025,1,DCA,LAX,385.62031974701335,5563.0,2363.6521433591006,53337.0,63132.0,350.0,360.0,3.0,23.905982905982906,0.025,0.24444444444444444,2.2231333333333336,,,,,,,0.1662822530232157,0.008191243991291414,0.06384287985231527,0.17061212978089035,0.33008563663401874,0.43409495483748084,0.8448488880440981,0.1662822530232157,0.008191243991291414,0.06384287985231527,0.17061212978089035,0.33008563663401874,0.43409495483748084,DCA-LAX,1
2025,1,DCA,SAN,278.74308380797396,1587.0,2378.214808787632,1278.0,2232.0,14.0,14.0,1.0,0.35714285714285715,0.0,0.07142857142857142,2.2231333333333336,,,,,,,0.20884454631252528,0.010516381286234326,0.06662806664762747,0.26037408113045896,0.37705046300462025,0.2940969356018669,0.5725806451612904,0.20884454631252528,0.010516381286234326,0.06662806664762747,0.26037408113045896,0.37705046300462025,0.2940969356018669,DCA-SAN,0
2025,1,DCA,SAT,255.232775974026,1545.0,1456.1964285714287,3563.0,5705.0,30.0,30.0,1.0,25.0,0.0,0.5333333333333333,2.2231333333333336,,,,,,,,,,,,,0.6245398773006134,,,,,,,DCA-SAT,0
2025,1,DCA,SAV,238.80957142857142,839.0,567.8875,11137.0,15155.0,230.0,264.0,2.0,28.829694323144103,0.13257575757575757,0.29924242424242425,2.2231333333333336,,,,,,,,,,,,,0.7348729792147806,,,,,,,DCA-SAV,0
2025,1,DCA,SFO,399.41238160919545,3420.0,2502.206896551724,27326.0,36589.0,224.0,226.0,2.0,25.973333333333333,0.01327433628318584,0.2920353982300885,2.2231333333333336,,,,,,,0.22080340516094707,0.00951789778605421,0.04750395680104273,0.43247928498277627,0.2687235825342147,0.25053346988176145,0.746836480909563,0.22080340516094707,0.00951789778605421,0.04750395680104273,0.43247928498277627,0.2687235825342147,0.25053346988176145,DCA-SFO,0
2025,1,DEN,ACT,302.47925925925927,62.0,730.0,0.0,50.0,1.0,0.0,0.0,0.0,0.0,0.0,2.2231333333333336,,,,,,,,,,,,,0.0,,,,,,,DEN-ACT,0
2025,1,DEN,ACV,213.3579797979798,105.0,1092.828282828283,4441.0,5280.0,72.0,0.0,0.0,0.0,0.0,0.0,2.2231333333333336,,,,,,,,,,,,,0.8410984848484848,,,,,,,DEN-ACV,1
2025,1,DEN,AMA,203.13228395061728,212.0,499.820987654321,7091.0,9006.0,178.0,181.0,1.0,24.581920903954803,0.022099447513812154,0.3425414364640884,2.2231333333333336,,,,,,,,,,,,,0.7873639795691761,,,,,,,DEN-AMA,0
2025,1,DEN,ATL,247.78972067039106,10382.0,1238.931284916201,195902.0,225787.0,1269.0,1284.0,4.0,14.617021276595745,0.012461059190031152,0.24221183800623053,2.2231333333333336,,,,,,,0.18040542999599665,0.022200385777195474,0.07972794287792138,0.19235893028329643,0.3715323460381475,0.35574939671415823,0.8676407410524078,0.18040542999599665,0.022200385777195474,0.07972794287792138,0.19235893028329643,0.3715323460381475,0.35574939671415823,DEN-ATL,1
2025,1,DEN,AUS,220.1703943661972,8684.0,796.9514866979656,144443.0,180554.0,1094.0,1095.0,3.0,9.77014652014652,0.0027397260273972603,0.21095890410958903,2.2231333333333336,,,,,,,0.18066105522479983,0.012779716690617943,0.0655739832334086,0.16405824184380596,0.40716516563281335,0.3620476351146755,0.799998892298149,0.18066105522479983,0.012779716690617943,0.0655739832334086,0.16405824184380596,0.40716516563281335,0.3620476351146755,DEN-AUS,0
2025,1,DEN,BFL,216.50565737051792,320.0,874.6812749003984,11766.0,13350.0,180.0,180.0,1.0,9.616666666666667,0.0,0.2,2.2231333333333336,,,,,,,,,,,,,0.8813483146067416,,,,,,,DEN-BFL,1
2025,1,DEN,BIH,210.53582278481014,98.0,765.4177215189874,4341.0,6248.0,89.0,0.0,0.0,0.0,0.0,0.0,2.2231333333333336,,,,,,,,,,,,,0.6947823303457106,,,,,,,DEN-BIH,0
2025,1,DEN,BUR,195.84489224137934,2926.0,863.1508620689655,53730.0,74372.0,510.0,518.0,3.0,12.227626459143968,0.007722007722007722,0.2413127413127413,2.2231333333333336,,,,,,,,,,,,,0.722449308879686,,,,,,,DEN-BUR,0
2025,1,DEN,CLL,331.4861290322581,36.0,805.0,125.0,180.0,1.0,0.0,0.0,0.0,0.0,0.0,2.2231333333333336,,,,,,,,,,,,,0.6944444444444444,,,,,,,DEN-CLL,0
2025,1,DEN,DAL,190.37856394129977,6644.0,666.4150943396227,93172.0,123900.0,771.0,777.0,1.0,9.840104849279161,0.018018018018018018,0.22522522522522523,2.2231333333333336,,,,,,,,,,,,,0.7519935431799839,,,,,,,DEN-DAL,0
2025,1,DEN,DFW,237.90858361774744,10276.0,649.0849829351536,204931.0,251742.0,1427.0,1457.0,4.0,14.013408609738885,0.027453671928620454,0.2010981468771448,2.2231333333333336,,,,,,,0.2062396282774643,0.03747759707932293,0.10718704340430481,0.1903530643250198,0.3470410781655484,0.3542601059847202,0.8140516878391368,0.2062396282774643,0.03747759707932293,0.10718704340430481,0.1903530643250198,0.3470410781655484,0.3542601059847202,DEN-DFW,1
2025,1,DEN,ELP,155.24222222222224,1666.0,594.8514619883041,43533.0,69721.0,435.0,433.0,4.0,9.738425925925926,0.0023094688221709007,0.20323325635103925,2.2231333333333336,,,,,,,,,,,,,0.6243886347011661,,,,,,,DEN-ELP,0
2025,1,DEN,FAT,245.85477192982455,707.0,870.7736842105263,27348.0,36492.0,359.0,355.0,3.0,9.03661971830986,0.0,0.19154929577464788,2.2231333333333336,,,,,,,,,,,,,0.7494245314041433,,,,,,,DEN-FAT,0
2025,1,DEN,HOU,204.85414375301497,5425.0,906.2339604438013,79895.0,102132.0,603.0,612.0,2.0,8.777038269550749,0.017973856209150325,0.19281045751633988,2.2231333333333336,,,,,,,,,,,,,0.782271961774958,,,,,,,DEN-HOU,0
2025,1,DEN,HRL,206.22268595041322,277.0,1139.1404958677685,351.0,614.0,5.0,0.0,0.0,0.0,0.0,0.0,2.2231333333333336,,,,,,,,,,,,,0.5716612377850163,,,,,,,DEN-HRL,0
2025,1,DEN,IAH,284.1104550499445,7949.0,888.1727709951905,198593.0,227772.0,1095.0,1087.0,2.0,8.450467289719626,0.015639374425023,0.18399264029438822,2.2231333333333336,,,,,,,0.16850534248952576,0.02717108362049731,0.06321467851469073,0.21375131175937725,0.3868472966603237,0.33570759355923724,0.8718938236482097,0.16850534248952576,0.02717108362049731,0.06321467851469073,0.21375131175937725,0.3868472966603237,0.33570759355923724,DEN-IAH,1
2025,1,DEN,LAX,203.06608159153868,10870.0,873.3837824225636,224078.0,307924.0,1897.0,1861.0,5.0,9.29983879634605,0.0,0.1950564212788823,2.2231333333333336,,,,,,,0.1662822530232157,0.008191243991291414,0.06384287985231527,0.17061212978089035,0.33008563663401874,0.43409495483748084,0.7277055377300893,0.1662822530232157,0.008191243991291414,0.06384287985231527,0.17061212978089035,0.33008563663401874,0.43409495483748084,DEN-LAX,0
2025,1,DEN,LBB,189.43859327217126,412.0,549.1070336391438,12447.0,16806.0,227.0,0.0,0.0,0.0,0.0,0.0,2.2231333333333336,,,,,,,,,,,,,0.7406283470189218,,,,,,,DEN-LBB,0
2025,1,DEN,LGB,176.95961432506886,1547.0,862.7107438016529,24198.0,38006.0,245.0,0.0,0.0,0.0,0.0,0.0,2.2231333333333336,,,,,,,,,,,,,0.6366889438509709,,,,,,,DEN-LGB,0
2025,1,DEN,MAF,274.92802904564314,626.0,639.0248962655602,18034.0,24692.0,376.0,377.0,2.0,19.595174262734584,0.010610079575596816,0.27320954907161804,2.2231333333333336,,,,,,,,,,,,,0.730358010691722,,,,,,,DEN-MAF,0
2025,1,DEN,MRY,244.77064885496185,374.0,975.8320610687023,11146.0,13102.0,178.0,0.0,0.0,0.0,0.0,0.0,2.2231333333333336,,,,,,,,,,,,,0.8507098152953747,,,,,,,DEN-MRY,1
2025,1,DEN,OAK,204.3438800374883,2160.0,975.6401124648547,47924.0,64710.0,388.0,387.0,1.0,12.911917098445596,0.002583979328165375,0.26356589147286824,2.2231333333333336,,,,,,,,,,,,,0.7405965074949776,,,,,,,DEN-OAK,0
2025,1,DEN,ONT,182.9058909090909,3457.0,835.8661818181819,79059.0,102708.0,729.0,613.0,3.0,10.748366013071895,0.0016313213703099511,0.2561174551386623,2.2231333333333336,,,,,,,,,,,,,0.769745297347821,,,,,,,DEN-ONT,0
2025,1,DEN,PSP,245.01861794019933,2576.0,784.5069767441861,69727.0,86979.0,630.0,632.0,4.0,6.563492063492063,0.0031645569620253164,0.17721518987341772,2.2231333333333336,,,,,,,,,,,,,0.8016532726290254,,,,,,,DEN-PSP,1
2025,1,DEN,RDD,279.3616666666667,50.0,1247.4791666666667,0.0,100.0,2.0,0.0,0.0,0.0,0.0,0.0,2.2231333333333336,,,,,,,,,,,,,0.0,,,,,,,DEN-RDD,0
2025,1,DEN,SAN,207.4416032,9427.0,866.92096,173885.0,219015.0,1253.0,1259.0,3.0,9.194422310756972,0.003177124702144559,0.21048451151707703,2.2231333333333336,,,,,,,0.20884454631252528,0.010516381286234326,0.06662806664762747,0.26037408113045896,0.37705046300462025,0.2940969356018669,0.7939410542656896,0.20884454631252528,0.010516381286234326,0.06662806664762747,0.26037408113045896,0.37705046300462025,0.2940969356018669,DEN-SAN,0
2025,1,DEN,SAT,224.6732647199617,4292.0,825.7874581139301,85386.0,111025.0,693.0,692.0,3.0,10.166908563134978,0.004335260115606936,0.21676300578034682,2.2231333333333336,,,,,,,,,,,,,0.7690700292726863,,,,,,,DEN-SAT,0
2025,1,DEN,SAV,294.76124031007754,877.0,1522.9767441860465,5574.0,6116.0,81.0,82.0,3.0,-0.35802469135802467,0.012195121951219513,0.036585365853658534,2.2231333333333336,,,,,,,,,,,,,0.9113799869195552,,,,,,,DEN-SAV,1
2025,1,DEN,SBA,235.53313178294573,992.0,956.877519379845,24178.0,28642.0,179.0,0.0,0.0,0.0,0.0,0.0,2.2231333333333336,,,,,,,,,,,,,0.8441449619439984,,,,,,,DEN-SBA,1
2025,1,DEN,SBP,240.68877805486284,519.0,948.7605985037407,15078.0,18100.0,180.0,0.0,0.0,0.0,0.0,0.0,2.2231333333333336,,,,,,,,,,,,,0.8330386740331491,,,,,,,DEN-SBP,1
2025,1,DEN,SFO,241.74803236797274,9149.0,991.6802952867689,210414.0,263816.0,1412.0,1386.0,3.0,17.224150397686188,0.0021645021645021645,0.2893217893217893,2.2231333333333336,,,,,,,0.22080340516094707,0.00951789778605421,0.04750395680104273,0.43247928498277627,0.2687235825342147,0.25053346988176145,0.7975786153986112,0.22080340516094707,0.00951789778605421,0.04750395680104273,0.43247928498277627,0.2687235825342147,0.25053346988176145,DEN-SFO,0
2025,1,DEN,SJC,217.40641156462584,3405.0,961.9852607709751,77959.0,105148.0,688.0,685.0,3.0,9.905109489051094,0.0,0.21313868613138687,2.2231333333333336,,,,,,,,,,,,,0.7414216152470803,,,,,,,DEN-SJC,0
2025,1,DEN,SMF,211.58932113341203,3632.0,936.3913813459268,111387.0,145257.0,868.0,860.0,3.0,8.748837209302325,0.0,0.20465116279069767,2.2231333333333336,,,,,,,,,,,,,0.7668270720171834,,,,,,,DEN-SMF,0
2025,1,DEN,SNA,232.31538152610443,5806.0,855.4788041053101,101098.0,126992.0,808.0,0.0,0.0,0.0,0.0,0.0,2.2231333333333336,,,,,,,,,,,,,0.7960973919616984,,,,,,,DEN-SNA,0
2025,1,DFW,ABI,223.07276595744682,64.0,158.0,22025.0,31342.0,426.0,438.0,1.0,7.115294117647059,0.02968036529680365,0.18493150684931506,2.2231333333333336,0.2062396282774643,0.03747759707932293,0.10718704340430481,0.1903530643250198,0.3470410781655484,0.3542601059847202,,,,,,,0.7027311594665305,0.2062396282774643,0.03747759707932293,0.10718704340430481,0.1903530643250198,0.3470410781655484,0.3542601059847202,DFW-ABI,0
2025,1,DFW,ABQ,259.64985046728975,1022.0,601.8485981308411,65318.0,85757.0,582.0,567.0,3.0,14.853747714808044,0.03527336860670194,0.25044091710758376,2.2231333333333336,0.2062396282774643,0.03747759707932293,0.10718704340430481,0.1903530643250198,0.3470410781655484,0.3542601059847202,,,,,,,0.7616637708875077,0.2062396282774643,0.03747759707932293,0.10718704340430481,0.1903530643250198,0.3470410781655484,0.3542601059847202,DFW-ABQ,0
2025,1,DFW,ACT,132.5653846153846,13.0,89.0,10706.0,16826.0,257.0,270.0,1.0,17.085603112840467,0.04814814814814815,0.22962962962962963,2.2231333333333336,0.2062396282774643,0.03747759707932293,0.10718704340430481,0.1903530643250198,0.3470410781655484,0.3542601059847202,,,,,,,0.6362771900629978,0.2062396282774643,0.03747759707932293,0.10718704340430481,0.1903530643250198,0.3470410781655484,0.3542601059847202,DFW-ACT,0
2025,1,DFW,ACY,224.11764705882354,17.0,1568.0,195.0,222.0,1.0,0.0,0.0,0.0,0.0,0.0,2.2231333333333336,0.2062396282774643,0.03747759707932293,0.10718704340430481,0.1903530643250198,0.3470410781655484,0.3542601059847202,,,,,,,0.8783783783783784,0.2062396282774643,0.03747759707932293,0.10718704340430481,0.1903530643250198,0.3470410781655484,0.3542601059847202,DFW-ACY,1
2025,1,DFW,AEX,275.28473684210525,103.0,285.0,9251.0,16705.0,257.0,270.0,1.0,11.708661417322835,0.05925925925925926,0.21851851851851853,2.2231333333333336,0.2062396282774643,0.03747759707932293,0.10718704340430481,0.1903530643250198,0.3470410781655484,0.3542601059847202,,,,,,,0.5537862915294822,0.2062396282774643,0.03747759707932293,0.10718704340430481,0.1903530643250198,0.3470410781655484,0.3542601059847202,DFW-AEX,0
2025,1,DFW,AGS,333.1905102040816,446.0,927.1224489795918,9032.0,10314.0,136.0,72.0,2.0,4.132352941176471,0.05555555555555555,0.125,2.2231333333333336,0.2062396282774643,0.03747759707932293,0.10718704340430481,0.1903530643250198,0.3470410781655484,0.3542601059847202,,,,,,,0.875702928058949,0.2062396282774643,0.03747759707932293,0.10718704340430481,0.1903530643250198,0.3470410781655484,0.3542601059847202,DFW-AGS,1
2025,1,DFW,ALB,316.40816377171217,461.0,1499.24317617866,5820.0,7562.0,51.0,53.0,1.0,44.09803921568628,0.03773584905660377,0.4528301886792453,2.2231333333333336,0.2062396282774643,0.03747759707932293,0.10718704340430481,0.1903530643250198,0.3470410781655484,0.3542601059847202,,,,,,,0.7696376619941815,0.2062396282774643,0.03747759707932293,0.10718704340430481,0.1903530643250198,0.3470410781655484,0.3542601059847202,DFW-ALB,0
2025,1,DFW,AMA,227.19688741721856,504.0,315.2748344370861,28644.0,37178.0,503.0,529.0,2.0,5.277013752455796,0.043478260869565216,0.15689981096408318,2.2231333333333336,0.2062396282774643,0.03747759707932293,0.10718704340430481,0.1903530643250198,0.3470410781655484,0.3542601059847202,,,,,,,0.7704556458120394,0.2062396282774643,0.03747759707932293,0.10718704340430481,0.1903530643250198,0.3470410781655484,0.3542601059847202,DFW-AMA,0
2025,1,DFW,ANC,468.3138837209302,535.0,3117.4116279069767,5385.0,6272.0,57.0,32.0,1.0,26.15625,0.0,0.3125,2.2231333333333336,0.2062396282774643,0.03747759707932293,0.10718704340430481,0.1903530643250198,0.3470410781655484,0.3542601059847202,,,,,,,0.8585778061224489,0.2062396282774643,0.03747759707932293,0.10718704340430481,0.1903530643250198,0.3470410781655484,0.3542601059847202,DFW-ANC,1
2025,1,DFW,ASE,553.8115570934257,591.0,717.2249134948097,19826.0,26325.0,405.0,453.0,1.0,14.39344262295082,0.05739514348785872,0.24282560706401765,2.2231333333333336,0.2062396282774643,0.03747759707932293,0.10718704340430481,0.1903530643250198,0.3470410781655484,0.3542601059847202,,,,,,,0.7531244064577398,0.2062396282774643,0.03747759707932293,0.10718704340430481,0.1903530643250198,0.3470410781655484,0.3542601059847202,DFW-ASE,0
2025,1,DFW,ATL,255.41911856127885,24618.0,746.8805506216696,424528.0,553438.0,3092.0,1567.0,5.0,16.735761589403975,0.037013401403956606,0.23356732610082961,2.2231333333333336,0.2062396282774643,0.03747759707932293,0.10718704340430481,0.1903530643250198,0.3470410781655484,0.3542601059847202,0.18040542999599665,0.022200385777195474,0.07972794287792138,0.19235893028329643,0.3715323460381475,0.35574939671415823,0.7670741799442756,0.19332252913673048,0.0298389914282592,0.0934574931411131,0.19135599730415812,0.3592867121018479,0.3550047513494392,DFW-ATL,0
2025,1,DFW,ATW,360.02170568561877,333.0,1000.9966555183946,5448.0,6764.0,89.0,90.0,1.0,13.47191011235955,0.011111111111111112,0.2,2.2231333333333336,0.2062396282774643,0.03747759707932293,0.10718704340430481,0.1903530643250198,0.3470410781655484,0.3542601059847202,,,,,,,0.8054405677114134,0.2062396282774643,0.03747759707932293,0.10718704340430481,0.1903530643250198,0.3470410781655484,0.3542601059847202,DFW-ATW,1
2025,1,DFW,AUS,279.7819441069259,1619.0,194.6512758201701,138762.0,171433.0,1095.0,1133.0,3.0,19.660845588235293,0.04060017652250662,0.2471315092674316,2.2231333333333336,0.2062396282774643,0.03747759707932293,0.10718704340430481,0.1903530643250198,0.3470410781655484,0.3542601059847202,0.18066105522479983,0.012779716690617943,0.0655739832334086,0.16405824184380596,0.40716516563281335,0.3620476351146755,0.8094240898776781,0.19345034175113207,0.025128656884970436,0.08638051331885671,0.17720565308441288,0.3771031218991809,0.35815387054969783,DFW-AUS,1
2025,1,DFW,AVL,360.55309322033895,308.0,901.6483050847457,11049.0,12073.0,159.0,163.0,1.0,4.226415094339623,0.024539877300613498,0.11042944785276074,2.2231333333333336,0.2062396282774643,0.03747759707932293,0.10718704340430481,0.1903530643250198,0.3470410781655484,0.3542601059847202,,,,,,,0.9151826389464094,0.2062396282774643,0.03747759707932293,0.10718704340430481,0.1903530643250198,0.3470410781655484,0.3542601059847202,DFW-AVL,1
2025,1,DFW,BDL,349.6344533947066,1245.0,1515.8722669735328,22044.0,26636.0,149.0,154.0,1.0,12.644295302013424,0.032467532467532464,0.21428571428571427,2.2231333333333336,0.2062396282774643,0.03747759707932293,0.10718704340430481,0.1903530643250198,0.3470410781655484,0.3542601059847202,,,,,,,0.8276017420033038,0.2062396282774643,0.03747759707932293,0.10718704340430481,0.1903530643250198,0.3470410781655484,0.3542601059847202,DFW-BDL,1
2025,1,DFW,BFL,311.77303630363036,794.0,1295.3762376237623,14610.0,18476.0,144.0,73.0,1.0,53.083333333333336,0.0136986301369863,0.5068493150684932,2.2231333333333336,0.2062396282774643,0.03747759707932293,0.10718704340430481,0.1903530643250198,0.3470410781655484,0.3542601059847202,,,,,,,0.7907555747997402,0.2062396282774643,0.03747759707932293,0.10718704340430481,0.1903530643250198,0.3470410781655484,0.3542601059847202,DFW-BFL,0
2025,1,DFW,BGR,314.915,98.0,1786.5869565217392,262.0,304.0,1.0,0.0,0.0,0.0,0.0,0.0,2.2231333333333336,0.2062396282774643,0.03747759707932293,0.10718704340430481,0.1903530643250198,0.3470410781655484,0.3542601059847202,,,,,,,0.8618421052631579,0.2062396282774643,0.03747759707932293,0.10718704340430481,0.1903530643250198,0.3470410781655484,0.3542601059847202,DFW-BGR,1
2025,1,DFW,BHM,278.1143047619048,1300.0,616.9561904761905,36855.0,46202.0,497.0,521.0,3.0,18.619718309859156,0.04798464491362764,0.22648752399232247,2.2231333333333336,0.2062396282774643,0.03747759707932293,0.10718704340430481,0.1903530643250198,0.3470410781655484,0.3542601059847202,,,,,,,0.7976927405740011,0.2062396282774643,0.03747759707932293,0.10718704340430481,0.1903530643250198,0.3470410781655484,0.3542601059847202,DFW-BHM,0
2025,1,DFW,BIL,322.66424242424245,373.0,1187.3939393939395,11680.0,13926.0,178.0,180.0,1.0,7.1257142857142854,0.03333333333333333,0.19444444444444445,2.2231333333333336,0.2062396282774643,0.03747759707932293,0.10718704340430481,0.1903530643250198,0.3470410781655484,0.3542601059847202,,,,,,,0.8387189429843458,0.2062396282774643,0.03747759707932293,0.10718704340430481,0.1903530643250198,0.3470410781655484,0.3542601059847202,DFW-BIL,1
2025,1,DFW,BIS,360.4878089887641,214.0,1020.8483146067416,10952.0,13517.0,178.0,180.0,1.0,8.910112359550562,0.011111111111111112,0.16111111111111112,2.2231333333333336,0.2062396282774643,0.03747759707932293,0.10718704340430481,0.1903530643250198,0.3470410781655484,0.3542601059847202,,,,,,,0.810238958348746,0.2062396282774643,0.03747759707932293,0.10718704340430481,0.1903530643250198,0.3470410781655484,0.3542601059847202,DFW-BIS,1
2025,1,DFW,BMI,328.8663020833333,253.0,727.2447916666666,10530.0,12903.0,176.0,180.0,1.0,2.965909090909091,0.022222222222222223,0.1111111111111111,2.2231333333333336,0.2062396282774643,0.03747759707932293,0.10718704340430481,0.1903530643250198,0.3470410781655484,0.3542601059847202,,,,,,,0.8160892815624273,0.2062396282774643,0.03747759707932293,0.10718704340430481,0.1903530643250198,0.3470410781655484,0.3542601059847202,DFW-BMI,1
2025,1,DFW,BNA,280.7485367372354,3568.0,687.6892901618929,100195.0,126436.0,822.0,850.0,4.0,20.064871481028153,0.04,0.2576470588235294,2.2231333333333336,0.2062396282774643,0.03747759707932293,0.10718704340430481,0.1903530643250198,0.3470410781655484,0.3542601059847202,,,,,,,0.7924562624568952,0.2062396282774643,0.03747759707932293,0.10718704340430481,0.1903530643250198,0.3470410781655484,0.3542601059847202,DFW-BNA,0
2025,1,DFW,BOI,311.58171014492757,986.0,1397.836231884058,29647.0,33114.0,175.0,179.0,1.0,24.137931034482758,0.027932960893854747,0.35195530726256985,2.2231333333333336,0.2062396282774643,0.03747759707932293,0.10718704340430481,0.1903530643250198,0.3470410781655484,0.3542601059847202,,,,,,,0.8953010811137283,0.2062396282774643,0.03747759707932293,0.10718704340430481,0.1903530643250198,0.3470410781655484,0.3542601059847202,DFW-BOI,1
2025,1,DFW,BOS,284.90024460894756,8205.0,1586.7866108786611,117556.0,139713.0,853.0,875.0,5.0,15.942488262910798,0.027428571428571427,0.2342857142857143,2.2231333333333336,0.2062396282774643,0.03747759707932293,0.10718704340430481,0.1903530643250198,0.3470410781655484,0.3542601059847202,,,,,,,0.8414106060280718,0.2062396282774643,0.03747759707932293,0.10718704340430481,0.1903530643250198,0.3470410781655484,0.3542601059847202,DFW-BOS,1
2025,1,DFW,BPT,294.02177777777774,76.0,270.73333333333335,7218.0,10790.0,166.0,180.0,1.0,17.246987951807228,0.08888888888888889,0.2222222222222222,2.2231333333333336,0.2062396282774643,0.03747759707932293,0.10718704340430481,0.1903530643250198,0.3470410781655484,0.3542601059847202,,,,,,,0.668952734012975,0.2062396282774643,0.03747759707932293,0.10718704340430481,0.1903530643250198,0.3470410781655484,0.3542601059847202,DFW-BPT,0
2025,1,DFW,BRO,253.66073529411764,319.0,483.5404411764706,18203.0,27272.0,392.0,412.0,2.0,12.931472081218274,0.043689320388349516,0.23300970873786409,2.2231333333333336,0.2062396282774643,0.03747759707932293,0.10718704340430481,0.1903530643250198,0.3470410781655484,0.3542601059847202,,,,,,,0.6674611322968612,0.2062396282774643,0.03747759707932293,0.10718704340430481,0.1903530643250198,0.3470410781655484,0.3542601059847202,DFW-BRO,0
2025,1,DFW,BTR,314.70925049309665,639.0,386.22879684418143,24322.0,29211.0,400.0,425.0,3.0,12.62406015037594,0.0611764705882353,0.2211764705882353,2.2231333333333336,0.2062396282774643,0.03747759707932293,0.10718704340430481,0.1903530643250198,0.3470410781655484,0.3542601059847202,,,,,,,0.8326315429119168,0.2062396282774643,0.03747759707932293,0.10718704340430481,0.1903530643250198,0.3470410781655484,0.3542601059847202,DFW-BTR,1
2025,1,DFW,BUF,280.1201985559567,667.0,1395.8231046931407,6372.0,7838.0,50.0,52.0,1.0,51.74,0.038461538461538464,0.4230769230769231,2.2231333333333336,0.2062396282774643,0.03747759707932293,0.10718704340430481,0.1903530643250198,0.3470410781655484,0.3542601059847202,,,,,,,0.8129624904312325,0.2062396282774643,0.03747759707932293,0.10718704340430481,0.1903530643250198,0.3470410781655484,0.3542601059847202,DFW-BUF,1
2025,1,DFW,BUR,341.8092047377326,1956.0,1261.4213197969543,49538.0,59856.0,348.0,180.0,1.0,15.767045454545455,0.022222222222222223,0.25555555555555554,2.2231333333333336,0.2062396282774643,0.03747759707932293,0.10718704340430481,0.1903530643250198,0.3470410781655484,0.3542601059847202,,,,,,,0.8276196204223469,0.2062396282774643,0.03747759707932293,0.10718704340430481,0.1903530643250198,0.3470410781655484,0.3542601059847202,DFW-BUR,1
2025,1,DFW,BWI,188.34537313432836,3106.0,1251.879353233831,49994.0,62452.0,342.0,357.0,3.0,10.906705539358601,0.0392156862745098,0.226890756302521,2.2231333333333336,0.2062396282774643,0.03747759707932293,0.10718704340430481,0.1903530643250198,0.3470410781655484,0.3542601059847202,,,,,,,0.8005187984371998,0.2062396282774643,0.03747759707932293,0.10718704340430481,0.1903530643250198,0.3470410781655484,0.3542601059847202,DFW-BWI,1
2025,1,DFW,BZN,330.44232283464567,750.0,1273.3425196850394,24331.0,29655.0,172.0,170.0,2.0,17.327380952380953,0.011764705882352941,0.23529411764705882,2.2231333333333336,0.2062396282774643,0.03747759707932293,0.10718704340430481,0.1903530643250198,0.3470410781655484,0.3542601059847202,,,,,,,0.82046872365537,0.2062396282774643,0.03747759707932293,0.10718704340430481,0.1903530643250198,0.3470410781655484,0.3542601059847202,DFW-BZN,1
2025,1,DFW,CAE,392.50775675675675,475.0,984.3513513513514,12744.0,14147.0,176.0,180.0,2.0,9.258620689655173,0.03333333333333333,0.20555555555555555,2.2231333333333336,0.2062396282774643,0.03747759707932293,0.10718704340430481,0.1903530643250198,0.3470410781655484,0.3542601059847202,,,,,,,0.9008270304658231,0.2062396282774643,0.03747759707932293,0.10718704340430481,0.1903530643250198,0.3470410781655484,0.3542601059847202,DFW-CAE,1
2025,1,DFW,CHA,334.05028322440086,580.0,720.6209150326797,21857.0,25479.0,338.0,353.0,2.0,15.579411764705883,0.039660056657223795,0.20396600566572237,2.2231333333333336,0.2062396282774643,0.03747759707932293,0.10718704340430481,0.1903530643250198,0.3470410781655484,0.3542601059847202,,,,,,,0.8578437144314927,0.2062396282774643,0.03747759707932293,0.10718704340430481,0.1903530643250198,0.3470410781655484,0.3542601059847202,DFW-CHA,1
2025,1,DFW,CHS,315.86805633802817,1291.0,1043.1267605633802,32324.0,36656.0,224.0,237.0,3.0,14.889380530973451,0.046413502109704644,0.28270042194092826,2.2231333333333336,0.2062396282774643,0.03747759707932293,0.10718704340430481,0.1903530643250198,0.3470410781655484,0.3542601059847202,,,,,,,0.8818201658664339,0.2062396282774643,0.03747759707932293,0.10718704340430481,0.1903530643250198,0.3470410781655484,0.3542601059847202,DFW-CHS,1
2025,1,DFW,CID,329.4635172413793,563.0,730.967816091954,24694.0,27677.0,259.0,275.0,2.0,19.50769230769231,0.05454545454545454,0.2581818181818182,2.2231333333333336,0.2062396282774643,0.03747759707932293,0.10718704340430481,0.1903530643250198,0.3470410781655484,0.3542601059847202,,,,,,,0.8922209777071214,0.2062396282774643,0.03747759707932293,0.10718704340430481,0.1903530643250198,0.3470410781655484,0.3542601059847202,DFW-CID,1
2025,1,DFW,CLE,288.3937980085349,2741.0,1081.1116642958748,48332.0,62710.0,381.0,392.0,3.0,22.698952879581153,0.02806122448979592,0.28061224489795916,2.2231333333333336,0.2062396282774643,0.03747759707932293,0.10718704340430481,0.1903530643250198,0.3470410781655484,0.3542601059847202,,,,,,,0.7707223728273003,0.2062396282774643,0.03747759707932293,0.10718704340430481,0.1903530643250198,0.3470410781655484,0.3542601059847202,DFW-CLE,0
2025,1,DFW,CLL,262.5148780487805,49.0,164.0,12667.0,17041.0,262.0,270.0,2.0,11.492307692307692,0.037037037037037035,0.1925925925925926,2.2231333333333336,0.2062396282774643,0.03747759707932293,0.10718704340430481,0.1903530643250198,0.3470410781655484,0.3542601059847202,,,,,,,0.743324922246347,0.2062396282774643,0.03747759707932293,0.10718704340430481,0.1903530643250198,0.3470410781655484,0.3542601059847202,DFW-CLL,0
2025,1,DFW,CLT,315.86393168880454,5756.0,1000.773055028463,153799.0,198365.0,1030.0,1049.0,3.0,12.30276134122288,0.03336510962821735,0.2202097235462345,2.2231333333333336,0.2062396282774643,0.03747759707932293,0.10718704340430481,0.1903530643250198,0.3470410781655484,0.3542601059847202,,,,,,,0.775333350137373,0.2062396282774643,0.03747759707932293,0.10718704340430481,0.1903530643250198,0.3470410781655484,0.3542601059847202,DFW-CLT,0
2025,1,DFW,CMH,328.2685133239832,2129.0,1031.7798036465638,42667.0,53559.0,395.0,406.0,2.0,14.022784810126582,0.027093596059113302,0.2413793103448276,2.2231333333333336,0.2062396282774643,0.03747759707932293,0.10718704340430481,0.1903530643250198,0.3470410781655484,0.3542601059847202,,,,,,,0.7966354860994418,0.2062396282774643,0.03747759707932293,0.10718704340430481,0.1903530643250198,0.3470410781655484,0.3542601059847202,DFW-CMH,0
2025,1,DFW,CMI,287.59867403314917,220.0,708.5414364640884,10750.0,12396.0,177.0,181.0,1.0,7.728813559322034,0.022099447513812154,0.14917127071823205,2.2231333333333336,0.2062396282774643,0.03747759707932293,0.10718704340430481,0.1903530643250198,0.3470410781655484,0.3542601059847202,,,,,,,0.867215230719587,0.2062396282774643,0.03747759707932293,0.10718704340430481,0.1903530643250198,0.3470410781655484,0.3542601059847202,DFW-CMI,1
2025,1,DFW,COS,245.4863344051447,915.0,606.9501607717042,41673.0,52569.0,458.0,471.0,3.0,20.26931567328918,0.03821656050955414,0.2505307855626327,2.2231333333333336,0.2062396282774643,0.03747759707932293,0.10718704340430481,0.1903530643250198,0.3470410781655484,0.3542601059847202,,,,,,,0.7927295554414199,0.2062396282774643,0.03747759707932293,0.10718704340430481,0.1903530643250198,0.3470410781655484,0.3542601059847202,DFW-COS,0
2025,1,DFW,COU,284.3366666666667,351.0,508.25589225589226,13844.0,16707.0,244.0,270.0,2.0,11.020325203252032,0.1,0.21481481481481482,2.2231333333333336,0.2062396282774643,0.03747759707932293,0.10718704340430481,0.1903530643250198,0.3470410781655484,0.3542601059847202,,,,,,,0.8286347040162806,0.2062396282774643,0.03747759707932293,0.10718704340430481,0.1903530643250198,0.3470410781655484,0.3542601059847202,DFW-COU,1
2025,1,DFW,CRP,292.03742774566473,620.0,358.5086705202312,35655.0,45352.0,605.0,624.0,1.0,5.7218543046357615,0.03205128205128205,0.15384615384615385,2.2231333333333336,0.2062396282774643,0.03747759707932293,0.10718704340430481,0.1903530643250198,0.3470410781655484,0.3542601059847202,,,,,,,0.7861836302698889,0.2062396282774643,0.03747759707932293,0.10718704340430481,0.1903530643250198,0.3470410781655484,0.3542601059847202,DFW-CRP,0
2025,1,DFW,CVG,267.8456928327645,2764.0,890.2894197952219,52609.0,65745.0,479.0,410.0,3.0,9.929292929292929,0.03414634146341464,0.2073170731707317,2.2231333333333336,0.2062396282774643,0.03747759707932293,0.10718704340430481,0.1903530643250198,0.3470410781655484,0.3542601059847202,,,,,,,0.8001977336679595,0.2062396282774643,0.03747759707932293,0.10718704340430481,0.1903530643250198,0.3470410781655484,0.3542601059847202,DFW-CVG,1
2025,1,DFW,DAB,363.43880733944957,113.0,1227.8073394495414,176.0,280.0,3.0,3.0,2.0,-7.333333333333333,0.0,0.0,2.2231333333333336,0.2062396282774643,0.03747759707932293,0.10718704340430481,0.1903530643250198,0.3470410781655484,0.3542601059847202,,,,,,,0.6285714285714286,0.2062396282774643,0.03747759707932293,0.10718704340430481,0.1903530643250198,0.3470410781655484,0.3542601059847202,DFW-DAB,0
2025,1,DFW,DAY,373.3995512820513,644.0,910.0021367521367,19918.0,23385.0,308.0,323.0,2.0,16.430868167202572,0.04024767801857585,0.22910216718266255,2.2231333333333336,0.2062396282774643,0.03747759707932293,0.10718704340430481,0.1903530643250198,0.3470410781655484,0.3542601059847202,,,,,,,0.8517425700235194,0.2062396282774643,0.03747759707932293,0.10718704340430481,0.1903530643250198,0.3470410781655484,0.3542601059847202,DFW-DAY,1
2025,1,DFW,DCA,339.0444183724413,5081.0,1234.7728407388918,116763.0,150590.0,852.0,897.0,1.0,9.622222222222222,0.04905239687848383,0.19732441471571907,2.2231333333333336,0.2062396282774643,0.03747759707932293,0.10718704340430481,0.1903530643250198,0.3470410781655484,0.3542601059847202,,,,,,,0.7753702105053456,0.2062396282774643,0.03747759707932293,0.10718704340430481,0.1903530643250198,0.3470410781655484,0.3542601059847202,DFW-DCA,0
2025,1,DFW,DEN,225.22847416201117,10061.0,655.5254888268156,207607.0,251151.0,1424.0,1460.0,4.0,11.286016949152541,0.030821917808219176,0.19863013698630136,2.2231333333333336,0.2062396282774643,0.03747759707932293,0.10718704340430481,0.1903530643250198,0.3470410781655484,0.3542601059847202,,,,,,,0.8266222312473372,0.2062396282774643,0.03747759707932293,0.10718704340430481,0.1903530643250198,0.3470410781655484,0.3542601059847202,DFW-DEN,1
2025,1,DFW,DRO,371.5397297297297,423.0,725.5135135135135,12931.0,14495.0,223.0,233.0,1.0,11.563063063063064,0.04721030042918455,0.2145922746781116,2.2231333333333336,0.2062396282774643,0.03747759707932293,0.10718704340430481,0.1903530643250198,0.3470410781655484,0.3542601059847202,,,,,,,0.8921007243877199,0.2062396282774643,0.03747759707932293,0.10718704340430481,0.1903530643250198,0.3470410781655484,0.3542601059847202,DFW-DRO,1
2025,1,DFW,DSM,339.810506512301,882.0,691.3487698986976,28758.0,32971.0,296.0,312.0,3.0,17.179054054054053,0.05128205128205128,0.28205128205128205,2.2231333333333336,0.2062396282774643,0.03747759707932293,0.10718704340430481,0.1903530643250198,0.3470410781655484,0.3542601059847202,,,,,,,0.8722210427345243,0.2062396282774643,0.03747759707932293,0.10718704340430481,0.1903530643250198,0.3470410781655484,0.3542601059847202,DFW-DSM,1
2025,1,DFW,DTW,248.87916076487252,6810.0,1019.0371813031162,121229.0,167139.0,985.0,1003.0,5.0,12.087487283825025,0.019940179461615155,0.20039880358923232,2.2231333333333336,0.2062396282774643,0.03747759707932293,0.10718704340430481,0.1903530643250198,0.3470410781655484,0.3542601059847202,,,,,,,0.7253184475197291,0.2062396282774643,0.03747759707932293,0.10718704340430481,0.1903530643250198,0.3470410781655484,0.3542601059847202,DFW-DTW,0
2025,1,DFW,ECP,280.7719899244332,535.0,724.2544080604534,17719.0,20577.0,195.0,206.0,2.0,19.190721649484537,0.05825242718446602,0.22815533980582525,2.2231333333333336,0.2062396282774643,0.03747759707932293,0.10718704340430481,0.1903530643250198,0.3470410781655484,0.3542601059847202,,,,,,,0.8611070612820139,0.2062396282774643,0.03747759707932293,0.10718704340430481,0.1903530643250198,0.3470410781655484,0.3542601059847202,DFW-ECP,1
2025,1,DFW,EGE,393.0813232104121,1198.0,726.3752711496746,34777.0,49042.0,370.0,377.0,2.0,13.391891891891891,0.01856763925729443,0.2572944297082228,2.2231333333333336,0.2062396282774643,0.03747759707932293,0.10718704340430481,0.1903530643250198,0.3470410781655484,0.3542601059847202,,,,,,,0.7091268708453978,0.2062396282774643,0.03747759707932293,0.10718704340430481,0.1903530643250198,0.3470410781655484,0.3542601059847202,DFW-EGE,0
2025,1,DFW,ELP,241.4684164588529,1404.0,559.8952618453866,72521.0,103260.0,703.0,728.0,3.0,24.452347083926032,0.03571428571428571,0.31456043956043955,2.2231333333333336,0.2062396282774643,0.03747759707932293,0.10718704340430481,0.1903530643250198,0.3470410781655484,0.3542601059847202,,,,,,,0.7023145458067015,0.2062396282774643,0.03747759707932293,0.10718704340430481,0.1903530643250198,0.3470410781655484,0.3542601059847202,DFW-ELP,0
2025,1,DFW,EUG,280.8055158730159,287.0,1684.595238095238,5553.0,6618.0,44.0,44.0,1.0,29.772727272727273,0.0,0.38636363636363635,2.2231333333333336,0.2062396282774643,0.03747759707932293,0.10718704340430481,0.1903530643250198,0.3470410781655484,0.3542601059847202,,,,,,,0.8390752493200363,0.2062396282774643,0.03747759707932293,0.10718704340430481,0.1903530643250198,0.3470410781655484,0.3542601059847202,DFW-EUG,1
2025,1,DFW,EVV,333.97166666666664,270.0,678.8888888888889,10169.0,12995.0,172.0,180.0,1.0,2.0526315789473686,0.05,0.11666666666666667,2.2231333333333336,0.2062396282774643,0.03747759707932293,0.10718704340430481,0.1903530643250198,0.3470410781655484,0.3542601059847202,,,,,,,0.7825317429780685,0.2062396282774643,0.03747759707932293,0.10718704340430481,0.1903530643250198,0.3470410781655484,0.3542601059847202,DFW-EVV,0
2025,1,DFW,EWR,296.5970989010989,8009.0,1388.6627943485087,108157.0,136124.0,894.0,884.0,4.0,14.064965197215777,0.026018099547511313,0.20135746606334842,2.2231333333333336,0.2062396282774643,0.03747759707932293,0.10718704340430481,0.1903530643250198,0.3470410781655484,0.3542601059847202,,,,,,,0.7945476183479768,0.2062396282774643,0.03747759707932293,0.10718704340430481,0.1903530643250198,0.3470410781655484,0.3542601059847202,DFW-EWR,0
2025,1,DFW,EYW,416.4572727272727,329.0,1131.465909090909,9922.0,11264.0,88.0,91.0,1.0,30.31111111111111,0.01098901098901099,0.32967032967032966,2.2231333333333336,0.2062396282774643,0.03747759707932293,0.10718704340430481,0.1903530643250198,0.3470410781655484,0.3542601059847202,,,,,,,0.880859375,0.2062396282774643,0.03747759707932293,0.10718704340430481,0.1903530643250198,0.3470410781655484,0.3542601059847202,DFW-EYW,1
2025,1,DFW,FAR,327.0388095238095,495.0,1020.9126984126984,17613.0,20047.0,263.0,270.0,1.0,6.098859315589354,0.025925925925925925,0.17407407407407408,2.2231333333333336,0.2062396282774643,0.03747759707932293,0.10718704340430481,0.1903530643250198,0.3470410781655484,0.3542601059847202,,,,,,,0.8785853244874545,0.2062396282774643,0.03747759707932293,0.10718704340430481,0.1903530643250198,0.3470410781655484,0.3542601059847202,DFW-FAR,1
2025,1,DFW,FAT,322.61451310861423,1772.0,1354.3314606741574,78224.0,92614.0,562.0,282.0,1.0,25.52158273381295,0.014184397163120567,0.3191489361702128,2.2231333333333336,0.2062396282774643,0.03747759707932293,0.10718704340430481,0.1903530643250198,0.3470410781655484,0.3542601059847202,,,,,,,0.8446239229490142,0.2062396282774643,0.03747759707932293,0.10718704340430481,0.1903530643250198,0.3470410781655484,0.3542601059847202,DFW-FAT,1
2025,1,DFW,FLG,287.5708771929825,161.0,889.3070175438596,4912.0,6370.0,98.0,101.0,1.0,20.19191919191919,0.019801980198019802,0.3069306930693069,2.2231333333333336,0.2062396282774643,0.03747759707932293,0.10718704340430481,0.1903530643250198,0.3470410781655484,0.3542601059847202,,,,,,,0.7711145996860282,0.2062396282774643,0.03747759707932293,0.10718704340430481,0.1903530643250198,0.3470410781655484,0.3542601059847202,DFW-FLG,0
2025,1,DFW,FLL,250.16431127012524,5977.0,1160.9682468694098,103776.0,121830.0,651.0,674.0,2.0,13.814132104454686,0.03560830860534125,0.23887240356083086,2.2231333333333336,0.2062396282774643,0.03747759707932293,0.10718704340430481,0.1903530643250198,0.3470410781655484,0.3542601059847202,,,,,,,0.8518098990396454,0.2062396282774643,0.03747759707932293,0.10718704340430481,0.1903530643250198,0.3470410781655484,0.3542601059847202,DFW-FLL,1
2025,1,DFW,FSD,298.22631336405533,517.0,800.2603686635945,20635.0,22822.0,260.0,268.0,2.0,11.054054054054054,0.033582089552238806,0.23134328358208955,2.2231333333333336,0.2062396282774643,0.03747759707932293,0.10718704340430481,0.1903530643250198,0.3470410781655484,0.3542601059847202,,,,,,,0.9041714135483305,0.2062396282774643,0.03747759707932293,0.10718704340430481,0.1903530643250198,0.3470410781655484,0.3542601059847202,DFW-FSD,1
2025,1,DFW,FSM,314.483,72.0,227.0,12390.0,17026.0,255.0,270.0,1.0,2.996078431372549,0.05555555555555555,0.12962962962962962,2.2231333333333336,0.2062396282774643,0.03747759707932293,0.10718704340430481,0.1903530643250198,0.3470410781655484,0.3542601059847202,,,,,,,0.7277105603195113,0.2062396282774643,0.03747759707932293,0.10718704340430481,0.1903530643250198,0.3470410781655484,0.3542601059847202,DFW-FSM,0
2025,1,DFW,FWA,306.191149068323,471.0,916.8695652173913,15508.0,20052.0,265.0,270.0,1.0,4.535849056603774,0.018518518518518517,0.15185185185185185,2.2231333333333336,0.2062396282774643,0.03747759707932293,0.10718704340430481,0.1903530643250198,0.3470410781655484,0.3542601059847202,,,,,,,0.7733891881109116,0.2062396282774643,0.03747759707932293,0.10718704340430481,0.1903530643250198,0.3470410781655484,0.3542601059847202,DFW-FWA,0
2025,1,DFW,GCK,335.0531707317073,52.0,404.0,7997.0,11031.0,167.0,180.0,1.0,10.863095238095237,0.06666666666666667,0.17222222222222222,2.2231333333333336,0.2062396282774643,0.03747759707932293,0.10718704340430481,0.1903530643250198,0.3470410781655484,0.3542601059847202,,,,,,,0.7249569395340404,0.2062396282774643,0.03747759707932293,0.10718704340430481,0.1903530643250198,0.3470410781655484,0.3542601059847202,DFW-GCK,0
2025,1,DFW,GEG,314.5271853146853,683.0,1680.6048951048951,10187.0,11400.0,76.0,78.0,1.0,32.80263157894737,0.02564102564102564,0.38461538461538464,2.2231333333333336,0.2062396282774643,0.03747759707932293,0.10718704340430481,0.1903530643250198,0.3470410781655484,0.3542601059847202,,,,,,,0.8935964912280702,0.2062396282774643,0.03747759707932293,0.10718704340430481,0.1903530643250198,0.3470410781655484,0.3542601059847202,DFW-GEG,1
2025,1,DFW,GGG,165.24133333333333,15.0,140.2,6697.0,11115.0,171.0,180.0,1.0,26.872832369942195,0.044444444444444446,0.19444444444444445,2.2231333333333336,0.2062396282774643,0.03747759707932293,0.10718704340430481,0.1903530643250198,0.3470410781655484,0.3542601059847202,,,,,,,0.602519118308592,0.2062396282774643,0.03747759707932293,0.10718704340430481,0.1903530643250198,0.3470410781655484,0.3542601059847202,DFW-GGG,0
2025,1,DFW,GJT,374.9340880503145,194.0,805.7987421383648,10707.0,14042.0,200.0,180.0,2.0,5.902857142857143,0.027777777777777776,0.14444444444444443,2.2231333333333336,0.2062396282774643,0.03747759707932293,0.10718704340430481,0.1903530643250198,0.3470410781655484,0.3542601059847202,,,,,,,0.7624982196268338,0.2062396282774643,0.03747759707932293,0.10718704340430481,0.1903530643250198,0.3470410781655484,0.3542601059847202,DFW-GJT,0
2025,1,DFW,GNV,366.1027397260274,258.0,964.4931506849315,5635.0,6384.0,84.0,90.0,2.0,47.0,0.07777777777777778,0.25555555555555554,2.2231333333333336,0.2062396282774643,0.03747759707932293,0.10718704340430481,0.1903530643250198,0.3470410781655484,0.3542601059847202,,,,,,,0.8826754385964912,0.2062396282774643,0.03747759707932293,0.10718704340430481,0.1903530643250198,0.3470410781655484,0.3542601059847202,DFW-GNV,1
2025,1,DFW,GPT,284.5133333333333,237.0,518.7846153846153,14968.0,18594.0,260.0,273.0,3.0,10.290196078431373,0.06593406593406594,0.20512820512820512,2.2231333333333336,0.2062396282774643,0.03747759707932293,0.10718704340430481,0.1903530643250198,0.3470410781655484,0.3542601059847202,,,,,,,0.8049908572657847,0.2062396282774643,0.03747759707932293,0.10718704340430481,0.1903530643250198,0.3470410781655484,0.3542601059847202,DFW-GPT,1
2025,1,DFW,GRI,299.8451807228916,104.0,561.0,9322.0,11366.0,173.0,180.0,1.0,14.578947368421053,0.05,0.2222222222222222,2.2231333333333336,0.2062396282774643,0.03747759707932293,0.10718704340430481,0.1903530643250198,0.3470410781655484,0.3542601059847202,,,,,,,0.8201654055956361,0.2062396282774643,0.03747759707932293,0.10718704340430481,0.1903530643250198,0.3470410781655484,0.3542601059847202,DFW-GRI,1
2025,1,DFW,GRK,333.18931034482756,31.0,134.0,21250.0,29881.0,424.0,438.0,2.0,9.091764705882353,0.02968036529680365,0.2100456621004566,2.2231333333333336,0.2062396282774643,0.03747759707932293,0.10718704340430481,0.1903530643250198,0.3470410781655484,0.3542601059847202,,,,,,,0.7111542451725177,0.2062396282774643,0.03747759707932293,0.10718704340430481,0.1903530643250198,0.3470410781655484,0.3542601059847202,DFW-GRK,0
2025,1,DFW,GRR,314.3145591647332,1089.0,996.4849187935034,24427.0,27798.0,226.0,232.0,2.0,27.172566371681416,0.02586206896551724,0.3706896551724138,2.2231333333333336,0.2062396282774643,0.03747759707932293,0.10718704340430481,0.1903530643250198,0.3470410781655484,0.3542601059847202,,,,,,,0.8787322828980502,0.2062396282774643,0.03747759707932293,0.10718704340430481,0.1903530643250198,0.3470410781655484,0.3542601059847202,DFW-GRR,1
2025,1,DFW,GSO,321.7685882352941,944.0,1048.7731092436975,23170.0,28040.0,188.0,180.0,1.0,21.485549132947977,0.03888888888888889,0.3388888888888889,2.2231333333333336,0.2062396282774643,0.03747759707932293,0.10718704340430481,0.1903530643250198,0.3470410781655484,0.3542601059847202,,,,,,,0.8263195435092725,0.2062396282774643,0.03747759707932293,0.10718704340430481,0.1903530643250198,0.3470410781655484,0.3542601059847202,DFW-GSO,1
2025,1,DFW,GSP,311.80103070175437,1287.0,893.8004385964912,30277.0,37740.0,301.0,306.0,2.0,16.52159468438538,0.016339869281045753,0.238562091503268,2.2231333333333336,0.2062396282774643,0.03747759707932293,0.10718704340430481,0.1903530643250198,0.3470410781655484,0.3542601059847202,,,,,,,0.8022522522522523,0.2062396282774643,0.03747759707932293,0.10718704340430481,0.1903530643250198,0.3470410781655484,0.3542601059847202,DFW-GSP,1
2025,1,DFW,GTF,318.6776842105263,99.0,1491.7368421052631,170.0,186.0,1.0,0.0,0.0,0.0,0.0,0.0,2.2231333333333336,0.2062396282774643,0.03747759707932293,0.10718704340430481,0.1903530643250198,0.3470410781655484,0.3542601059847202,,,,,,,0.9139784946236559,0.2062396282774643,0.03747759707932293,0.10718704340430481,0.1903530643250198,0.3470410781655484,0.3542601059847202,DFW-GTF,1
2025,1,DFW,GUC,405.01203125,389.0,688.0364583333334,9010.0,12487.0,101.0,103.0,2.0,23.774509803921568,0.009708737864077669,0.3592233009708738,2.2231333333333336,0.2062396282774643,0.03747759707932293,0.10718704340430481,0.1903530643250198,0.3470410781655484,0.3542601059847202,,,,,,,0.721550412428926,0.2062396282774643,0.03747759707932293,0.10718704340430481,0.1903530643250198,0.3470410781655484,0.3542601059847202,DFW-GUC,0
2025,1,DFW,HDN,289.8144518272425,536.0,769.8637873754153,12306.0,16856.0,98.0,103.0,1.0,22.598039215686274,0.009708737864077669,0.2524271844660194,2.2231333333333336,0.2062396282774643,0.03747759707932293,0.10718704340430481,0.1903530643250198,0.3470410781655484,0.3542601059847202,,,,,,,0.7300664451827242,0.2062396282774643,0.03747759707932293,0.10718704340430481,0.1903530643250198,0.3470410781655484,0.3542601059847202,DFW-HDN,0
2025,1,DFW,HNL,581.972404447533,2026.0,3927.8860319666437,43910.0,47366.0,190.0,184.0,1.0,36.369565217391305,0.005434782608695652,0.30434782608695654,2.2231333333333336,0.2062396282774643,0.03747759707932293,0.10718704340430481,0.1903530643250198,0.3470410781655484,0.3542601059847202,,,,,,,0.9270362707427269,0.2062396282774643,0.03747759707932293,0.10718704340430481,0.1903530643250198,0.3470410781655484,0.3542601059847202,DFW-HNL,1
2025,1,DFW,HOU,198.08526050420167,817.0,247.40672268907562,26933.0,35731.0,514.0,539.0,3.0,8.811284046692608,0.04823747680890538,0.17996289424860853,2.2231333333333336,0.2062396282774643,0.03747759707932293,0.10718704340430481,0.1903530643250198,0.3470410781655484,0.3542601059847202,,,,,,,0.753771235061991,0.2062396282774643,0.03747759707932293,0.10718704340430481,0.1903530643250198,0.3470410781655484,0.3542601059847202,DFW-HOU,0
2025,1,DFW,HRL,230.6407575757576,345.0,462.8371212121212,21308.0,27642.0,376.0,412.0,2.0,8.622340425531915,0.08980582524271845,0.15776699029126215,2.2231333333333336,0.2062396282774643,0.03747759707932293,0.10718704340430481,0.1903530643250198,0.3470410781655484,0.3542601059847202,,,,,,,0.7708559438535562,0.2062396282774643,0.03747759707932293,0.10718704340430481,0.1903530643250198,0.3470410781655484,0.3542601059847202,DFW-HRL,0
2025,1,DFW,HSV,399.6545582329317,690.0,635.4096385542168,30314.0,38705.0,510.0,542.0,2.0,19.246575342465754,0.05904059040590406,0.21033210332103322,2.2231333333333336,0.2062396282774643,0.03747759707932293,0.10718704340430481,0.1903530643250198,0.3470410781655484,0.3542601059847202,,,,,,,0.7832063040950782,0.2062396282774643,0.03747759707932293,0.10718704340430481,0.1903530643250198,0.3470410781655484,0.3542601059847202,DFW-HSV,0
2025,1,DFW,HVN,85.22093023255815,97.0,1447.0,903.0,1512.0,8.0,0.0,0.0,0.0,0.0,0.0,2.2231333333333336,0.2062396282774643,0.03747759707932293,0.10718704340430481,0.1903530643250198,0.3470410781655484,0.3542601059847202,,,,,,,0.5972222222222222,0.2062396282774643,0.03747759707932293,0.10718704340430481,0.1903530643250198,0.3470410781655484,0.3542601059847202,DFW-HVN,0
2025,1,DFW,IAD,287.4665074241446,2909.0,1189.6539703034216,53590.0,68675.0,451.0,458.0,3.0,10.9082774049217,0.024017467248908297,0.1965065502183406,2.2231333333333336,0.2062396282774643,0.03747759707932293,0.10718704340430481,0.1903530643250198,0.3470410781655484,0.3542601059847202,,,,,,,0.7803421914816163,0.2062396282774643,0.03747759707932293,0.10718704340430481,0.1903530643250198,0.3470410781655484,0.3542601059847202,DFW-IAD,0
2025,1,DFW,IAH,194.59945401091977,4468.0,224.69634607307853,151625.0,214207.0,1654.0,1691.0,8.0,11.478934324659232,0.04730928444707274,0.2111176818450621,2.2231333333333336,0.2062396282774643,0.03747759707932293,0.10718704340430481,0.1903530643250198,0.3470410781655484,0.3542601059847202,0.16850534248952576,0.02717108362049731,0.06321467851469073,0.21375131175937725,0.3868472966603237,0.33570759355923724,0.7078433477897548,0.18737248538349505,0.03232434034991012,0.08520086095949778,0.20205218804219854,0.36694418741293605,0.3449838497719787,DFW-IAH,0
2025,1,DFW,ICT,337.9041018766756,482.0,328.11796246648794,36238.0,45973.0,623.0,668.0,4.0,17.125401929260452,0.0688622754491018,0.19610778443113772,2.2231333333333336,0.2062396282774643,0.03747759707932293,0.10718704340430481,0.1903530643250198,0.3470410781655484,0.3542601059847202,,,,,,,0.7882452744001914,0.2062396282774643,0.03747759707932293,0.10718704340430481,0.1903530643250198,0.3470410781655484,0.3542601059847202,DFW-ICT,0
2025,1,DFW,IDA,315.50674698795183,185.0,1175.632530120482,4824.0,5590.0,86.0,90.0,1.0,9.045977011494253,0.03333333333333333,0.18888888888888888,2.2231333333333336,0.2062396282774643,0.03747759707932293,0.10718704340430481,0.1903530643250198,0.3470410781655484,0.3542601059847202,,,,,,,0.8629695885509839,0.2062396282774643,0.03747759707932293,0.10718704340430481,0.1903530643250198,0.3470410781655484,0.3542601059847202,DFW-IDA,1
2025,1,DFW,ILM,357.5110285714286,413.0,1159.66,11101.0,12160.0,160.0,163.0,1.0,10.6375,0.018404907975460124,0.13496932515337423,2.2231333333333336,0.2062396282774643,0.03747759707932293,0.10718704340430481,0.1903530643250198,0.3470410781655484,0.3542601059847202,,,,,,,0.9129111842105263,0.2062396282774643,0.03747759707932293,0.10718704340430481,0.1903530643250198,0.3470410781655484,0.3542601059847202,DFW-ILM,1
2025,1,DFW,IND,296.879374550683,2678.0,812.7764198418404,61853.0,78545.0,552.0,468.0,3.0,11.915929203539823,0.03418803418803419,0.21581196581196582,2.2231333333333336,0.2062396282774643,0.03747759707932293,0.10718704340430481,0.1903530643250198,0.3470410781655484,0.3542601059847202,,,,,,,0.7874848812782481,0.2062396282774643,0.03747759707932293,0.10718704340430481,0.1903530643250198,0.3470410781655484,0.3542601059847202,DFW-IND,0
2025,1,DFW,JAC,426.4568636363636,369.0,1104.3954545454546,15394.0,21376.0,167.0,174.0,1.0,15.222222222222221,0.017241379310344827,0.22413793103448276,2.2231333333333336,0.2062396282774643,0.03747759707932293,0.10718704340430481,0.1903530643250198,0.3470410781655484,0.3542601059847202,,,,,,,0.7201534431137725,0.2062396282774643,0.03747759707932293,0.10718704340430481,0.1903530643250198,0.3470410781655484,0.3542601059847202,DFW-JAC,0
2025,1,DFW,JAN,290.71745049504955,525.0,428.5693069306931,22200.0,29278.0,398.0,422.0,3.0,17.778054862842893,0.054502369668246446,0.23696682464454977,2.2231333333333336,0.2062396282774643,0.03747759707932293,0.10718704340430481,0.1903530643250198,0.3470410781655484,0.3542601059847202,,,,,,,0.7582485142427762,0.2062396282774643,0.03747759707932293,0.10718704340430481,0.1903530643250198,0.3470410781655484,0.3542601059847202,DFW-JAN,0
2025,1,DFW,JAX,352.62956293706293,2232.0,964.8653846153846,54239.0,64560.0,374.0,389.0,1.0,15.928191489361701,0.03598971722365039,0.2262210796915167,2.2231333333333336,0.2062396282774643,0.03747759707932293,0.10718704340430481,0.1903530643250198,0.3470410781655484,0.3542601059847202,,,,,,,0.8401332094175961,0.2062396282774643,0.03747759707932293,0.10718704340430481,0.1903530643250198,0.3470410781655484,0.3542601059847202,DFW-JAX,1
2025,1,DFW,JFK,263.2083693843594,2092.0,1403.157237936772,46099.0,61338.0,422.0,425.0,3.0,10.369565217391305,0.02588235294117647,0.19058823529411764,2.2231333333333336,0.2062396282774643,0.03747759707932293,0.10718704340430481,0.1903530643250198,0.3470410781655484,0.3542601059847202,,,,,,,0.7515569467540513,0.2062396282774643,0.03747759707932293,0.10718704340430481,0.1903530643250198,0.3470410781655484,0.3542601059847202,DFW-JFK,0
2025,1,DFW,LAS,265.9780243745991,12104.0,1085.5654265554842,222558.0,281583.0,1448.0,1483.0,3.0,14.023496890117485,0.024949426837491573,0.24747134187457856,2.2231333333333336,0.2062396282774643,0.03747759707932293,0.10718704340430481,0.1903530643250198,0.3470410781655484,0.3542601059847202,,,,,,,0.790381521611745,0.2062396282774643,0.03747759707932293,0.10718704340430481,0.1903530643250198,0.3470410781655484,0.3542601059847202,DFW-LAS,0
2025,1,DFW,LAW,345.09615384615387,15.0,140.0,9297.0,16185.0,249.0,270.0,1.0,14.448,0.08148148148148149,0.25555555555555554,2.2231333333333336,0.2062396282774643,0.03747759707932293,0.10718704340430481,0.1903530643250198,0.3470410781655484,0.3542601059847202,,,,,,,0.5744207599629286,0.2062396282774643,0.03747759707932293,0.10718704340430481,0.1903530643250198,0.3470410781655484,0.3542601059847202,DFW-LAW,0
2025,1,DFW,LAX,259.91949340914965,25816.0,1266.3044714396485,487232.0,620034.0,3292.0,1671.0,4.0,10.426739926739927,0.020945541591861162,0.20526630760023937,2.2231333333333336,0.2062396282774643,0.03747759707932293,0.10718704340430481,0.1903530643250198,0.3470410781655484,0.3542601059847202,0.1662822530232157,0.008191243991291414,0.06384287985231527,0.17061212978089035,0.33008563663401874,0.43409495483748084,0.7858149714370503,0.18626094065034,0.022834420535307175,0.08551496162831004,0.18048259705295508,0.3385633573997836,0.3941775304111005,DFW-LAX,0
2025,1,DFW,LBB,242.77054325955737,693.0,282.0,39439.0,49299.0,590.0,596.0,3.0,13.756944444444445,0.03355704697986577,0.19798657718120805,2.2231333333333336,0.2062396282774643,0.03747759707932293,0.10718704340430481,0.1903530643250198,0.3470410781655484,0.3542601059847202,,,,,,,0.7999959431225786,0.2062396282774643,0.03747759707932293,0.10718704340430481,0.1903530643250198,0.3470410781655484,0.3542601059847202,DFW-LBB,0
2025,1,DFW,LCH,268.9295744680851,142.0,296.4468085106383,12065.0,15795.0,243.0,270.0,1.0,20.64081632653061,0.0962962962962963,0.21481481481481482,2.2231333333333336,0.2062396282774643,0.03747759707932293,0.10718704340430481,0.1903530643250198,0.3470410781655484,0.3542601059847202,,,,,,,0.763849319404875,0.2062396282774643,0.03747759707932293,0.10718704340430481,0.1903530643250198,0.3470410781655484,0.3542601059847202,DFW-LCH,0
2025,1,DFW,LEX,407.61358166189115,517.0,864.028653295129,15054.0,16860.0,222.0,232.0,2.0,9.882882882882884,0.04310344827586207,0.1724137931034483,2.2231333333333336,0.2062396282774643,0.03747759707932293,0.10718704340430481,0.1903530643250198,0.3470410781655484,0.3542601059847202,,,,,,,0.8928825622775801,0.2062396282774643,0.03747759707932293,0.10718704340430481,0.1903530643250198,0.3470410781655484,0.3542601059847202,DFW-LEX,1
2025,1,DFW,LFT,319.4474590163934,306.0,355.39344262295083,21488.0,28093.0,406.0,432.0,3.0,12.71990171990172,0.05787037037037037,0.2222222222222222,2.2231333333333336,0.2062396282774643,0.03747759707932293,0.10718704340430481,0.1903530643250198,0.3470410781655484,0.3542601059847202,,,,,,,0.7648880504040152,0.2062396282774643,0.03747759707932293,0.10718704340430481,0.1903530643250198,0.3470410781655484,0.3542601059847202,DFW-LFT,0
2025,1,DFW,LGA,291.7575642181163,13392.0,1405.5707525912574,190574.0,245588.0,1569.0,1631.0,4.0,15.577384712571067,0.029429797670141016,0.22624156958920907,2.2231333333333336,0.2062396282774643,0.03747759707932293,0.10718704340430481,0.1903530643250198,0.3470410781655484,0.3542601059847202,,,,,,,0.7759906835838885,0.2062396282774643,0.03747759707932293,0.10718704340430481,0.1903530643250198,0.3470410781655484,0.3542601059847202,DFW-LGA,0
2025,1,DFW,LIT,230.75530275229357,724.0,307.4403669724771,42343.0,53079.0,636.0,671.0,3.0,16.866141732283463,0.05365126676602087,0.21460506706408347,2.2231333333333336,0.2062396282774643,0.03747759707932293,0.10718704340430481,0.1903530643250198,0.3470410781655484,0.3542601059847202,,,,,,,0.7977354509316302,0.2062396282774643,0.03747759707932293,0.10718704340430481,0.1903530643250198,0.3470410781655484,0.3542601059847202,DFW-LIT,0
2025,1,DFW,LRD,289.6177272727273,326.0,398.61038961038963,19056.0,29881.0,425.0,448.0,1.0,4.9882903981264635,0.05133928571428571,0.15848214285714285,2.2231333333333336,0.2062396282774643,0.03747759707932293,0.10718704340430481,0.1903530643250198,0.3470410781655484,0.3542601059847202,,,,,,,0.6377296609885881,0.2062396282774643,0.03747759707932293,0.10718704340430481,0.1903530643250198,0.3470410781655484,0.3542601059847202,DFW-LRD,0
2025,1,DFW,MAF,267.5723021582734,603.0,316.5659472422062,35675.0,45401.0,634.0,655.0,2.0,7.533123028391167,0.03358778625954199,0.15725190839694655,2.2231333333333336,0.2062396282774643,0.03747759707932293,0.10718704340430481,0.1903530643250198,0.3470410781655484,0.3542601059847202,,,,,,,0.7857756437082883,0.2062396282774643,0.03747759707932293,0.10718704340430481,0.1903530643250198,0.3470410781655484,0.3542601059847202,DFW-MAF,0
2025,1,DFW,MCI,248.0296120271581,2107.0,474.5955383123181,67844.0,82977.0,566.0,600.0,3.0,17.911190053285967,0.06333333333333334,0.245,2.2231333333333336,0.2062396282774643,0.03747759707932293,0.10718704340430481,0.1903530643250198,0.3470410781655484,0.3542601059847202,,,,,,,0.8176241609120599,0.2062396282774643,0.03747759707932293,0.10718704340430481,0.1903530643250198,0.3470410781655484,0.3542601059847202,DFW-MCI,1
2025,1,DFW,MCO,242.15848892878518,11436.0,1026.5302214242968,203003.0,231385.0,1238.0,1246.0,3.0,16.933665008291875,0.03290529695024077,0.2624398073836276,2.2231333333333336,0.2062396282774643,0.03747759707932293,0.10718704340430481,0.1903530643250198,0.3470410781655484,0.3542601059847202,,,,,,,0.8773386347429609,0.2062396282774643,0.03747759707932293,0.10718704340430481,0.1903530643250198,0.3470410781655484,0.3542601059847202,DFW-MCO,1
2025,1,DFW,MDT,410.6508505154639,488.0,1317.2190721649486,11807.0,15000.0,88.0,90.0,1.0,35.43181818181818,0.022222222222222223,0.4444444444444444,2.2231333333333336,0.2062396282774643,0.03747759707932293,0.10718704340430481,0.1903530643250198,0.3470410781655484,0.3542601059847202,,,,,,,0.7871333333333334,0.2062396282774643,0.03747759707932293,0.10718704340430481,0.1903530643250198,0.3470410781655484,0.3542601059847202,DFW-MDT,0
2025,1,DFW,MDW,119.87791780821918,875.0,860.2630136986302,9900.0,13206.0,71.0,74.0,1.0,28.661971830985916,0.04054054054054054,0.25675675675675674,2.2231333333333336,0.2062396282774643,0.03747759707932293,0.10718704340430481,0.1903530643250198,0.3470410781655484,0.3542601059847202,,,,,,,0.7496592457973649,0.2062396282774643,0.03747759707932293,0.10718704340430481,0.1903530643250198,0.3470410781655484,0.3542601059847202,DFW-MDW,0
2025,1,DFW,MEM,257.10839681133746,1851.0,466.6395039858282,55896.0,69630.0,710.0,553.0,3.0,17.886148007590133,0.04701627486437613,0.2640144665461121,2.2231333333333336,0.2062396282774643,0.03747759707932293,0.10718704340430481,0.1903530643250198,0.3470410781655484,0.3542601059847202,,,,,,,0.8027574321413184,0.2062396282774643,0.03747759707932293,0.10718704340430481,0.1903530643250198,0.3470410781655484,0.3542601059847202,DFW-MEM,1
2025,1,DFW,MFE,300.4033727810651,810.0,472.20315581854044,59577.0,83016.0,664.0,685.0,3.0,21.311649016641454,0.035036496350364967,0.2905109489051095,2.2231333333333336,0.2062396282774643,0.03747759707932293,0.10718704340430481,0.1903530643250198,0.3470410781655484,0.3542601059847202,,,,,,,0.7176568372361954,0.2062396282774643,0.03747759707932293,0.10718704340430481,0.1903530643250198,0.3470410781655484,0.3542601059847202,DFW-MFE,0
2025,1,DFW,MGM,305.4102641509434,326.0,648.4377358490566,14677.0,18154.0,248.0,267.0,2.0,22.092741935483872,0.07116104868913857,0.26217228464419473,2.2231333333333336,0.2062396282774643,0.03747759707932293,0.10718704340430481,0.1903530643250198,0.3470410781655484,0.3542601059847202,,,,,,,0.8084719621020161,0.2062396282774643,0.03747759707932293,0.10718704340430481,0.1903530643250198,0.3470410781655484,0.3542601059847202,DFW-MGM,1
2025,1,DFW,MHK,308.01215384615386,174.0,431.0615384615385,13990.0,17252.0,249.0,270.0,1.0,4.437751004016064,0.07777777777777778,0.13333333333333333,2.2231333333333336,0.2062396282774643,0.03747759707932293,0.10718704340430481,0.1903530643250198,0.3470410781655484,0.3542601059847202,,,,,,,0.810920472988639,0.2062396282774643,0.03747759707932293,0.10718704340430481,0.1903530643250198,0.3470410781655484,0.3542601059847202,DFW-MHK,1
2025,1,DFW,MIA,321.20075704225354,6449.0,1152.4549295774648,181268.0,229573.0,1207.0,1188.0,3.0,21.282889079965607,0.021043771043771045,0.2718855218855219,2.2231333333333336,0.2062396282774643,0.03747759707932293,0.10718704340430481,0.1903530643250198,0.3470410781655484,0.3542601059847202,,,,,,,0.789587625722537,0.2062396282774643,0.03747759707932293,0.10718704340430481,0.1903530643250198,0.3470410781655484,0.3542601059847202,DFW-MIA,0
2025,1,DFW,MKE,325.9617777777778,1335.0,903.9477124183006,31970.0,41228.0,293.0,301.0,2.0,26.452380952380953,0.026578073089700997,0.3488372093023256,2.2231333333333336,0.2062396282774643,0.03747759707932293,0.10718704340430481,0.1903530643250198,0.3470410781655484,0.3542601059847202,,,,,,,0.7754438730959542,0.2062396282774643,0.03747759707932293,0.10718704340430481,0.1903530643250198,0.3470410781655484,0.3542601059847202,DFW-MKE,0
2025,1,DFW,MLI,344.69448717948717,301.0,749.1410256410256,11479.0,13299.0,176.0,180.0,1.0,5.125,0.022222222222222223,0.12777777777777777,2.2231333333333336,0.2062396282774643,0.03747759707932293,0.10718704340430481,0.1903530643250198,0.3470410781655484,0.3542601059847202,,,,,,,0.863147605083089,0.2062396282774643,0.03747759707932293,0.10718704340430481,0.1903530643250198,0.3470410781655484,0.3542601059847202,DFW-MLI,1
2025,1,DFW,MLU,275.03327868852455,80.0,294.2950819672131,10776.0,17737.0,259.0,270.0,1.0,7.407692307692308,0.040740740740740744,0.2074074074074074,2.2231333333333336,0.2062396282774643,0.03747759707932293,0.10718704340430481,0.1903530643250198,0.3470410781655484,0.3542601059847202,,,,,,,0.6075435530247505,0.2062396282774643,0.03747759707932293,0.10718704340430481,0.1903530643250198,0.3470410781655484,0.3542601059847202,DFW-MLU,0
2025,1,DFW,MOB,309.2706451612903,369.0,570.1225806451613,15974.0,18565.0,245.0,269.0,2.0,17.955465587044536,0.08921933085501858,0.2379182156133829,2.2231333333333336,0.2062396282774643,0.03747759707932293,0.10718704340430481,0.1903530643250198,0.3470410781655484,0.3542601059847202,,,,,,,0.8604363048747643,0.2062396282774643,0.03747759707932293,0.10718704340430481,0.1903530643250198,0.3470410781655484,0.3542601059847202,DFW-MOB,1
2025,1,DFW,MRY,435.10097938144327,536.0,1449.8041237113403,14168.0,18176.0,142.0,73.0,1.0,13.366197183098592,0.0273972602739726,0.2054794520547945,2.2231333333333336,0.2062396282774643,0.03747759707932293,0.10718704340430481,0.1903530643250198,0.3470410781655484,0.3542601059847202,,,,,,,0.7794894366197183,0.2062396282774643,0.03747759707932293,0.10718704340430481,0.1903530643250198,0.3470410781655484,0.3542601059847202,DFW-MRY,0
2025,1,DFW,MSN,331.84691042047535,834.0,874.5155393053017,29546.0,35860.0,261.0,270.0,1.0,21.03065134099617,0.03333333333333333,0.3111111111111111,2.2231333333333336,0.2062396282774643,0.03747759707932293,0.10718704340430481,0.1903530643250198,0.3470410781655484,0.3542601059847202,,,,,,,0.8239263803680982,0.2062396282774643,0.03747759707932293,0.10718704340430481,0.1903530643250198,0.3470410781655484,0.3542601059847202,DFW-MSN,1
2025,1,DFW,MSO,326.1706306306306,263.0,1445.990990990991,6100.0,7253.0,88.0,90.0,2.0,1.595505617977528,0.011111111111111112,0.14444444444444443,2.2231333333333336,0.2062396282774643,0.03747759707932293,0.10718704340430481,0.1903530643250198,0.3470410781655484,0.3542601059847202,,,,,,,0.8410312973941817,0.2062396282774643,0.03747759707932293,0.10718704340430481,0.1903530643250198,0.3470410781655484,0.3542601059847202,DFW-MSO,1
2025,1,DFW,MSP,284.2690145182578,5766.0,888.1768587769468,102609.0,128406.0,810.0,793.0,3.0,10.963917525773196,0.021437578814627996,0.2042875157629256,2.2231333333333336,0.2062396282774643,0.03747759707932293,0.10718704340430481,0.1903530643250198,0.3470410781655484,0.3542601059847202,,,,,,,0.7990981729825709,0.2062396282774643,0.03747759707932293,0.10718704340430481,0.1903530643250198,0.3470410781655484,0.3542601059847202,DFW-MSP,0
2025,1,DFW,MSY,234.18615589606927,2975.0,465.2465023317788,81762.0,104321.0,712.0,747.0,4.0,14.970254957507082,0.05488621151271754,0.23828647925033467,2.2231333333333336,0.2062396282774643,0.03747759707932293,0.10718704340430481,0.1903530643250198,0.3470410781655484,0.3542601059847202,,,,,,,0.7837539900882852,0.2062396282774643,0.03747759707932293,0.10718704340430481,0.1903530643250198,0.3470410781655484,0.3542601059847202,DFW-MSY,0
2025,1,DFW,MTJ,299.2014609571788,613.0,731.9647355163728,15014.0,19343.0,183.0,187.0,2.0,8.021739130434783,0.016042780748663103,0.19786096256684493,2.2231333333333336,0.2062396282774643,0.03747759707932293,0.10718704340430481,0.1903530643250198,0.3470410781655484,0.3542601059847202,,,,,,,0.7761981078426304,0.2062396282774643,0.03747759707932293,0.10718704340430481,0.1903530643250198,0.3470410781655484,0.3542601059847202,DFW-MTJ,0
2025,1,DFW,MYR,291.3413919413919,302.0,1122.4029304029305,5260.0,5780.0,61.0,63.0,2.0,0.03278688524590164,0.031746031746031744,0.12698412698412698,2.2231333333333336,0.2062396282774643,0.03747759707932293,0.10718704340430481,0.1903530643250198,0.3470410781655484,0.3542601059847202,,,,,,,0.9100346020761245,0.2062396282774643,0.03747759707932293,0.10718704340430481,0.1903530643250198,0.3470410781655484,0.3542601059847202,DFW-MYR,1
2025,1,DFW,OAK,212.68238636363637,198.0,1518.3636363636363,0.0,0.0,92.0,0.0,0.0,0.0,0.0,0.0,2.2231333333333336,0.2062396282774643,0.03747759707932293,0.10718704340430481,0.1903530643250198,0.3470410781655484,0.3542601059847202,,,,,,,,0.2062396282774643,0.03747759707932293,0.10718704340430481,0.1903530643250198,0.3470410781655484,0.3542601059847202,DFW-OAK,0
2025,1,DFW,OGG,713.7056332703214,864.0,3788.0207939508505,26321.0,29421.0,114.0,114.0,1.0,28.57017543859649,0.0,0.2982456140350877,2.2231333333333336,0.2062396282774643,0.03747759707932293,0.10718704340430481,0.1903530643250198,0.3470410781655484,0.3542601059847202,,,,,,,0.8946330852112436,0.2062396282774643,0.03747759707932293,0.10718704340430481,0.1903530643250198,0.3470410781655484,0.3542601059847202,DFW-OGG,1
2025,1,DFW,OKC,350.34613545816734,343.0,176.3824701195219,71307.0,89349.0,728.0,746.0,3.0,21.94109396914446,0.04825737265415549,0.26273458445040215,2.2231333333333336,0.2062396282774643,0.03747759707932293,0.10718704340430481,0.1903530643250198,0.3470410781655484,0.3542601059847202,,,,,,,0.7980727260517745,0.2062396282774643,0.03747759707932293,0.10718704340430481,0.1903530643250198,0.3470410781655484,0.3542601059847202,DFW-OKC,0
2025,1,DFW,OMA,290.7763494318182,1248.0,627.9573863636364,38268.0,44607.0,313.0,328.0,3.0,21.646496815286625,0.04573170731707317,0.3231707317073171,2.2231333333333336,0.2062396282774643,0.03747759707932293,0.10718704340430481,0.1903530643250198,0.3470410781655484,0.3542601059847202,,,,,,,0.857892259062479,0.2062396282774643,0.03747759707932293,0.10718704340430481,0.1903530643250198,0.3470410781655484,0.3542601059847202,DFW-OMA,1
2025,1,DFW,ONT,247.8671302578019,6576.0,1228.101763907734,155272.0,181186.0,1158.0,481.0,2.0,12.266524520255864,0.02494802494802495,0.25363825363825365,2.2231333333333336,0.2062396282774643,0.03747759707932293,0.10718704340430481,0.1903530643250198,0.3470410781655484,0.3542601059847202,,,,,,,0.8569757045246321,0.2062396282774643,0.03747759707932293,0.10718704340430481,0.1903530643250198,0.3470410781655484,0.3542601059847202,DFW-ONT,1
2025,1,DFW,ORD,266.56539674334454,11695.0,831.5766347893513,202390.0,253268.0,1528.0,1505.0,5.0,12.440516655336506,0.022591362126245847,0.1893687707641196,2.2231333333333336,0.2062396282774643,0.03747759707932293,0.10718704340430481,0.1903530643250198,0.3470410781655484,0.3542601059847202,,,,,,,0.7991139820269438,0.2062396282774643,0.03747759707932293,0.10718704340430481,0.1903530643250198,0.3470410781655484,0.3542601059847202,DFW-ORD,0
2025,1,DFW,ORF,325.5101566951567,1210.0,1262.3789173789173,31931.0,37646.0,219.0,232.0,1.0,12.554545454545455,0.05172413793103448,0.23275862068965517,2.2231333333333336,0.2062396282774643,0.03747759707932293,0.10718704340430481,0.1903530643250198,0.3470410781655484,0.3542601059847202,,,,,,,0.8481910428730808,0.2062396282774643,0.03747759707932293,0.10718704340430481,0.1903530643250198,0.3470410781655484,0.3542601059847202,DFW-ORF,1
2025,1,DFW,PBI,402.42009184845006,1931.0,1150.9724454649827,44946.0,55986.0,309.0,321.0,1.0,13.696774193548388,0.03426791277258567,0.27102803738317754,2.2231333333333336,0.2062396282774643,0.03747759707932293,0.10718704340430481,0.1903530643250198,0.3470410781655484,0.3542601059847202,,,,,,,0.8028078448183474,0.2062396282774643,0.03747759707932293,0.10718704340430481,0.1903530643250198,0.3470410781655484,0.3542601059847202,DFW-PBI,1
2025,1,DFW,PDX,259.8862480211082,3454.0,1657.3736147757256,84007.0,95031.0,540.0,518.0,3.0,15.858267716535433,0.021235521235521235,0.26640926640926643,2.2231333333333336,0.2062396282774643,0.03747759707932293,0.10718704340430481,0.1903530643250198,0.3470410781655484,0.3542601059847202,,,,,,,0.8839957487556692,0.2062396282774643,0.03747759707932293,0.10718704340430481,0.1903530643250198,0.3470410781655484,0.3542601059847202,DFW-PDX,1
2025,1,DFW,PHL,327.9670896084337,6272.0,1345.1189759036145,125206.0,154424.0,847.0,768.0,3.0,12.962616822429906,0.026041666666666668,0.21223958333333334,2.2231333333333336,0.2062396282774643,0.03747759707932293,0.10718704340430481,0.1903530643250198,0.3470410781655484,0.3542601059847202,,,,,,,0.8107936590167332,0.2062396282774643,0.03747759707932293,0.10718704340430481,0.1903530643250198,0.3470410781655484,0.3542601059847202,DFW-PHL,1
2025,1,DFW,PHX,257.7139134742404,9941.0,918.5505284015852,212680.0,250463.0,1368.0,1309.0,3.0,15.145653876272513,0.024446142093200916,0.24446142093200918,2.2231333333333336,0.2062396282774643,0.03747759707932293,0.10718704340430481,0.1903530643250198,0.3470410781655484,0.3542601059847202,,,,,,,0.849147379053992,0.2062396282774643,0.03747759707932293,0.10718704340430481,0.1903530643250198,0.3470410781655484,0.3542601059847202,DFW-PHX,1
2025,1,DFW,PIA,325.9707012195122,409.0,693.655487804878,11740.0,13288.0,175.0,181.0,2.0,10.113636363636363,0.03314917127071823,0.13259668508287292,2.2231333333333336,0.2062396282774643,0.03747759707932293,0.10718704340430481,0.1903530643250198,0.3470410781655484,0.3542601059847202,,,,,,,0.8835039133052378,0.2062396282774643,0.03747759707932293,0.10718704340430481,0.1903530643250198,0.3470410781655484,0.3542601059847202,DFW-PIA,1
2025,1,DFW,PIT,354.9160983606557,2054.0,1137.6284153005465,43585.0,58760.0,351.0,356.0,2.0,8.776504297994268,0.019662921348314606,0.2303370786516854,2.2231333333333336,0.2062396282774643,0.03747759707932293,0.10718704340430481,0.1903530643250198,0.3470410781655484,0.3542601059847202,,,,,,,0.7417460857726345,0.2062396282774643,0.03747759707932293,0.10718704340430481,0.1903530643250198,0.3470410781655484,0.3542601059847202,DFW-PIT,0
2025,1,DFW,PNS,269.7961612903226,869.0,663.7629032258064,34104.0,39429.0,358.0,380.0,3.0,25.033240997229917,0.05526315789473684,0.29210526315789476,2.2231333333333336,0.2062396282774643,0.03747759707932293,0.10718704340430481,0.1903530643250198,0.3470410781655484,0.3542601059847202,,,,,,,0.8649471201399985,0.2062396282774643,0.03747759707932293,0.10718704340430481,0.1903530643250198,0.3470410781655484,0.3542601059847202,DFW-PNS,1
2025,1,DFW,PSP,384.232385786802,2954.0,1166.2728426395938,93834.0,116988.0,624.0,319.0,1.0,15.246006389776358,0.018808777429467086,0.2445141065830721,2.2231333333333336,0.2062396282774643,0.03747759707932293,0.10718704340430481,0.1903530643250198,0.3470410781655484,0.3542601059847202,,,,,,,0.8020822648476766,0.2062396282774643,0.03747759707932293,0.10718704340430481,0.1903530643250198,0.3470410781655484,0.3542601059847202,DFW-PSP,1
2025,1,DFW,PVU,146.0942206235012,739.0,967.9712230215828,15547.0,20657.0,289.0,270.0,1.0,16.977358490566036,0.018518518518518517,0.2962962962962963,2.2231333333333336,0.2062396282774643,0.03747759707932293,0.10718704340430481,0.1903530643250198,0.3470410781655484,0.3542601059847202,,,,,,,0.7526262283971535,0.2062396282774643,0.03747759707932293,0.10718704340430481,0.1903530643250198,0.3470410781655484,0.3542601059847202,DFW-PVU,0
2025,1,DFW,RAP,294.8795054945055,231.0,876.1978021978022,11364.0,13482.0,180.0,186.0,1.0,6.483333333333333,0.03225806451612903,0.15591397849462366,2.2231333333333336,0.2062396282774643,0.03747759707932293,0.10718704340430481,0.1903530643250198,0.3470410781655484,0.3542601059847202,,,,,,,0.8429016466399644,0.2062396282774643,0.03747759707932293,0.10718704340430481,0.1903530643250198,0.3470410781655484,0.3542601059847202,DFW-RAP,1
2025,1,DFW,RDU,297.4953609341826,3483.0,1105.4506369426751,70538.0,85245.0,476.0,500.0,3.0,16.178571428571427,0.048,0.238,2.2231333333333336,0.2062396282774643,0.03747759707932293,0.10718704340430481,0.1903530643250198,0.3470410781655484,0.3542601059847202,,,,,,,0.8274737521262244,0.2062396282774643,0.03747759707932293,0.10718704340430481,0.1903530643250198,0.3470410781655484,0.3542601059847202,DFW-RDU,1
2025,1,DFW,RIC,321.1385052034059,1728.0,1212.546830652791,33587.0,37746.0,225.0,232.0,1.0,14.56,0.034482758620689655,0.22844827586206898,2.2231333333333336,0.2062396282774643,0.03747759707932293,0.10718704340430481,0.1903530643250198,0.3470410781655484,0.3542601059847202,,,,,,,0.8898161394584857,0.2062396282774643,0.03747759707932293,0.10718704340430481,0.1903530643250198,0.3470410781655484,0.3542601059847202,DFW-RIC,1
2025,1,DFW,RNO,367.0811575562701,1159.0,1381.1977491961416,39371.0,47658.0,277.0,287.0,1.0,12.025,0.024390243902439025,0.21951219512195122,2.2231333333333336,0.2062396282774643,0.03747759707932293,0.10718704340430481,0.1903530643250198,0.3470410781655484,0.3542601059847202,,,,,,,0.8261152377355323,0.2062396282774643,0.03747759707932293,0.10718704340430481,0.1903530643250198,0.3470410781655484,0.3542601059847202,DFW-RNO,1
2025,1,DFW,ROC,308.4543121693122,388.0,1473.7936507936508,112.0,172.0,1.0,0.0,0.0,0.0,0.0,0.0,2.2231333333333336,0.2062396282774643,0.03747759707932293,0.10718704340430481,0.1903530643250198,0.3470410781655484,0.3542601059847202,,,,,,,0.6511627906976745,0.2062396282774643,0.03747759707932293,0.10718704340430481,0.1903530643250198,0.3470410781655484,0.3542601059847202,DFW-ROC,0
2025,1,DFW,ROW,263.5758558558558,168.0,435.0,10859.0,16521.0,254.0,270.0,1.0,12.937254901960785,0.05925925925925926,0.23333333333333334,2.2231333333333336,0.2062396282774643,0.03747759707932293,0.10718704340430481,0.1903530643250198,0.3470410781655484,0.3542601059847202,,,,,,,0.6572846679983052,0.2062396282774643,0.03747759707932293,0.10718704340430481,0.1903530643250198,0.3470410781655484,0.3542601059847202,DFW-ROW,0
2025,1,DFW,RSW,354.98442002442,1897.0,1073.4481074481075,56136.0,70994.0,390.0,402.0,2.0,16.964194373401533,0.029850746268656716,0.263681592039801,2.2231333333333336,0.2062396282774643,0.03747759707932293,0.10718704340430481,0.1903530643250198,0.3470410781655484,0.3542601059847202,,,,,,,0.7907147082852072,0.2062396282774643,0.03747759707932293,0.10718704340430481,0.1903530643250198,0.3470410781655484,0.3542601059847202,DFW-RSW,0
2025,1,DFW,SAF,334.2019383259912,388.0,559.0837004405287,18863.0,22555.0,347.0,360.0,1.0,13.097142857142858,0.030555555555555555,0.26666666666666666,2.2231333333333336,0.2062396282774643,0.03747759707932293,0.10718704340430481,0.1903530643250198,0.3470410781655484,0.3542601059847202,,,,,,,0.8363112391930836,0.2062396282774643,0.03747759707932293,0.10718704340430481,0.1903530643250198,0.3470410781655484,0.3542601059847202,DFW-SAF,1
2025,1,DFW,SAN,282.3010136452242,10232.0,1225.2685185185185,242804.0,292024.0,1512.0,781.0,2.0,14.969656992084433,0.03201024327784891,0.2535211267605634,2.2231333333333336,0.2062396282774643,0.03747759707932293,0.10718704340430481,0.1903530643250198,0.3470410781655484,0.3542601059847202,0.20884454631252528,0.010516381286234326,0.06662806664762747,0.26037408113045896,0.37705046300462025,0.2940969356018669,0.8314522094074459,0.2075420872949948,0.02399698918277863,0.08690755502596614,0.22536357272773938,0.36204577058508436,0.32417852079329357,DFW-SAN,1
2025,1,DFW,SAT,261.3123873441994,1994.0,253.22435282837966,130831.0,156142.0,1124.0,1107.0,3.0,20.937853107344633,0.04065040650406504,0.3107497741644083,2.2231333333333336,0.2062396282774643,0.03747759707932293,0.10718704340430481,0.1903530643250198,0.3470410781655484,0.3542601059847202,,,,,,,0.8378975547898707,0.2062396282774643,0.03747759707932293,0.10718704340430481,0.1903530643250198,0.3470410781655484,0.3542601059847202,DFW-SAT,1
2025,1,DFW,SAV,313.64135725429014,1974.0,962.5257410296412,49750.0,58012.0,424.0,222.0,2.0,32.54716981132076,0.04504504504504504,0.3153153153153153,2.2231333333333336,0.2062396282774643,0.03747759707932293,0.10718704340430481,0.1903530643250198,0.3470410781655484,0.3542601059847202,,,,,,,0.8575811900986003,0.2062396282774643,0.03747759707932293,0.10718704340430481,0.1903530643250198,0.3470410781655484,0.3542601059847202,DFW-SAV,1
2025,1,DFW,SBA,324.5545833333333,810.0,1349.842261904762,17598.0,22312.0,142.0,73.0,1.0,14.014084507042254,0.0273972602739726,0.1917808219178082,2.2231333333333336,0.2062396282774643,0.03747759707932293,0.10718704340430481,0.1903530643250198,0.3470410781655484,0.3542601059847202,,,,,,,0.7887235568304052,0.2062396282774643,0.03747759707932293,0.10718704340430481,0.1903530643250198,0.3470410781655484,0.3542601059847202,DFW-SBA,0
2025,1,DFW,SBN,325.71278985507246,414.0,880.5,13946.0,17355.0,267.0,270.0,1.0,13.587786259541986,0.02962962962962963,0.21851851851851853,2.2231333333333336,0.2062396282774643,0.03747759707932293,0.10718704340430481,0.1903530643250198,0.3470410781655484,0.3542601059847202,,,,,,,0.8035724575050418,0.2062396282774643,0.03747759707932293,0.10718704340430481,0.1903530643250198,0.3470410781655484,0.3542601059847202,DFW-SBN,1
2025,1,DFW,SBP,340.1704803493449,526.0,1439.8515283842794,10980.0,13312.0,104.0,53.0,1.0,24.264150943396228,0.0,0.2641509433962264,2.2231333333333336,0.2062396282774643,0.03747759707932293,0.10718704340430481,0.1903530643250198,0.3470410781655484,0.3542601059847202,,,,,,,0.8248197115384616,0.2062396282774643,0.03747759707932293,0.10718704340430481,0.1903530643250198,0.3470410781655484,0.3542601059847202,DFW-SBP,1
2025,1,DFW,SDF,294.87034934497814,1443.0,768.6244541484716,38749.0,47643.0,840.0,463.0,3.0,10.763761467889909,0.058315334773218146,0.20086393088552915,2.2231333333333336,0.2062396282774643,0.03747759707932293,0.10718704340430481,0.1903530643250198,0.3470410781655484,0.3542601059847202,,,,,,,0.8133199000902546,0.2062396282774643,0.03747759707932293,0.10718704340430481,0.1903530643250198,0.3470410781655484,0.3542601059847202,DFW-SDF,1
2025,1,DFW,SEA,250.20563987581926,7183.0,1686.1683339082442,176246.0,204404.0,1163.0,1186.0,4.0,11.887746358183376,0.01770657672849916,0.23777403035413153,2.2231333333333336,0.2062396282774643,0.03747759707932293,0.10718704340430481,0.1903530643250198,0.3470410781655484,0.3542601059847202,,,,,,,0.8622434003248469,0.2062396282774643,0.03747759707932293,0.10718704340430481,0.1903530643250198,0.3470410781655484,0.3542601059847202,DFW-SEA,1
2025,1,DFW,SFO,294.7689376114082,14916.0,1486.1347593582889,280512.0,332508.0,1864.0,958.0,3.0,20.546524064171123,0.027139874739039668,0.26826722338204595,2.2231333333333336,0.2062396282774643,0.03747759707932293,0.10718704340430481,0.1903530643250198,0.3470410781655484,0.3542601059847202,0.22080340516094707,0.00951789778605421,0.04750395680104273,0.43247928498277627,0.2687235825342147,0.25053346988176145,0.8436248150420441,0.2135215167192057,0.023497747432688572,0.07734550010267377,0.31141617465389804,0.30788233034988155,0.3023967879332408,DFW-SFO,1
2025,1,DFW,SGF,349.35603636363635,508.0,369.42545454545456,40940.0,49983.0,672.0,699.0,2.0,6.845238095238095,0.03862660944206009,0.16022889842632332,2.2231333333333336,0.2062396282774643,0.03747759707932293,0.10718704340430481,0.1903530643250198,0.3470410781655484,0.3542601059847202,,,,,,,0.819078486685473,0.2062396282774643,0.03747759707932293,0.10718704340430481,0.1903530643250198,0.3470410781655484,0.3542601059847202,DFW-SGF,1
2025,1,DFW,SGU,332.5201923076923,199.0,1047.5961538461538,4846.0,5785.0,89.0,90.0,1.0,2.449438202247191,0.011111111111111112,0.08888888888888889,2.2231333333333336,0.2062396282774643,0.03747759707932293,0.10718704340430481,0.1903530643250198,0.3470410781655484,0.3542601059847202,,,,,,,0.8376836646499568,0.2062396282774643,0.03747759707932293,0.10718704340430481,0.1903530643250198,0.3470410781655484,0.3542601059847202,DFW-SGU,1
2025,1,DFW,SHV,331.9185714285714,82.0,190.0,25632.0,34859.0,481.0,504.0,3.0,16.514583333333334,0.047619047619047616,0.22420634920634921,2.2231333333333336,0.2062396282774643,0.03747759707932293,0.10718704340430481,0.1903530643250198,0.3470410781655484,0.3542601059847202,,,,,,,0.7353050862044236,0.2062396282774643,0.03747759707932293,0.10718704340430481,0.1903530643250198,0.3470410781655484,0.3542601059847202,DFW-SHV,0
2025,1,DFW,SJC,259.598518231187,4674.0,1465.8828549262994,89528.0,111700.0,646.0,331.0,2.0,10.238390092879257,0.02416918429003021,0.2175226586102719,2.2231333333333336,0.2062396282774643,0.03747759707932293,0.10718704340430481,0.1903530643250198,0.3470410781655484,0.3542601059847202,,,,,,,0.8015040286481647,0.2062396282774643,0.03747759707932293,0.10718704340430481,0.1903530643250198,0.3470410781655484,0.3542601059847202,DFW-SJC,1
2025,1,DFW,SJT,297.6068085106383,68.0,229.3404255319149,11102.0,16770.0,258.0,270.0,1.0,10.308880308880308,0.044444444444444446,0.24074074074074073,2.2231333333333336,0.2062396282774643,0.03747759707932293,0.10718704340430481,0.1903530643250198,0.3470410781655484,0.3542601059847202,,,,,,,0.662015503875969,0.2062396282774643,0.03747759707932293,0.10718704340430481,0.1903530643250198,0.3470410781655484,0.3542601059847202,DFW-SJT,0
2025,1,DFW,SJU,281.1313413014608,2778.0,2193.4402390438245,39709.0,47018.0,244.0,247.0,3.0,15.369918699186991,0.004048582995951417,0.2550607287449393,2.2231333333333336,0.2062396282774643,0.03747759707932293,0.10718704340430481,0.1903530643250198,0.3470410781655484,0.3542601059847202,,,,,,,0.8445488961674252,0.2062396282774643,0.03747759707932293,0.10718704340430481,0.1903530643250198,0.3470410781655484,0.3542601059847202,DFW-SJU,1
2025,1,DFW,SLC,273.7226122785332,5530.0,1006.1693448702101,133892.0,161010.0,975.0,985.0,3.0,15.922118380062305,0.024365482233502538,0.25076142131979695,2.2231333333333336,0.2062396282774643,0.03747759707932293,0.10718704340430481,0.1903530643250198,0.3470410781655484,0.3542601059847202,,,,,,,0.8315756785292839,0.2062396282774643,0.03747759707932293,0.10718704340430481,0.1903530643250198,0.3470410781655484,0.3542601059847202,DFW-SLC,1
2025,1,DFW,SLN,235.0,5.0,1024.0,0.0,65.0,1.0,0.0,0.0,0.0,0.0,0.0,2.2231333333333336,0.2062396282774643,0.03747759707932293,0.10718704340430481,0.1903530643250198,0.3470410781655484,0.3542601059847202,,,,,,,0.0,0.2062396282774643,0.03747759707932293,0.10718704340430481,0.1903530643250198,0.3470410781655484,0.3542601059847202,DFW-SLN,0
2025,1,DFW,SMF,333.57462700661006,3784.0,1481.7469310670444,127722.0,153056.0,806.0,412.0,1.0,14.062189054726367,0.02912621359223301,0.26941747572815533,2.2231333333333336,0.2062396282774643,0.03747759707932293,0.10718704340430481,0.1903530643250198,0.3470410781655484,0.3542601059847202,,,,,,,0.8344788835458917,0.2062396282774643,0.03747759707932293,0.10718704340430481,0.1903530643250198,0.3470410781655484,0.3542601059847202,DFW-SMF,1
2025,1,DFW,SNA,419.0438010899183,8052.0,1255.108991825613,185016.0,240800.0,1400.0,727.0,1.0,8.631054131054132,0.0343878954607978,0.18844566712517194,2.2231333333333336,0.2062396282774643,0.03747759707932293,0.10718704340430481,0.1903530643250198,0.3470410781655484,0.3542601059847202,,,,,,,0.7683388704318936,0.2062396282774643,0.03747759707932293,0.10718704340430481,0.1903530643250198,0.3470410781655484,0.3542601059847202,DFW-SNA,0
2025,1,DFW,SPS,187.21,15.0,113.0,5920.0,11332.0,174.0,180.0,2.0,22.098837209302324,0.05,0.22777777777777777,2.2231333333333336,0.2062396282774643,0.03747759707932293,0.10718704340430481,0.1903530643250198,0.3470410781655484,0.3542601059847202,,,,,,,0.522414401694317,0.2062396282774643,0.03747759707932293,0.10718704340430481,0.1903530643250198,0.3470410781655484,0.3542601059847202,DFW-SPS,0
2025,1,DFW,SRQ,268.60286885245904,681.0,999.6967213114754,14172.0,16537.0,118.0,123.0,2.0,13.791666666666666,0.024390243902439025,0.21138211382113822,2.2231333333333336,0.2062396282774643,0.03747759707932293,0.10718704340430481,0.1903530643250198,0.3470410781655484,0.3542601059847202,,,,,,,0.8569873616738224,0.2062396282774643,0.03747759707932293,0.10718704340430481,0.1903530643250198,0.3470410781655484,0.3542601059847202,DFW-SRQ,1
2025,1,DFW,STL,279.98905004240885,1967.0,576.2162849872774,56996.0,67320.0,506.0,531.0,4.0,14.752475247524753,0.05084745762711865,0.20903954802259886,2.2231333333333336,0.2062396282774643,0.03747759707932293,0.10718704340430481,0.1903530643250198,0.3470410781655484,0.3542601059847202,,,,,,,0.846642899584076,0.2062396282774643,0.03747759707932293,0.10718704340430481,0.1903530643250198,0.3470410781655484,0.3542601059847202,DFW-STL,1
2025,1,DFW,STT,410.2389966555184,361.0,2257.792642140468,1713.0,1792.0,14.0,14.0,1.0,21.5,0.0,0.2857142857142857,2.2231333333333336,0.2062396282774643,0.03747759707932293,0.10718704340430481,0.1903530643250198,0.3470410781655484,0.3542601059847202,,,,,,,0.9559151785714286,0.2062396282774643,0.03747759707932293,0.10718704340430481,0.1903530643250198,0.3470410781655484,0.3542601059847202,DFW-STT,1
2025,1,DFW,SWO,230.84620689655173,34.0,225.0,7199.0,10985.0,169.0,180.0,1.0,10.111764705882353,0.06111111111111111,0.16666666666666666,2.2231333333333336,0.2062396282774643,0.03747759707932293,0.10718704340430481,0.1903530643250198,0.3470410781655484,0.3542601059847202,,,,,,,0.6553482020937642,0.2062396282774643,0.03747759707932293,0.10718704340430481,0.1903530643250198,0.3470410781655484,0.3542601059847202,DFW-SWO,0
2025,1,DFW,SYR,318.61169491525425,542.0,1464.4385593220338,6467.0,7583.0,51.0,52.0,1.0,75.5,0.038461538461538464,0.4230769230769231,2.2231333333333336,0.2062396282774643,0.03747759707932293,0.10718704340430481,0.1903530643250198,0.3470410781655484,0.3542601059847202,,,,,,,0.852828695766847,0.2062396282774643,0.03747759707932293,0.10718704340430481,0.1903530643250198,0.3470410781655484,0.3542601059847202,DFW-SYR,1
2025,1,DFW,TBN,127.73799999999999,9.0,434.0,1483.0,2372.0,80.0,0.0,0.0,0.0,0.0,0.0,2.2231333333333336,0.2062396282774643,0.03747759707932293,0.10718704340430481,0.1903530643250198,0.3470410781655484,0.3542601059847202,,,,,,,0.6252107925801011,0.2062396282774643,0.03747759707932293,0.10718704340430481,0.1903530643250198,0.3470410781655484,0.3542601059847202,DFW-TBN,0
2025,1,DFW,TLH,351.1666666666667,395.0,787.2142857142857,14842.0,19431.0,259.0,270.0,2.0,8.32046332046332,0.040740740740740744,0.15185185185185185,2.2231333333333336,0.2062396282774643,0.03747759707932293,0.10718704340430481,0.1903530643250198,0.3470410781655484,0.3542601059847202,,,,,,,0.763830991714271,0.2062396282774643,0.03747759707932293,0.10718704340430481,0.1903530643250198,0.3470410781655484,0.3542601059847202,DFW-TLH,0
2025,1,DFW,TPA,259.5046653040368,5205.0,960.4833929483904,107233.0,131831.0,743.0,735.0,3.0,13.12027972027972,0.029931972789115645,0.2108843537414966,2.2231333333333336,0.2062396282774643,0.03747759707932293,0.10718704340430481,0.1903530643250198,0.3470410781655484,0.3542601059847202,,,,,,,0.8134126267721553,0.2062396282774643,0.03747759707932293,0.10718704340430481,0.1903530643250198,0.3470410781655484,0.3542601059847202,DFW-TPA,1
2025,1,DFW,TRI,374.07603174603173,246.0,913.8306878306878,6489.0,8225.0,112.0,116.0,2.0,2.5267857142857144,0.034482758620689655,0.13793103448275862,2.2231333333333336,0.2062396282774643,0.03747759707932293,0.10718704340430481,0.1903530643250198,0.3470410781655484,0.3542601059847202,,,,,,,0.788936170212766,0.2062396282774643,0.03747759707932293,0.10718704340430481,0.1903530643250198,0.3470410781655484,0.3542601059847202,DFW-TRI,0
2025,1,DFW,TUL,245.72932301740812,683.0,237.84526112185688,59368.0,83718.0,691.0,719.0,4.0,14.504347826086956,0.04033379694019471,0.23504867872044508,2.2231333333333336,0.2062396282774643,0.03747759707932293,0.10718704340430481,0.1903530643250198,0.3470410781655484,0.3542601059847202,,,,,,,0.7091425977686997,0.2062396282774643,0.03747759707932293,0.10718704340430481,0.1903530643250198,0.3470410781655484,0.3542601059847202,DFW-TUL,0
2025,1,DFW,TUP,386.92,5.0,645.5,1754.0,2460.0,82.0,0.0,0.0,0.0,0.0,0.0,2.2231333333333336,0.2062396282774643,0.03747759707932293,0.10718704340430481,0.1903530643250198,0.3470410781655484,0.3542601059847202,,,,,,,0.7130081300813008,0.2062396282774643,0.03747759707932293,0.10718704340430481,0.1903530643250198,0.3470410781655484,0.3542601059847202,DFW-TUP,0
2025,1,DFW,TUS,303.2867921440262,1316.0,840.3453355155483,87476.0,112258.0,607.0,628.0,1.0,14.701320132013201,0.03503184713375796,0.25,2.2231333333333336,0.2062396282774643,0.03747759707932293,0.10718704340430481,0.1903530643250198,0.3470410781655484,0.3542601059847202,,,,,,,0.7792406777245274,0.2062396282774643,0.03747759707932293,0.10718704340430481,0.1903530643250198,0.3470410781655484,0.3542601059847202,DFW-TUS,0
2025,1,DFW,TXK,241.61222222222224,19.0,181.0,7460.0,11375.0,175.0,180.0,1.0,19.896551724137932,0.03333333333333333,0.2611111111111111,2.2231333333333336,0.2062396282774643,0.03747759707932293,0.10718704340430481,0.1903530643250198,0.3470410781655484,0.3542601059847202,,,,,,,0.6558241758241758,0.2062396282774643,0.03747759707932293,0.10718704340430481,0.1903530643250198,0.3470410781655484,0.3542601059847202,DFW-TXK,0
2025,1,DFW,TYR,195.205,22.0,102.0,10732.0,16900.0,260.0,270.0,1.0,11.335907335907336,0.040740740740740744,0.21481481481481482,2.2231333333333336,0.2062396282774643,0.03747759707932293,0.10718704340430481,0.1903530643250198,0.3470410781655484,0.3542601059847202,,,,,,,0.6350295857988165,0.2062396282774643,0.03747759707932293,0.10718704340430481,0.1903530643250198,0.3470410781655484,0.3542601059847202,DFW-TYR,0
2025,1,DFW,TYS,316.34163814180926,1217.0,819.0953545232273,42102.0,49917.0,329.0,342.0,4.0,15.664634146341463,0.04093567251461988,0.27485380116959063,2.2231333333333336,0.2062396282774643,0.03747759707932293,0.10718704340430481,0.1903530643250198,0.3470410781655484,0.3542601059847202,,,,,,,0.8434401105835687,0.2062396282774643,0.03747759707932293,0.10718704340430481,0.1903530643250198,0.3470410781655484,0.3542601059847202,DFW-TYS,1
2025,1,DFW,VPS,297.7183771929824,624.0,663.594298245614,25061.0,29180.0,293.0,312.0,3.0,12.722033898305085,0.05448717948717949,0.21474358974358973,2.2231333333333336,0.2062396282774643,0.03747759707932293,0.10718704340430481,0.1903530643250198,0.3470410781655484,0.3542601059847202,,,,,,,0.8588416723783413,0.2062396282774643,0.03747759707932293,0.10718704340430481,0.1903530643250198,0.3470410781655484,0.3542601059847202,DFW-VPS,1
2025,1,DFW,XNA,344.722467771639,913.0,280.1878453038674,55986.0,67783.0,805.0,839.0,3.0,11.140372670807453,0.04052443384982122,0.17878426698450536,2.2231333333333336,0.2062396282774643,0.03747759707932293,0.10718704340430481,0.1903530643250198,0.3470410781655484,0.3542601059847202,,,,,,,0.8259593113317498,0.2062396282774643,0.03747759707932293,0.10718704340430481,0.1903530643250198,0.3470410781655484,0.3542601059847202,DFW-XNA,1
2025,1,DFW,YKM,303.0936842105263,20.0,1763.0,52.0,109.0,1.0,0.0,0.0,0.0,0.0,0.0,2.2231333333333336,0.2062396282774643,0.03747759707932293,0.10718704340430481,0.1903530643250198,0.3470410781655484,0.3542601059847202,,,,,,,0.47706422018348627,0.2062396282774643,0.03747759707932293,0.10718704340430481,0.1903530643250198,0.3470410781655484,0.3542601059847202,DFW-YKM,0
2025,1,DFW,YUM,327.93924812030076,154.0,1028.6691729323309,4586.0,5785.0,89.0,90.0,1.0,24.011363636363637,0.022222222222222223,0.3111111111111111,2.2231333333333336,0.2062396282774643,0.03747759707932293,0.10718704340430481,0.1903530643250198,0.3470410781655484,0.3542601059847202,,,,,,,0.7927398444252377,0.2062396282774643,0.03747759707932293,0.10718704340430481,0.1903530643250198,0.3470410781655484,0.3542601059847202,DFW-YUM,0
2025,1,DHN,ATL,280.259,45.0,170.0,11211.0,16870.0,241.0,250.0,1.0,9.692946058091286,0.036,0.116,2.2231333333333336,,,,,,,0.18040542999599665,0.022200385777195474,0.07972794287792138,0.19235893028329643,0.3715323460381475,0.35574939671415823,0.6645524599881446,0.18040542999599665,0.022200385777195474,0.07972794287792138,0.19235893028329643,0.3715323460381475,0.35574939671415823,DHN-ATL,0
2025,1,DRO,DFW,382.50036496350367,448.0,724.7883211678832,13098.0,14430.0,222.0,233.0,1.0,21.941176470588236,0.05150214592274678,0.2317596566523605,2.2231333333333336,,,,,,,0.2062396282774643,0.03747759707932293,0.10718704340430481,0.1903530643250198,0.3470410781655484,0.3542601059847202,0.9076923076923077,0.2062396282774643,0.03747759707932293,0.10718704340430481,0.1903530643250198,0.3470410781655484,0.3542601059847202,DRO-DFW,1
2025,1,DRO,TYR,215.8,5.0,776.0,0.0,65.0,1.0,0.0,0.0,0.0,0.0,0.0,2.2231333333333336,,,,,,,,,,,,,0.0,,,,,,,DRO-TYR,0
2025,1,DSM,ATL,341.8089855072464,618.0,805.6062801932367,23416.0,28954.0,263.0,269.0,2.0,15.828897338403042,0.022304832713754646,0.16356877323420074,2.2231333333333336,,,,,,,0.18040542999599665,0.022200385777195474,0.07972794287792138,0.19235893028329643,0.3715323460381475,0.35574939671415823,0.8087310906955861,0.18040542999599665,0.022200385777195474,0.07972794287792138,0.19235893028329643,0.3715323460381475,0.35574939671415823,DSM-ATL,1
2025,1,DSM,AUS,187.54484848484847,577.0,933.8459595959596,3693.0,4680.0,26.0,26.0,1.0,22.23076923076923,0.0,0.2692307692307692,2.2231333333333336,,,,,,,0.18066105522479983,0.012779716690617943,0.0655739832334086,0.16405824184380596,0.40716516563281335,0.3620476351146755,0.7891025641025641,0.18066105522479983,0.012779716690617943,0.0655739832334086,0.16405824184380596,0.40716516563281335,0.3620476351146755,DSM-AUS,0
2025,1,DSM,DFW,329.30090761750404,794.0,684.5688816855753,27743.0,32639.0,293.0,311.0,3.0,14.698305084745762,0.05144694533762058,0.1832797427652733,2.2231333333333336,,,,,,,0.2062396282774643,0.03747759707932293,0.10718704340430481,0.1903530643250198,0.3470410781655484,0.3542601059847202,0.8499954042709642,0.2062396282774643,0.03747759707932293,0.10718704340430481,0.1903530643250198,0.3470410781655484,0.3542601059847202,DSM-DFW,1
2025,1,DSM,HOU,145.18022988505749,210.0,937.8218390804598,1177.0,1440.0,8.0,8.0,1.0,2.875,0.0,0.125,2.2231333333333336,,,,,,,,,,,,,0.8173611111111111,,,,,,,DSM-HOU,1
2025,1,DSM,IAH,255.9654,590.0,870.772,14080.0,16709.0,172.0,180.0,3.0,6.04093567251462,0.05,0.09444444444444444,2.2231333333333336,,,,,,,0.16850534248952576,0.02717108362049731,0.06321467851469073,0.21375131175937725,0.3868472966603237,0.33570759355923724,0.8426596445029625,0.16850534248952576,0.02717108362049731,0.06321467851469073,0.21375131175937725,0.3868472966603237,0.33570759355923724,DSM-IAH,1
2025,1,DSM,SNA,197.35577348066298,517.0,1486.8038674033148,4052.0,4866.0,27.0,0.0,0.0,0.0,0.0,0.0,2.2231333333333336,,,,,,,,,,,,,0.8327168105219893,,,,,,,DSM-SNA,1
2025,1,DTW,ATL,244.40865160075327,8067.0,648.8482109227872,176095.0,221939.0,1168.0,1156.0,3.0,13.95171202809482,0.014705882352941176,0.22058823529411764,2.2231333333333336,,,,,,,0.18040542999599665,0.022200385777195474,0.07972794287792138,0.19235893028329643,0.3715323460381475,0.35574939671415823,0.7934387376711619,0.18040542999599665,0.022200385777195474,0.07972794287792138,0.19235893028329643,0.3715323460381475,0.35574939671415823,DTW-ATL,0
2025,1,DTW,AUS,331.8211513463324,2082.0,1247.6703806870937,29041.0,37906.0,268.0,266.0,1.0,4.6415094339622645,0.0037593984962406013,0.16917293233082706,2.2231333333333336,,,,,,,0.18066105522479983,0.012779716690617943,0.0655739832334086,0.16405824184380596,0.40716516563281335,0.3620476351146755,0.7661320107634675,0.18066105522479983,0.012779716690617943,0.0655739832334086,0.16405824184380596,0.40716516563281335,0.3620476351146755,DTW-AUS,0
2025,1,DTW,DFW,249.90363285363284,6869.0,1015.962442962443,119035.0,166941.0,982.0,1005.0,5.0,12.25050709939148,0.020895522388059702,0.19402985074626866,2.2231333333333336,,,,,,,0.2062396282774643,0.03747759707932293,0.10718704340430481,0.1903530643250198,0.3470410781655484,0.3542601059847202,0.7130363421807705,0.2062396282774643,0.03747759707932293,0.10718704340430481,0.1903530643250198,0.3470410781655484,0.3542601059847202,DTW-DFW,0
2025,1,DTW,HOU,203.83885931558936,294.0,1219.5703422053232,145.0,204.0,2.0,0.0,0.0,0.0,0.0,0.0,2.2231333333333336,,,,,,,,,,,,,0.7107843137254902,,,,,,,DTW-HOU,0
2025,1,DTW,HRL,217.0441726618705,151.0,1547.2086330935251,18.0,174.0,1.0,0.0,0.0,0.0,0.0,0.0,2.2231333333333336,,,,,,,,,,,,,0.10344827586206896,,,,,,,DTW-HRL,0
2025,1,DTW,IAH,225.15606994171523,5350.0,1118.5295587010824,74589.0,94333.0,681.0,689.0,4.0,6.954344624447717,0.01451378809869376,0.16545718432510886,2.2231333333333336,,,,,,,0.16850534248952576,0.02717108362049731,0.06321467851469073,0.21375131175937725,0.3868472966603237,0.33570759355923724,0.7906989070632758,0.16850534248952576,0.02717108362049731,0.06321467851469073,0.21375131175937725,0.3868472966603237,0.33570759355923724,DTW-IAH,0
2025,1,DTW,LAX,340.7796895709801,6111.0,2052.7554935472617,93572.0,122843.0,610.0,613.0,2.0,12.97545008183306,0.0032626427406199023,0.22185970636215335,2.2231333333333336,,,,,,,0.1662822530232157,0.008191243991291414,0.06384287985231527,0.17061212978089035,0.33008563663401874,0.43409495483748084,0.7617202445397784,0.1662822530232157,0.008191243991291414,0.06384287985231527,0.17061212978089035,0.33008563663401874,0.43409495483748084,DTW-LAX,0
2025,1,DTW,PSP,366.97464216634427,558.0,2052.218568665377,160.0,191.0,1.0,0.0,0.0,0.0,0.0,0.0,2.2231333333333336,,,,,,,,,,,,,0.837696335078534,,,,,,,DTW-PSP,1
2025,1,DTW,SAN,398.2710922946655,2348.0,2012.143099068586,34041.0,44357.0,234.0,236.0,1.0,11.004237288135593,0.0,0.2288135593220339,2.2231333333333336,,,,,,,0.20884454631252528,0.010516381286234326,0.06662806664762747,0.26037408113045896,0.37705046300462025,0.2940969356018669,0.7674324232928287,0.20884454631252528,0.010516381286234326,0.06662806664762747,0.26037408113045896,0.37705046300462025,0.2940969356018669,DTW-SAN,0
2025,1,DTW,SAT,340.2636208991495,1380.0,1312.303766707169,19140.0,26169.0,180.0,180.0,1.0,7.391061452513966,0.005555555555555556,0.16111111111111112,2.2231333333333336,,,,,,,,,,,,,0.7313997477931904,,,,,,,DTW-SAT,0
2025,1,DTW,SAV,310.95959537572253,659.0,832.1541425818882,498.0,550.0,5.0,5.0,1.0,0.2,0.0,0.0,2.2231333333333336,,,,,,,,,,,,,0.9054545454545454,,,,,,,DTW-SAV,1
2025,1,DTW,SFO,479.73833560709414,2802.0,2130.7892223738063,44418.0,64000.0,375.0,378.0,2.0,11.832,0.007936507936507936,0.1984126984126984,2.2231333333333336,,,,,,,0.22080340516094707,0.00951789778605421,0.04750395680104273,0.43247928498277627,0.2687235825342147,0.25053346988176145,0.69403125,0.22080340516094707,0.00951789778605421,0.04750395680104273,0.43247928498277627,0.2687235825342147,0.25053346988176145,DTW-SFO,0
2025,1,DTW,SNA,436.43019292604504,799.0,2045.234726688103,8062.0,10781.0,64.0,0.0,0.0,0.0,0.0,0.0,2.2231333333333336,,,,,,,,,,,,,0.7477970503663853,,,,,,,DTW-SNA,0
2025,1,ECP,ATL,230.6913931888545,525.0,242.97213622291022,56637.0,68517.0,498.0,515.0,1.0,7.246987951807229,0.03300970873786408,0.1553398058252427,2.2231333333333336,,,,,,,0.18040542999599665,0.022200385777195474,0.07972794287792138,0.19235893028329643,0.3715323460381475,0.35574939671415823,0.8266123735715224,0.18040542999599665,0.022200385777195474,0.07972794287792138,0.19235893028329643,0.3715323460381475,0.35574939671415823,ECP-ATL,1
2025,1,ECP,AUS,230.12308605341246,420.0,790.9970326409496,3387.0,4980.0,43.0,43.0,2.0,14.255813953488373,0.0,0.2558139534883721,2.2231333333333336,,,,,,,0.18066105522479983,0.012779716690617943,0.0655739832334086,0.16405824184380596,0.40716516563281335,0.3620476351146755,0.6801204819277108,0.18066105522479983,0.012779716690617943,0.0655739832334086,0.16405824184380596,0.40716516563281335,0.3620476351146755,ECP-AUS,0
2025,1,ECP,DAL,236.00168539325844,621.0,707.5533707865169,15470.0,19972.0,124.0,128.0,1.0,4.185483870967742,0.03125,0.109375,2.2231333333333336,,,,,,,,,,,,,0.7745844181854596,,,,,,,ECP-DAL,0
2025,1,ECP,DFW,276.18594527363183,550.0,713.6592039800995,16526.0,20473.0,195.0,207.0,3.0,17.147959183673468,0.057971014492753624,0.178743961352657,2.2231333333333336,,,,,,,0.2062396282774643,0.03747759707932293,0.10718704340430481,0.1903530643250198,0.3470410781655484,0.3542601059847202,0.8072094954330093,0.2062396282774643,0.03747759707932293,0.10718704340430481,0.1903530643250198,0.3470410781655484,0.3542601059847202,ECP-DFW,1
2025,1,ECP,HOU,213.06300546448088,262.0,620.0382513661202,6195.0,10413.0,67.0,67.0,1.0,4.313432835820896,0.0,0.14925373134328357,2.2231333333333336,,,,,,,,,,,,,0.5949294151541342,,,,,,,ECP-HOU,0
2025,1,ECP,IAH,254.00303030303033,446.0,582.6556473829202,13288.0,17360.0,284.0,289.0,3.0,11.301075268817204,0.03806228373702422,0.1453287197231834,2.2231333333333336,,,,,,,0.16850534248952576,0.02717108362049731,0.06321467851469073,0.21375131175937725,0.3868472966603237,0.33570759355923724,0.7654377880184332,0.16850534248952576,0.02717108362049731,0.06321467851469073,0.21375131175937725,0.3868472966603237,0.33570759355923724,ECP-IAH,0
2025,1,EGE,ATL,571.0244836272041,858.0,1335.7078085642318,21220.0,29773.0,155.0,159.0,1.0,28.44516129032258,0.025157232704402517,0.3081761006289308,2.2231333333333336,,,,,,,0.18040542999599665,0.022200385777195474,0.07972794287792138,0.19235893028329643,0.3715323460381475,0.35574939671415823,0.7127262956369865,0.18040542999599665,0.022200385777195474,0.07972794287792138,0.19235893028329643,0.3715323460381475,0.35574939671415823,EGE-ATL,0
2025,1,EGE,AUS,355.55862831858406,258.0,951.7654867256637,84.0,128.0,1.0,0.0,0.0,0.0,0.0,0.0,2.2231333333333336,,,,,,,0.18066105522479983,0.012779716690617943,0.0655739832334086,0.16405824184380596,0.40716516563281335,0.3620476351146755,0.65625,0.18066105522479983,0.012779716690617943,0.0655739832334086,0.16405824184380596,0.40716516563281335,0.3620476351146755,EGE-AUS,0
2025,1,EGE,DAL,470.0,1.0,2033.0,2.0,10.0,1.0,0.0,0.0,0.0,0.0,0.0,2.2231333333333336,,,,,,,,,,,,,0.2,,,,,,,EGE-DAL,0
2025,1,EGE,DFW,426.435234375,1299.0,727.984375,39282.0,48913.0,369.0,378.0,2.0,23.439353099730457,0.018518518518518517,0.291005291005291,2.2231333333333336,,,,,,,0.2062396282774643,0.03747759707932293,0.10718704340430481,0.1903530643250198,0.3470410781655484,0.3542601059847202,0.8030993805327827,0.2062396282774643,0.03747759707932293,0.10718704340430481,0.1903530643250198,0.3470410781655484,0.3542601059847202,EGE-DFW,1
2025,1,EGE,IAH,447.0228870292887,671.0,950.0899581589958,9722.0,12600.0,100.0,101.0,1.0,9.48,0.009900990099009901,0.27722772277227725,2.2231333333333336,,,,,,,0.16850534248952576,0.02717108362049731,0.06321467851469073,0.21375131175937725,0.3868472966603237,0.33570759355923724,0.7715873015873016,0.16850534248952576,0.02717108362049731,0.06321467851469073,0.21375131175937725,0.3868472966603237,0.33570759355923724,EGE-IAH,0
2025,1,EGE,LAX,376.9691264367816,570.0,786.2229885057471,6182.0,11603.0,170.0,173.0,1.0,24.63953488372093,0.005780346820809248,0.30057803468208094,2.2231333333333336,,,,,,,0.1662822530232157,0.008191243991291414,0.06384287985231527,0.17061212978089035,0.33008563663401874,0.43409495483748084,0.5327932431267776,0.1662822530232157,0.008191243991291414,0.06384287985231527,0.17061212978089035,0.33008563663401874,0.43409495483748084,EGE-LAX,0
2025,1,EGE,LRD,512.875,8.0,1131.75,5.0,7.0,1.0,0.0,0.0,0.0,0.0,0.0,2.2231333333333336,,,,,,,,,,,,,0.7142857142857143,,,,,,,EGE-LRD,0
2025,1,EGE,MRY,333.715,6.0,1087.6666666666667,3.0,7.0,1.0,0.0,0.0,0.0,0.0,0.0,2.2231333333333336,,,,,,,,,,,,,0.42857142857142855,,,,,,,EGE-MRY,0
2025,1,EGE,ONT,161.031,11.0,878.4,0.0,8.0,1.0,0.0,0.0,0.0,0.0,0.0,2.2231333333333336,,,,,,,,,,,,,0.0,,,,,,,EGE-ONT,0
2025,1,EGE,SAN,332.2582802547771,197.0,836.1019108280254,1117.0,2508.0,33.0,33.0,1.0,8.303030303030303,0.0,0.36363636363636365,2.2231333333333336,,,,,,,0.20884454631252528,0.010516381286234326,0.06662806664762747,0.26037408113045896,0.37705046300462025,0.2940969356018669,0.44537480063795853,0.20884454631252528,0.010516381286234326,0.06662806664762747,0.26037408113045896,0.37705046300462025,0.2940969356018669,EGE-SAN,0
2025,1,EGE,SBA,298.9195,21.0,1058.15,9.0,9.0,1.0,0.0,0.0,0.0,0.0,0.0,2.2231333333333336,,,,,,,,,,,,,1.0,,,,,,,EGE-SBA,1
2025,1,EGE,SFO,393.79568548387095,321.0,887.0,3533.0,8038.0,100.0,101.0,2.0,12.25,0.009900990099009901,0.2376237623762376,2.2231333333333336,,,,,,,0.22080340516094707,0.00951789778605421,0.04750395680104273,0.43247928498277627,0.2687235825342147,0.25053346988176145,0.43953719830803684,0.22080340516094707,0.00951789778605421,0.04750395680104273,0.43247928498277627,0.2687235825342147,0.25053346988176145,EGE-SFO,0
2025,1,EGE,SJC,253.24142857142857,14.0,1073.7857142857142,1.0,7.0,1.0,0.0,0.0,0.0,0.0,0.0,2.2231333333333336,,,,,,,,,,,,,0.14285714285714285,,,,,,,EGE-SJC,0
2025,1,ELM,SAV,273.87,1.0,939.0,142.0,156.0,1.0,0.0,0.0,0.0,0.0,0.0,2.2231333333333336,,,,,,,,,,,,,0.9102564102564102,,,,,,,ELM-SAV,1
2025,1,ELP,AEX,350.8761538461539,16.0,937.6153846153846,856.0,1909.0,10.0,0.0,0.0,0.0,0.0,0.0,2.2231333333333336,,,,,,,,,,,,,0.44840230487166055,,,,,,,ELP-AEX,0
2025,1,ELP,ATL,334.5854446854664,1366.0,1376.6659436008676,42676.0,55302.0,332.0,168.0,1.0,10.157575757575758,0.017857142857142856,0.15476190476190477,2.2231333333333336,,,,,,,0.18040542999599665,0.022200385777195474,0.07972794287792138,0.19235893028329643,0.3715323460381475,0.35574939671415823,0.7716899931286391,0.18040542999599665,0.022200385777195474,0.07972794287792138,0.19235893028329643,0.3715323460381475,0.35574939671415823,ELP-ATL,0
2025,1,ELP,AUS,227.4968394437421,1650.0,572.3476611883691,23369.0,35665.0,223.0,225.0,1.0,2.4529147982062782,0.008888888888888889,0.12,2.2231333333333336,,,,,,,0.18066105522479983,0.012779716690617943,0.0655739832334086,0.16405824184380596,0.40716516563281335,0.3620476351146755,0.6552362259918688,0.18066105522479983,0.012779716690617943,0.0655739832334086,0.16405824184380596,0.40716516563281335,0.3620476351146755,ELP-AUS,0
2025,1,ELP,BOS,319.75738007380073,301.0,2184.3579335793356,131.0,178.0,1.0,0.0,0.0,0.0,0.0,0.0,2.2231333333333336,,,,,,,,,,,,,0.7359550561797753,,,,,,,ELP-BOS,0
2025,1,ELP,BRO,209.66,27.0,1005.16,65.0,346.0,2.0,0.0,0.0,0.0,0.0,0.0,2.2231333333333336,,,,,,,,,,,,,0.18786127167630057,,,,,,,ELP-BRO,0
2025,1,ELP,BUR,215.59088235294118,242.0,759.5098039215686,4.0,14.0,2.0,0.0,0.0,0.0,0.0,0.0,2.2231333333333336,,,,,,,,,,,,,0.2857142857142857,,,,,,,ELP-BUR,0
2025,1,ELP,BWI,296.15915094339624,358.0,1863.125786163522,0.0,0.0,0.0,0.0,0.0,0.0,0.0,0.0,2.2231333333333336,,,,,,,,,,,,,,,,,,,,ELP-BWI,0
2025,1,ELP,CRP,221.25534246575342,78.0,873.6575342465753,176.0,403.0,4.0,0.0,0.0,0.0,0.0,0.0,2.2231333333333336,,,,,,,,,,,,,0.43672456575682383,,,,,,,ELP-CRP,0
2025,1,ELP,CVG,310.8903125,141.0,1537.5390625,0.0,0.0,3.0,0.0,0.0,0.0,0.0,0.0,2.2231333333333336,,,,,,,,,,,,,,,,,,,,ELP-CVG,0
2025,1,ELP,DAL,195.1006766055046,2220.0,571.8245412844037,43425.0,67049.0,423.0,436.0,1.0,2.810874704491726,0.02981651376146789,0.08944954128440367,2.2231333333333336,,,,,,,,,,,,,0.647660666080031,,,,,,,ELP-DAL,0
2025,1,ELP,DEN,159.2606627218935,1685.0,585.5112426035503,43575.0,66712.0,425.0,431.0,4.0,7.903529411764706,0.013921113689095127,0.15081206496519722,2.2231333333333336,,,,,,,,,,,,,0.6531808370308191,,,,,,,ELP-DEN,0
2025,1,ELP,DFW,248.2962172774869,1408.0,558.7840314136125,73669.0,104424.0,707.0,728.0,3.0,11.031339031339032,0.03571428571428571,0.17994505494505494,2.2231333333333336,,,,,,,0.2062396282774643,0.03747759707932293,0.10718704340430481,0.1903530643250198,0.3470410781655484,0.3542601059847202,0.7054795832375699,0.2062396282774643,0.03747759707932293,0.10718704340430481,0.1903530643250198,0.3470410781655484,0.3542601059847202,ELP-DFW,0
2025,1,ELP,FLL,275.2683333333333,239.0,1707.662162162162,173.0,178.0,1.0,0.0,0.0,0.0,0.0,0.0,2.2231333333333336,,,,,,,,,,,,,0.9719101123595506,,,,,,,ELP-FLL,1
2025,1,ELP,HOU,199.44232095490716,1621.0,692.7427055702918,27000.0,37330.0,238.0,242.0,1.0,7.02092050209205,0.012396694214876033,0.1487603305785124,2.2231333333333336,,,,,,,,,,,,,0.7232788641843022,,,,,,,ELP-HOU,0
2025,1,ELP,HRL,182.27912162162164,157.0,921.722972972973,954.0,2982.0,18.0,0.0,0.0,0.0,0.0,0.0,2.2231333333333336,,,,,,,,,,,,,0.3199195171026157,,,,,,,ELP-HRL,0
2025,1,ELP,IAD,364.74290697674417,190.0,1882.9709302325582,166.0,178.0,1.0,0.0,0.0,0.0,0.0,0.0,2.2231333333333336,,,,,,,,,,,,,0.9325842696629213,,,,,,,ELP-IAD,1
2025,1,ELP,IAH,237.2923702422145,859.0,680.060553633218,27281.0,36858.0,506.0,518.0,3.0,7.881188118811881,0.025096525096525095,0.10617760617760617,2.2231333333333336,,,,,,,0.16850534248952576,0.02717108362049731,0.06321467851469073,0.21375131175937725,0.3868472966603237,0.33570759355923724,0.7401649574040914,0.16850534248952576,0.02717108362049731,0.06321467851469073,0.21375131175937725,0.3868472966603237,0.33570759355923724,ELP-IAH,0
2025,1,ELP,IND,275.8055188679245,232.0,1457.801886792453,0.0,0.0,47.0,0.0,0.0,0.0,0.0,0.0,2.2231333333333336,,,,,,,,,,,,,,,,,,,,ELP-IND,0
2025,1,ELP,LAS,166.6010740740741,2443.0,615.7898148148148,35126.0,53459.0,314.0,317.0,3.0,2.0926517571884986,0.012618296529968454,0.10410094637223975,2.2231333333333336,,,,,,,,,,,,,0.6570642922613592,,,,,,,ELP-LAS,0
2025,1,ELP,LAX,227.93114521841792,2706.0,760.2644628099174,33366.0,57966.0,544.0,272.0,3.0,1.8921933085501859,0.011029411764705883,0.08823529411764706,2.2231333333333336,,,,,,,0.1662822530232157,0.008191243991291414,0.06384287985231527,0.17061212978089035,0.33008563663401874,0.43409495483748084,0.5756132905496325,0.1662822530232157,0.008191243991291414,0.06384287985231527,0.17061212978089035,0.33008563663401874,0.43409495483748084,ELP-LAX,0
2025,1,ELP,LGB,155.88882352941175,554.0,766.5196078431372,5488.0,9630.0,66.0,33.0,1.0,-2.0,0.0,0.030303030303030304,2.2231333333333336,,,,,,,,,,,,,0.5698857736240914,,,,,,,ELP-LGB,0
2025,1,ELP,LRD,264.3359016393443,67.0,953.8852459016393,19.0,194.0,4.0,0.0,0.0,0.0,0.0,0.0,2.2231333333333336,,,,,,,,,,,,,0.0979381443298969,,,,,,,ELP-LRD,0
2025,1,ELP,MCI,254.27099567099566,241.0,1128.3463203463205,0.0,0.0,1.0,0.0,0.0,0.0,0.0,0.0,2.2231333333333336,,,,,,,,,,,,,,,,,,,,ELP-MCI,0
2025,1,ELP,MCO,269.9356202531646,984.0,1648.0936708860759,138.0,143.0,1.0,1.0,1.0,-2.0,0.0,0.0,2.2231333333333336,,,,,,,,,,,,,0.965034965034965,,,,,,,ELP-MCO,1
2025,1,ELP,MDT,361.38619047619045,43.0,1876.5238095238096,0.0,580.0,2.0,0.0,0.0,0.0,0.0,0.0,2.2231333333333336,,,,,,,,,,,,,0.0,,,,,,,ELP-MDT,0
2025,1,ELP,MDW,218.32489932885906,398.0,1373.543624161074,5263.0,9000.0,56.0,57.0,1.0,-1.8214285714285714,0.017543859649122806,0.05263157894736842,2.2231333333333336,,,,,,,,,,,,,0.5847777777777777,,,,,,,ELP-MDW,0
2025,1,ELP,MEM,297.1551923076923,114.0,1141.7788461538462,0.0,0.0,114.0,0.0,0.0,0.0,0.0,0.0,2.2231333333333336,,,,,,,,,,,,,,,,,,,,ELP-MEM,0
2025,1,ELP,MFE,286.72350427350426,123.0,1007.982905982906,70.0,440.0,4.0,0.0,0.0,0.0,0.0,0.0,2.2231333333333336,,,,,,,,,,,,,0.1590909090909091,,,,,,,ELP-MFE,0
2025,1,ELP,ONT,217.57444015444014,606.0,751.7837837837837,0.0,0.0,94.0,0.0,0.0,0.0,0.0,0.0,2.2231333333333336,,,,,,,,,,,,,,,,,,,,ELP-ONT,0
2025,1,ELP,ORD,285.6908203125,641.0,1330.099609375,11531.0,13401.0,179.0,181.0,3.0,3.161111111111111,0.0055248618784530384,0.10497237569060773,2.2231333333333336,,,,,,,,,,,,,0.8604581747630774,,,,,,,ELP-ORD,1
2025,1,ELP,PHL,330.5401659751037,279.0,1957.2282157676348,0.0,155.0,1.0,0.0,0.0,0.0,0.0,0.0,2.2231333333333336,,,,,,,,,,,,,0.0,,,,,,,ELP-PHL,0
2025,1,ELP,PHX,190.80955135773317,1589.0,354.43801652892563,50070.0,75621.0,692.0,684.0,4.0,5.415680473372781,0.011695906432748537,0.13304093567251463,2.2231333333333336,,,,,,,,,,,,,0.6621176657277741,,,,,,,ELP-PHX,0
2025,1,ELP,PIA,312.435,8.0,1293.25,71.0,76.0,1.0,0.0,0.0,0.0,0.0,0.0,2.2231333333333336,,,,,,,,,,,,,0.9342105263157895,,,,,,,ELP-PIA,1
2025,1,ELP,SAN,230.44555555555556,1310.0,699.7127882599581,10878.0,18708.0,116.0,57.0,1.0,7.232142857142857,0.017543859649122806,0.22807017543859648,2.2231333333333336,,,,,,,0.20884454631252528,0.010516381286234326,0.06662806664762747,0.26037408113045896,0.37705046300462025,0.2940969356018669,0.5814624759461193,0.20884454631252528,0.010516381286234326,0.06662806664762747,0.26037408113045896,0.37705046300462025,0.2940969356018669,ELP-SAN,0
2025,1,ELP,SAT,210.92559884559884,1614.0,558.8629148629149,17459.0,29471.0,213.0,202.0,1.0,5.884422110552764,0.01485148514851485,0.13366336633663367,2.2231333333333336,,,,,,,,,,,,,0.5924128804587561,,,,,,,ELP-SAT,0
2025,1,ELP,SDF,291.2503773584906,111.0,1387.1603773584907,890.0,1160.0,182.0,0.0,0.0,0.0,0.0,0.0,2.2231333333333336,,,,,,,,,,,,,0.7672413793103449,,,,,,,ELP-SDF,0
2025,1,ELP,SEA,266.5196498054475,719.0,1486.4961089494163,4888.0,6030.0,78.0,79.0,1.0,13.88,0.05063291139240506,0.3037974683544304,2.2231333333333336,,,,,,,,,,,,,0.8106135986733002,,,,,,,ELP-SEA,1
2025,1,ELP,SLC,223.8669182389937,354.0,920.9182389937107,0.0,65.0,2.0,0.0,0.0,0.0,0.0,0.0,2.2231333333333336,,,,,,,,,,,,,0.0,,,,,,,ELP-SLC,0
2025,1,ELP,TPA,282.9512969283276,327.0,1555.7508532423208,171.0,178.0,1.0,0.0,0.0,0.0,0.0,0.0,2.2231333333333336,,,,,,,,,,,,,0.9606741573033708,,,,,,,ELP-TPA,1
2025,1,EUG,BUR,157.71706790123457,484.0,802.4753086419753,3007.0,4452.0,30.0,3.0,1.0,13.666666666666666,0.0,0.6666666666666666,2.2231333333333336,,,,,,,,,,,,,0.6754267744833783,,,,,,,EUG-BUR,0
2025,1,EUG,DFW,274.7217391304348,296.0,1690.802371541502,5198.0,6618.0,44.0,44.0,1.0,34.47727272727273,0.0,0.45454545454545453,2.2231333333333336,,,,,,,0.2062396282774643,0.03747759707932293,0.10718704340430481,0.1903530643250198,0.3470410781655484,0.3542601059847202,0.7854336657600484,0.2062396282774643,0.03747759707932293,0.10718704340430481,0.1903530643250198,0.3470410781655484,0.3542601059847202,EUG-DFW,0
2025,1,EUG,LAX,221.37148514851486,657.0,837.4019801980198,6184.0,7750.0,101.0,103.0,2.0,-1.44,0.02912621359223301,0.04854368932038835,2.2231333333333336,,,,,,,0.1662822530232157,0.008191243991291414,0.06384287985231527,0.17061212978089035,0.33008563663401874,0.43409495483748084,0.7979354838709677,0.1662822530232157,0.008191243991291414,0.06384287985231527,0.17061212978089035,0.33008563663401874,0.43409495483748084,EUG-LAX,0
2025,1,EUG,OAK,169.70171122994654,286.0,496.331550802139,9549.0,14876.0,91.0,90.0,1.0,4.3,0.0,0.08888888888888889,2.2231333333333336,,,,,,,,,,,,,0.6419064264587254,,,,,,,EUG-OAK,0
2025,1,EUG,SAN,210.1929151291513,685.0,923.1070110701107,4084.0,5092.0,67.0,68.0,2.0,26.34328358208955,0.014705882352941176,0.5,2.2231333333333336,,,,,,,0.20884454631252528,0.010516381286234326,0.06662806664762747,0.26037408113045896,0.37705046300462025,0.2940969356018669,0.8020424194815396,0.20884454631252528,0.010516381286234326,0.06662806664762747,0.26037408113045896,0.37705046300462025,0.2940969356018669,EUG-SAN,1
2025,1,EUG,SFO,225.38232240437156,652.0,513.8306010928961,19875.0,28033.0,190.0,189.0,2.0,20.021164021164022,0.0,0.21164021164021163,2.2231333333333336,,,,,,,0.22080340516094707,0.00951789778605421,0.04750395680104273,0.43247928498277627,0.2687235825342147,0.25053346988176145,0.7089858381193593,0.22080340516094707,0.00951789778605421,0.04750395680104273,0.43247928498277627,0.2687235825342147,0.25053346988176145,EUG-SFO,0
2025,1,EUG,SJC,191.70228070175438,258.0,574.9941520467836,4066.0,6486.0,42.0,42.0,1.0,11.5,0.0,0.19047619047619047,2.2231333333333336,,,,,,,,,,,,,0.6268886833179155,,,,,,,EUG-SJC,0
2025,1,EUG,SMF,197.36933035714287,351.0,475.45982142857144,8016.0,15142.0,90.0,90.0,1.0,0.8,0.0,0.08888888888888889,2.2231333333333336,,,,,,,,,,,,,0.5293884559503368,,,,,,,EUG-SMF,0
2025,1,EUG,SNA,156.93838046272492,539.0,879.3547557840617,3174.0,4215.0,23.0,0.0,0.0,0.0,0.0,0.0,2.2231333333333336,,,,,,,,,,,,,0.7530249110320285,,,,,,,EUG-SNA,0
2025,1,EVV,ATL,245.5141484716157,266.0,353.1353711790393,13811.0,18349.0,243.0,253.0,2.0,21.876033057851238,0.043478260869565216,0.20948616600790515,2.2231333333333336,,,,,,,0.18040542999599665,0.022200385777195474,0.07972794287792138,0.19235893028329643,0.3715323460381475,0.35574939671415823,0.7526840699765655,0.18040542999599665,0.022200385777195474,0.07972794287792138,0.19235893028329643,0.3715323460381475,0.35574939671415823,EVV-ATL,0
2025,1,EVV,DFW,314.44348837209304,236.0,669.0988372093024,9926.0,12843.0,170.0,180.0,1.0,5.298245614035087,0.05,0.12777777777777777,2.2231333333333336,,,,,,,0.2062396282774643,0.03747759707932293,0.10718704340430481,0.1903530643250198,0.3470410781655484,0.3542601059847202,0.7728723818422487,0.2062396282774643,0.03747759707932293,0.10718704340430481,0.1903530643250198,0.3470410781655484,0.3542601059847202,EVV-DFW,0
2025,1,EWR,ATL,203.6429044834308,12649.0,753.9281537176274,190653.0,234043.0,1477.0,1500.0,5.0,16.40190735694823,0.022,0.25333333333333335,2.2231333333333336,,,,,,,0.18040542999599665,0.022200385777195474,0.07972794287792138,0.19235893028329643,0.3715323460381475,0.35574939671415823,0.8146067175689937,0.18040542999599665,0.022200385777195474,0.07972794287792138,0.19235893028329643,0.3715323460381475,0.35574939671415823,EWR-ATL,1
2025,1,EWR,AUS,340.904918224299,5806.0,1533.9454828660437,62818.0,72524.0,446.0,449.0,3.0,7.042505592841163,0.0066815144766146995,0.16481069042316257,2.2231333333333336,,,,,,,0.18066105522479983,0.012779716690617943,0.0655739832334086,0.16405824184380596,0.40716516563281335,0.3620476351146755,0.8661684407920137,0.18066105522479983,0.012779716690617943,0.0655739832334086,0.16405824184380596,0.40716516563281335,0.3620476351146755,EWR-AUS,1
2025,1,EWR,CLL,325.87083333333334,12.0,1536.0,0.0,160.0,1.0,0.0,0.0,0.0,0.0,0.0,2.2231333333333336,,,,,,,,,,,,,0.0,,,,,,,EWR-CLL,0
2025,1,EWR,DFW,306.04666769706336,8082.0,1392.8522411128286,109860.0,135292.0,893.0,885.0,4.0,9.324825986078887,0.02711864406779661,0.1751412429378531,2.2231333333333336,,,,,,,0.2062396282774643,0.03747759707932293,0.10718704340430481,0.1903530643250198,0.3470410781655484,0.3542601059847202,0.8120214055524347,0.2062396282774643,0.03747759707932293,0.10718704340430481,0.1903530643250198,0.3470410781655484,0.3542601059847202,EWR-DFW,1
2025,1,EWR,ELP,358.0285492227979,212.0,2027.9067357512954,69.0,210.0,1.0,0.0,0.0,0.0,0.0,0.0,2.2231333333333336,,,,,,,,,,,,,0.32857142857142857,,,,,,,EWR-ELP,0
2025,1,EWR,HOU,288.832,20.0,1468.55,58.0,85.0,2.0,0.0,0.0,0.0,0.0,0.0,2.2231333333333336,,,,,,,,,,,,,0.6823529411764706,,,,,,,EWR-HOU,0
2025,1,EWR,HRL,299.5918181818182,34.0,1731.030303030303,25.0,150.0,1.0,0.0,0.0,0.0,0.0,0.0,2.2231333333333336,,,,,,,,,,,,,0.16666666666666666,,,,,,,EWR-HRL,0
2025,1,EWR,IAH,302.20477036540393,7936.0,1441.931947703654,141351.0,169536.0,923.0,939.0,2.0,9.795232936078007,0.01703940362087327,0.18317358892438765,2.2231333333333336,,,,,,,0.16850534248952576,0.02717108362049731,0.06321467851469073,0.21375131175937725,0.3868472966603237,0.33570759355923724,0.8337521234428086,0.16850534248952576,0.02717108362049731,0.06321467851469073,0.21375131175937725,0.3868472966603237,0.33570759355923724,EWR-IAH,1
2025,1,EWR,LAX,510.2387205146533,15425.0,2484.455146533238,178496.0,221379.0,1066.0,1034.0,3.0,10.837390457643622,0.007736943907156673,0.1769825918762089,2.2231333333333336,,,,,,,0.1662822530232157,0.008191243991291414,0.06384287985231527,0.17061212978089035,0.33008563663401874,0.43409495483748084,0.8062914729942768,0.1662822530232157,0.008191243991291414,0.06384287985231527,0.17061212978089035,0.33008563663401874,0.43409495483748084,EWR-LAX,1
2025,1,EWR,OAK,171.875,81.0,2650.3285714285716,0.0,0.0,51.0,0.0,0.0,0.0,0.0,0.0,2.2231333333333336,,,,,,,,,,,,,,,,,,,,EWR-OAK,0
2025,1,EWR,ONT,313.067186440678,333.0,2578.172881355932,0.0,0.0,36.0,0.0,0.0,0.0,0.0,0.0,2.2231333333333336,,,,,,,,,,,,,,,,,,,,EWR-ONT,0
2025,1,EWR,PSP,424.0887399463807,394.0,2466.308310991957,206.0,364.0,2.0,0.0,0.0,0.0,0.0,0.0,2.2231333333333336,,,,,,,,,,,,,0.5659340659340659,,,,,,,EWR-PSP,0
2025,1,EWR,SAN,376.1011085126286,4123.0,2454.710944808232,45107.0,55414.0,317.0,322.0,2.0,3.7663551401869158,0.003105590062111801,0.12422360248447205,2.2231333333333336,,,,,,,0.20884454631252528,0.010516381286234326,0.06662806664762747,0.26037408113045896,0.37705046300462025,0.2940969356018669,0.8140000721839247,0.20884454631252528,0.010516381286234326,0.06662806664762747,0.26037408113045896,0.37705046300462025,0.2940969356018669,EWR-SAN,1
2025,1,EWR,SAT,327.3557886309047,1753.0,1615.035228182546,14717.0,18283.0,133.0,133.0,1.0,10.518796992481203,0.0,0.21052631578947367,2.2231333333333336,,,,,,,,,,,,,0.8049554230706121,,,,,,,EWR-SAT,1
2025,1,EWR,SAV,210.28325148179508,1797.0,717.0508044030482,19995.0,26155.0,236.0,242.0,4.0,6.610169491525424,0.024793388429752067,0.16942148760330578,2.2231333333333336,,,,,,,,,,,,,0.7644809787803479,,,,,,,EWR-SAV,0
2025,1,EWR,SFO,726.3290100166944,14756.0,2601.20550918197,183784.0,218065.0,964.0,959.0,2.0,11.94681960375391,0.0,0.21480709071949947,2.2231333333333336,,,,,,,0.22080340516094707,0.00951789778605421,0.04750395680104273,0.43247928498277627,0.2687235825342147,0.25053346988176145,0.8427945795978263,0.22080340516094707,0.00951789778605421,0.04750395680104273,0.43247928498277627,0.2687235825342147,0.25053346988176145,EWR-SFO,1
2025,1,EWR,SMF,345.8484690553746,673.0,2646.281758957655,1159.0,1253.0,7.0,8.0,1.0,12.25,0.0,0.25,2.2231333333333336,,,,,,,,,,,,,0.9249800478850758,,,,,,,EWR-SMF,1
2025,1,EWR,SNA,418.03086397058826,2986.0,2462.9595588235293,30024.0,38664.0,264.0,0.0,0.0,0.0,0.0,0.0,2.2231333333333336,,,,,,,,,,,,,0.776536312849162,,,,,,,EWR-SNA,0
2025,1,EYW,ATL,343.32101408450706,725.0,655.9661971830986,42333.0,46567.0,358.0,364.0,2.0,19.49859943977591,0.019230769230769232,0.2802197802197802,2.2231333333333336,,,,,,,0.18040542999599665,0.022200385777195474,0.07972794287792138,0.19235893028329643,0.3715323460381475,0.35574939671415823,0.9090772435415637,0.18040542999599665,0.022200385777195474,0.07972794287792138,0.19235893028329643,0.3715323460381475,0.35574939671415823,EYW-ATL,1
2025,1,EYW,DFW,449.6505154639175,347.0,1162.6958762886597,10076.0,11264.0,88.0,90.0,1.0,31.10112359550562,0.011111111111111112,0.36666666666666664,2.2231333333333336,,,,,,,0.2062396282774643,0.03747759707932293,0.10718704340430481,0.1903530643250198,0.3470410781655484,0.3542601059847202,0.89453125,0.2062396282774643,0.03747759707932293,0.10718704340430481,0.1903530643250198,0.3470410781655484,0.3542601059847202,EYW-DFW,1
2025,1,EYW,HOU,686.75,4.0,1342.0,58.0,76.0,1.0,0.0,0.0,0.0,0.0,0.0,2.2231333333333336,,,,,,,,,,,,,0.7631578947368421,,,,,,,EYW-HOU,0
2025,1,EYW,IAH,314.98774011299435,208.0,1011.7966101694915,3373.0,4408.0,58.0,62.0,1.0,16.8,0.03225806451612903,0.20967741935483872,2.2231333333333336,,,,,,,0.16850534248952576,0.02717108362049731,0.06321467851469073,0.21375131175937725,0.3868472966603237,0.33570759355923724,0.7651996370235935,0.16850534248952576,0.02717108362049731,0.06321467851469073,0.21375131175937725,0.3868472966603237,0.33570759355923724,EYW-IAH,0
2025,1,FAR,ABI,340.9166666666667,6.0,1126.0,72.0,76.0,1.0,0.0,0.0,0.0,0.0,0.0,2.2231333333333336,,,,,,,,,,,,,0.9473684210526315,,,,,,,FAR-ABI,1
2025,1,FAR,ATL,401.30456692913384,133.0,1237.4094488188975,458.0,540.0,3.0,3.0,1.0,-3.0,0.0,0.0,2.2231333333333336,,,,,,,0.18040542999599665,0.022200385777195474,0.07972794287792138,0.19235893028329643,0.3715323460381475,0.35574939671415823,0.8481481481481481,0.18040542999599665,0.022200385777195474,0.07972794287792138,0.19235893028329643,0.3715323460381475,0.35574939671415823,FAR-ATL,1
2025,1,FAR,DFW,315.8655882352941,504.0,1023.6497326203208,17528.0,20231.0,265.0,270.0,1.0,15.723484848484848,0.025925925925925925,0.24074074074074073,2.2231333333333336,,,,,,,0.2062396282774643,0.03747759707932293,0.10718704340430481,0.1903530643250198,0.3470410781655484,0.3542601059847202,0.8663931590133953,0.2062396282774643,0.03747759707932293,0.10718704340430481,0.1903530643250198,0.3470410781655484,0.3542601059847202,FAR-DFW,1
2025,1,FAR,ONT,294.8830303030303,34.0,1594.2121212121212,0.0,0.0,3.0,0.0,0.0,0.0,0.0,0.0,2.2231333333333336,,,,,,,,,,,,,,,,,,,,FAR-ONT,0
2025,1,FAT,ATL,341.89563333333336,686.0,2086.0633333333335,14240.0,20796.0,130.0,66.0,1.0,38.63076923076923,0.015151515151515152,0.24242424242424243,2.2231333333333336,,,,,,,0.18040542999599665,0.022200385777195474,0.07972794287792138,0.19235893028329643,0.3715323460381475,0.35574939671415823,0.6847470667436045,0.18040542999599665,0.022200385777195474,0.07972794287792138,0.19235893028329643,0.3715323460381475,0.35574939671415823,FAT-ATL,0
2025,1,FAT,COS,254.22375,77.0,930.2083333333334,0.0,50.0,1.0,0.0,0.0,0.0,0.0,0.0,2.2231333333333336,,,,,,,,,,,,,0.0,,,,,,,FAT-COS,0
2025,1,FAT,DEN,237.07526315789474,708.0,875.2385964912281,25876.0,36126.0,364.0,356.0,3.0,4.219101123595506,0.0,0.12359550561797752,2.2231333333333336,,,,,,,,,,,,,0.7162708298732215,,,,,,,FAT-DEN,0
2025,1,FAT,DFW,328.3012307692308,1704.0,1338.675,78270.0,91068.0,552.0,281.0,1.0,19.333333333333332,0.021352313167259787,0.18505338078291814,2.2231333333333336,,,,,,,0.2062396282774643,0.03747759707932293,0.10718704340430481,0.1903530643250198,0.3470410781655484,0.3542601059847202,0.8594676505468442,0.2062396282774643,0.03747759707932293,0.10718704340430481,0.1903530643250198,0.3470410781655484,0.3542601059847202,FAT-DFW,1
2025,1,FAT,LAS,143.70694510739855,2419.0,283.0584725536993,44836.0,66206.0,411.0,410.0,2.0,10.43765281173594,0.0024390243902439024,0.17804878048780487,2.2231333333333336,,,,,,,,,,,,,0.6772195873485787,,,,,,,FAT-LAS,0
2025,1,FAT,LAX,220.91173076923076,411.0,209.0,12710.0,17490.0,248.0,244.0,1.0,2.942622950819672,0.0,0.10245901639344263,2.2231333333333336,,,,,,,0.1662822530232157,0.008191243991291414,0.06384287985231527,0.17061212978089035,0.33008563663401874,0.43409495483748084,0.7267009719839909,0.1662822530232157,0.008191243991291414,0.06384287985231527,0.17061212978089035,0.33008563663401874,0.43409495483748084,FAT-LAX,0
2025,1,FAT,ONT,206.08695652173913,27.0,456.0,0.0,76.0,36.0,0.0,0.0,0.0,0.0,0.0,2.2231333333333336,,,,,,,,,,,,,0.0,,,,,,,FAT-ONT,0
2025,1,FAT,ORD,273.2024,364.0,1959.6523076923077,639.0,1000.0,10.0,6.0,1.0,144.66666666666666,0.0,0.5,2.2231333333333336,,,,,,,,,,,,,0.639,,,,,,,FAT-ORD,0
2025,1,FAT,PDX,201.34974248927037,674.0,726.6587982832618,6900.0,7676.0,101.0,100.0,1.0,1.99,0.0,0.07,2.2231333333333336,,,,,,,,,,,,,0.8989056800416884,,,,,,,FAT-PDX,1
2025,1,FAT,PHX,245.18782555282556,1239.0,502.54176904176904,29685.0,40832.0,420.0,410.0,2.0,21.490243902439026,0.0,0.24878048780487805,2.2231333333333336,,,,,,,,,,,,,0.7270033307210031,,,,,,,FAT-PHX,0
2025,1,FAT,PSC,303.60907692307694,70.0,961.876923076923,0.0,76.0,1.0,0.0,0.0,0.0,0.0,0.0,2.2231333333333336,,,,,,,,,,,,,0.0,,,,,,,FAT-PSC,0
2025,1,FAT,PSP,271.62242424242424,33.0,588.3333333333334,0.0,70.0,1.0,0.0,0.0,0.0,0.0,0.0,2.2231333333333336,,,,,,,,,,,,,0.0,,,,,,,FAT-PSP,0
2025,1,FAT,RNO,287.4405882352941,17.0,350.0,256.0,600.0,4.0,0.0,0.0,0.0,0.0,0.0,2.2231333333333336,,,,,,,,,,,,,0.4266666666666667,,,,,,,FAT-RNO,0
2025,1,FAT,ROW,212.35714285714286,7.0,1748.0,0.0,50.0,1.0,0.0,0.0,0.0,0.0,0.0,2.2231333333333336,,,,,,,,,,,,,0.0,,,,,,,FAT-ROW,0
2025,1,FAT,SAN,151.95863582443656,1425.0,330.58481613285886,16729.0,21694.0,239.0,242.0,3.0,9.456066945606695,0.012396694214876033,0.21074380165289255,2.2231333333333336,,,,,,,0.20884454631252528,0.010516381286234326,0.06662806664762747,0.26037408113045896,0.37705046300462025,0.2940969356018669,0.7711348760025813,0.20884454631252528,0.010516381286234326,0.06662806664762747,0.26037408113045896,0.37705046300462025,0.2940969356018669,FAT-SAN,0
2025,1,FAT,SDF,313.32655737704914,62.0,2008.311475409836,0.0,0.0,61.0,0.0,0.0,0.0,0.0,0.0,2.2231333333333336,,,,,,,,,,,,,,,,,,,,FAT-SDF,0
2025,1,FAT,SEA,193.66135970333747,1132.0,786.3943139678615,15780.0,18478.0,176.0,173.0,3.0,3.1502890173410405,0.0,0.10404624277456648,2.2231333333333336,,,,,,,,,,,,,0.8539885268968503,,,,,,,FAT-SEA,1
2025,1,FAT,SFO,206.8916891891892,189.0,158.0,13115.0,20245.0,277.0,273.0,1.0,18.69888475836431,0.014652014652014652,0.2087912087912088,2.2231333333333336,,,,,,,0.22080340516094707,0.00951789778605421,0.04750395680104273,0.43247928498277627,0.2687235825342147,0.25053346988176145,0.6478142751296616,0.22080340516094707,0.00951789778605421,0.04750395680104273,0.43247928498277627,0.2687235825342147,0.25053346988176145,FAT-SFO,0
2025,1,FAT,SLC,299.4373037542662,488.0,551.2184300341297,14418.0,18928.0,262.0,257.0,1.0,0.6186770428015564,0.0,0.11673151750972763,2.2231333333333336,,,,,,,,,,,,,0.7617286559594252,,,,,,,FAT-SLC,0
2025,1,FAT,SMF,357.0,2.0,244.0,32.0,70.0,1.0,0.0,0.0,0.0,0.0,0.0,2.2231333333333336,,,,,,,,,,,,,0.45714285714285713,,,,,,,FAT-SMF,0
2025,1,FAT,TUS,248.07077669902912,107.0,637.5922330097087,0.0,50.0,1.0,0.0,0.0,0.0,0.0,0.0,2.2231333333333336,,,,,,,,,,,,,0.0,,,,,,,FAT-TUS,0
2025,1,FAT,YUM,342.1842105263158,21.0,653.0,0.0,65.0,1.0,0.0,0.0,0.0,0.0,0.0,2.2231333333333336,,,,,,,,,,,,,0.0,,,,,,,FAT-YUM,0
2025,1,FAY,ATL,200.25056768558952,267.0,331.5414847161572,18258.0,23951.0,317.0,325.0,2.0,15.18867924528302,0.021538461538461538,0.16,2.2231333333333336,,,,,,,0.18040542999599665,0.022200385777195474,0.07972794287792138,0.19235893028329643,0.3715323460381475,0.35574939671415823,0.7623063755166799,0.18040542999599665,0.022200385777195474,0.07972794287792138,0.19235893028329643,0.3715323460381475,0.35574939671415823,FAY-ATL,0
2025,1,FCA,BUR,332.60305555555556,41.0,1151.0277777777778,279.0,298.0,2.0,0.0,0.0,0.0,0.0,0.0,2.2231333333333336,,,,,,,,,,,,,0.9362416107382551,,,,,,,FCA-BUR,1
2025,1,FCA,LAX,198.12436923076922,488.0,1143.3661538461538,3934.0,5324.0,43.0,43.0,2.0,7.5813953488372094,0.0,0.06976744186046512,2.2231333333333336,,,,,,,0.1662822530232157,0.008191243991291414,0.06384287985231527,0.17061212978089035,0.33008563663401874,0.43409495483748084,0.7389181066867018,0.1662822530232157,0.008191243991291414,0.06384287985231527,0.17061212978089035,0.33008563663401874,0.43409495483748084,FCA-LAX,0
2025,1,FCA,SFO,286.51723076923076,136.0,1120.8076923076924,972.0,1308.0,18.0,18.0,1.0,2.888888888888889,0.0,0.05555555555555555,2.2231333333333336,,,,,,,0.22080340516094707,0.00951789778605421,0.04750395680104273,0.43247928498277627,0.2687235825342147,0.25053346988176145,0.7431192660550459,0.22080340516094707,0.00951789778605421,0.04750395680104273,0.43247928498277627,0.2687235825342147,0.25053346988176145,FCA-SFO,0
2025,1,FCA,STS,228.17583333333334,27.0,899.0,259.0,298.0,2.0,0.0,0.0,0.0,0.0,0.0,2.2231333333333336,,,,,,,,,,,,,0.8691275167785235,,,,,,,FCA-STS,1
2025,1,FLG,DFW,310.4387804878049,168.0,864.9837398373984,5059.0,6565.0,101.0,102.0,1.0,34.57,0.0196078431372549,0.3627450980392157,2.2231333333333336,,,,,,,0.2062396282774643,0.03747759707932293,0.10718704340430481,0.1903530643250198,0.3470410781655484,0.3542601059847202,0.7706016755521706,0.2062396282774643,0.03747759707932293,0.10718704340430481,0.1903530643250198,0.3470410781655484,0.3542601059847202,FLG-DFW,0
2025,1,FLG,LAX,276.08575757575755,43.0,486.09090909090907,71.0,260.0,4.0,5.0,1.0,56.5,0.2,0.4,2.2231333333333336,,,,,,,0.1662822530232157,0.008191243991291414,0.06384287985231527,0.17061212978089035,0.33008563663401874,0.43409495483748084,0.27307692307692305,0.1662822530232157,0.008191243991291414,0.06384287985231527,0.17061212978089035,0.33008563663401874,0.43409495483748084,FLG-LAX,0
2025,1,FLG,PSP,400.86800000000005,5.0,380.0,0.0,65.0,1.0,0.0,0.0,0.0,0.0,0.0,2.2231333333333336,,,,,,,,,,,,,0.0,,,,,,,FLG-PSP,0
2025,1,FLL,AMA,302.2805172413793,64.0,1507.0862068965516,107.0,172.0,1.0,0.0,0.0,0.0,0.0,0.0,2.2231333333333336,,,,,,,,,,,,,0.622093023255814,,,,,,,FLL-AMA,0
2025,1,FLL,ATL,190.74303493449784,13853.0,592.5642545227698,275581.0,331863.0,1683.0,1710.0,4.0,19.64481525625745,0.021052631578947368,0.2672514619883041,2.2231333333333336,,,,,,,0.18040542999599665,0.022200385777195474,0.07972794287792138,0.19235893028329643,0.3715323460381475,0.35574939671415823,0.8304059205153934,0.18040542999599665,0.022200385777195474,0.07972794287792138,0.19235893028329643,0.3715323460381475,0.35574939671415823,FLL-ATL,1
2025,1,FLL,AUS,246.29877851361294,2403.0,1199.653421633554,25708.0,29792.0,172.0,173.0,2.0,13.5,0.005780346820809248,0.26011560693641617,2.2231333333333336,,,,,,,0.18066105522479983,0.012779716690617943,0.0655739832334086,0.16405824184380596,0.40716516563281335,0.3620476351146755,0.8629162191192267,0.18066105522479983,0.012779716690617943,0.0655739832334086,0.16405824184380596,0.40716516563281335,0.3620476351146755,FLL-AUS,1
2025,1,FLL,CRP,260.9597058823529,71.0,1255.735294117647,164.0,175.0,1.0,0.0,0.0,0.0,0.0,0.0,2.2231333333333336,,,,,,,,,,,,,0.9371428571428572,,,,,,,FLL-CRP,1
2025,1,FLL,DAL,228.58477163461538,1401.0,1156.3317307692307,23679.0,28827.0,181.0,185.0,1.0,15.147540983606557,0.016216216216216217,0.3081081081081081,2.2231333333333336,,,,,,,,,,,,,0.8214174211676554,,,,,,,FLL-DAL,1
2025,1,FLL,DFW,243.72960264900664,6045.0,1154.2754966887417,105564.0,121566.0,649.0,673.0,2.0,20.50153374233129,0.031203566121842496,0.20950965824665677,2.2231333333333336,,,,,,,0.2062396282774643,0.03747759707932293,0.10718704340430481,0.1903530643250198,0.3470410781655484,0.3542601059847202,0.8683678002072948,0.2062396282774643,0.03747759707932293,0.10718704340430481,0.1903530643250198,0.3470410781655484,0.3542601059847202,FLL-DFW,1
2025,1,FLL,HOU,213.37574175824176,1363.0,1010.8736263736264,25620.0,32000.0,187.0,189.0,1.0,10.790322580645162,0.021164021164021163,0.2275132275132275,2.2231333333333336,,,,,,,,,,,,,0.800625,,,,,,,FLL-HOU,1
2025,1,FLL,HRL,211.99530303030303,67.0,1337.9242424242425,0.0,174.0,1.0,0.0,0.0,0.0,0.0,0.0,2.2231333333333336,,,,,,,,,,,,,0.0,,,,,,,FLL-HRL,0
2025,1,FLL,IAH,231.53976719576718,5029.0,990.8915343915344,98532.0,119658.0,670.0,682.0,2.0,12.769687964338782,0.01466275659824047,0.2316715542521994,2.2231333333333336,,,,,,,0.16850534248952576,0.02717108362049731,0.06321467851469073,0.21375131175937725,0.3868472966603237,0.33570759355923724,0.8234468234468234,0.16850534248952576,0.02717108362049731,0.06321467851469073,0.21375131175937725,0.3868472966603237,0.33570759355923724,FLL-IAH,1
2025,1,FLL,LAX,388.7512101063829,8513.0,2436.05352393617,74766.0,84266.0,506.0,503.0,4.0,12.78727634194831,0.0,0.23260437375745527,2.2231333333333336,,,,,,,0.1662822530232157,0.008191243991291414,0.06384287985231527,0.17061212978089035,0.33008563663401874,0.43409495483748084,0.8872617663114424,0.1662822530232157,0.008191243991291414,0.06384287985231527,0.17061212978089035,0.33008563663401874,0.43409495483748084,FLL-LAX,1
2025,1,FLL,LGB,177.53436170212765,102.0,2455.4148936170213,58.0,72.0,1.0,0.0,0.0,0.0,0.0,0.0,2.2231333333333336,,,,,,,,,,,,,0.8055555555555556,,,,,,,FLL-LGB,1
2025,1,FLL,ONT,343.0772924187726,296.0,2414.1949458483755,49.0,72.0,1.0,0.0,0.0,0.0,0.0,0.0,2.2231333333333336,,,,,,,,,,,,,0.6805555555555556,,,,,,,FLL-ONT,0
2025,1,FLL,SAN,300.53672307692307,1887.0,2430.2638461538463,11999.0,14561.0,83.0,86.0,2.0,8.627906976744185,0.0,0.20930232558139536,2.2231333333333336,,,,,,,0.20884454631252528,0.010516381286234326,0.06662806664762747,0.26037408113045896,0.37705046300462025,0.2940969356018669,0.824050545978985,0.20884454631252528,0.010516381286234326,0.06662806664762747,0.26037408113045896,0.37705046300462025,0.2940969356018669,FLL-SAN,1
2025,1,FLL,SAT,218.76767220902613,1340.0,1275.2410926365797,10102.0,11951.0,66.0,66.0,2.0,1.5606060606060606,0.0,0.10606060606060606,2.2231333333333336,,,,,,,,,,,,,0.8452849133963685,,,,,,,FLL-SAT,1
2025,1,FLL,SAV,179.83786764705883,443.0,683.7867647058823,2497.0,4242.0,27.0,27.0,1.0,46.370370370370374,0.0,0.2222222222222222,2.2231333333333336,,,,,,,,,,,,,0.5886374351720887,,,,,,,FLL-SAV,0
2025,1,FLL,SFO,405.86488382288474,4602.0,2641.6549758877686,46817.0,56195.0,346.0,346.0,3.0,8.031791907514451,0.0,0.1791907514450867,2.2231333333333336,,,,,,,0.22080340516094707,0.00951789778605421,0.04750395680104273,0.43247928498277627,0.2687235825342147,0.25053346988176145,0.8331168253403328,0.22080340516094707,0.00951789778605421,0.04750395680104273,0.43247928498277627,0.2687235825342147,0.25053346988176145,FLL-SFO,1
2025,1,FSD,AMA,331.0,9.0,1003.0,117.0,128.0,1.0,0.0,0.0,0.0,0.0,0.0,2.2231333333333336,,,,,,,,,,,,,0.9140625,,,,,,,FSD-AMA,1
2025,1,FSD,ATL,375.5439285714286,246.0,1072.5669642857142,10307.0,11559.0,87.0,90.0,1.0,22.65909090909091,0.022222222222222223,0.2111111111111111,2.2231333333333336,,,,,,,0.18040542999599665,0.022200385777195474,0.07972794287792138,0.19235893028329643,0.3715323460381475,0.35574939671415823,0.8916861320183407,0.18040542999599665,0.022200385777195474,0.07972794287792138,0.19235893028329643,0.3715323460381475,0.35574939671415823,FSD-ATL,1
2025,1,FSD,DFW,296.20132558139534,505.0,805.5953488372093,19860.0,22467.0,256.0,268.0,2.0,12.204633204633204,0.033582089552238806,0.2126865671641791,2.2231333333333336,,,,,,,0.2062396282774643,0.03747759707932293,0.10718704340430481,0.1903530643250198,0.3470410781655484,0.3542601059847202,0.8839631459473895,0.2062396282774643,0.03747759707932293,0.10718704340430481,0.1903530643250198,0.3470410781655484,0.3542601059847202,FSD-DFW,1
2025,1,FSD,ELP,237.9018181818182,33.0,1175.7575757575758,0.0,0.0,1.0,0.0,0.0,0.0,0.0,0.0,2.2231333333333336,,,,,,,,,,,,,,,,,,,,FSD-ELP,0
2025,1,FSM,DFW,263.3277049180328,79.0,227.0,13063.0,17178.0,257.0,270.0,1.0,1.1796875,0.05555555555555555,0.0962962962962963,2.2231333333333336,,,,,,,0.2062396282774643,0.03747759707932293,0.10718704340430481,0.1903530643250198,0.3470410781655484,0.3542601059847202,0.7604494120386541,0.2062396282774643,0.03747759707932293,0.10718704340430481,0.1903530643250198,0.3470410781655484,0.3542601059847202,FSM-DFW,0
2025,1,FWA,ABI,313.4375,8.0,1017.0,65.0,76.0,1.0,0.0,0.0,0.0,0.0,0.0,2.2231333333333336,,,,,,,,,,,,,0.8552631578947368,,,,,,,FWA-ABI,1
2025,1,FWA,ATL,296.88714801444047,374.0,526.1083032490975,15871.0,18969.0,251.0,257.0,1.0,15.601593625498008,0.023346303501945526,0.2140077821011673,2.2231333333333336,,,,,,,0.18040542999599665,0.022200385777195474,0.07972794287792138,0.19235893028329643,0.3715323460381475,0.35574939671415823,0.836680900416469,0.18040542999599665,0.022200385777195474,0.07972794287792138,0.19235893028329643,0.3715323460381475,0.35574939671415823,FWA-ATL,1
2025,1,FWA,DFW,295.72729299363056,457.0,902.6624203821656,16414.0,19900.0,263.0,270.0,1.0,6.25,0.022222222222222223,0.16296296296296298,2.2231333333333336,,,,,,,0.2062396282774643,0.03747759707932293,0.10718704340430481,0.1903530643250198,0.3470410781655484,0.3542601059847202,0.824824120603015,0.2062396282774643,0.03747759707932293,0.10718704340430481,0.1903530643250198,0.3470410781655484,0.3542601059847202,FWA-DFW,1
2025,1,FWA,LRD,270.0833333333333,7.0,1255.0,0.0,0.0,1.0,0.0,0.0,0.0,0.0,0.0,2.2231333333333336,,,,,,,,,,,,,,,,,,,,FWA-LRD,0
2025,1,GCC,PSP,342.5,2.0,1089.0,0.0,50.0,1.0,0.0,0.0,0.0,0.0,0.0,2.2231333333333336,,,,,,,,,,,,,0.0,,,,,,,GCC-PSP,0
2025,1,GCK,DFW,273.2257894736842,72.0,404.0,7736.0,11096.0,168.0,180.0,1.0,14.898809523809524,0.06666666666666667,0.16666666666666666,2.2231333333333336,,,,,,,0.2062396282774643,0.03747759707932293,0.10718704340430481,0.1903530643250198,0.3470410781655484,0.3542601059847202,0.6971881759192502,0.2062396282774643,0.03747759707932293,0.10718704340430481,0.1903530643250198,0.3470410781655484,0.3542601059847202,GCK-DFW,0
2025,1,GEG,ATL,384.42180232558144,433.0,2123.1482558139537,15568.0,17831.0,103.0,104.0,1.0,10.446601941747574,0.009615384615384616,0.25961538461538464,2.2231333333333336,,,,,,,0.18040542999599665,0.022200385777195474,0.07972794287792138,0.19235893028329643,0.3715323460381475,0.35574939671415823,0.8730861981941562,0.18040542999599665,0.022200385777195474,0.07972794287792138,0.19235893028329643,0.3715323460381475,0.35574939671415823,GEG-ATL,1
2025,1,GEG,AUS,269.2827182044888,421.0,1890.28927680798,2.0,13.0,1.0,0.0,0.0,0.0,0.0,0.0,2.2231333333333336,,,,,,,0.18066105522479983,0.012779716690617943,0.0655739832334086,0.16405824184380596,0.40716516563281335,0.3620476351146755,0.15384615384615385,0.18066105522479983,0.012779716690617943,0.0655739832334086,0.16405824184380596,0.40716516563281335,0.3620476351146755,GEG-AUS,0
2025,1,GEG,DFW,314.2862626262626,699.0,1688.587542087542,10243.0,11550.0,78.0,79.0,1.0,19.584415584415584,0.02531645569620253,0.10126582278481013,2.2231333333333336,,,,,,,0.2062396282774643,0.03747759707932293,0.10718704340430481,0.1903530643250198,0.3470410781655484,0.3542601059847202,0.8868398268398269,0.2062396282774643,0.03747759707932293,0.10718704340430481,0.1903530643250198,0.3470410781655484,0.3542601059847202,GEG-DFW,1
2025,1,GEG,LAX,217.2339279112754,1609.0,1039.6007393715342,17696.0,22258.0,181.0,180.0,2.0,-2.6666666666666665,0.0,0.027777777777777776,2.2231333333333336,,,,,,,0.1662822530232157,0.008191243991291414,0.06384287985231527,0.17061212978089035,0.33008563663401874,0.43409495483748084,0.7950399856231467,0.1662822530232157,0.008191243991291414,0.06384287985231527,0.17061212978089035,0.33008563663401874,0.43409495483748084,GEG-LAX,0
2025,1,GEG,OAK,198.91555555555556,680.0,793.9739952718676,14666.0,21726.0,130.0,130.0,1.0,-0.7307692307692307,0.0,0.046153846153846156,2.2231333333333336,,,,,,,,,,,,,0.675043726410752,,,,,,,GEG-OAK,0
2025,1,GEG,ONT,220.25166666666664,445.0,1125.2083333333333,0.0,0.0,75.0,0.0,0.0,0.0,0.0,0.0,2.2231333333333336,,,,,,,,,,,,,,,,,,,,GEG-ONT,0
2025,1,GEG,PSP,234.51782786885246,535.0,1162.72131147541,0.0,70.0,1.0,0.0,0.0,0.0,0.0,0.0,2.2231333333333336,,,,,,,,,,,,,0.0,,,,,,,GEG-PSP,0
2025,1,GEG,SAN,189.7607652622528,1548.0,1133.421324161651,9643.0,11788.0,88.0,90.0,2.0,-1.2159090909090908,0.022222222222222223,0.07777777777777778,2.2231333333333336,,,,,,,0.20884454631252528,0.010516381286234326,0.06662806664762747,0.26037408113045896,0.37705046300462025,0.2940969356018669,0.8180352901255514,0.20884454631252528,0.010516381286234326,0.06662806664762747,0.26037408113045896,0.37705046300462025,0.2940969356018669,GEG-SAN,1
2025,1,GEG,SFO,213.7887878787879,794.0,798.2169059011164,12181.0,13828.0,190.0,192.0,2.0,4.331578947368421,0.010416666666666666,0.11458333333333333,2.2231333333333336,,,,,,,0.22080340516094707,0.00951789778605421,0.04750395680104273,0.43247928498277627,0.2687235825342147,0.25053346988176145,0.8808938385883714,0.22080340516094707,0.00951789778605421,0.04750395680104273,0.43247928498277627,0.2687235825342147,0.25053346988176145,GEG-SFO,1
2025,1,GEG,SJC,229.9948948948949,408.0,867.5555555555555,5713.0,7818.0,54.0,54.0,1.0,9.296296296296296,0.0,0.16666666666666666,2.2231333333333336,,,,,,,,,,,,,0.7307495523151701,,,,,,,GEG-SJC,0
2025,1,GEG,SMF,218.4851622418879,1062.0,740.1401179941003,15030.0,21334.0,138.0,138.0,1.0,6.239130434782608,0.0,0.15217391304347827,2.2231333333333336,,,,,,,,,,,,,0.7045092340864348,,,,,,,GEG-SMF,0
2025,1,GGG,DFW,254.80222222222224,9.0,140.0,7259.0,11301.0,172.0,180.0,1.0,38.11695906432749,0.05,0.17777777777777778,2.2231333333333336,,,,,,,0.2062396282774643,0.03747759707932293,0.10718704340430481,0.1903530643250198,0.3470410781655484,0.3542601059847202,0.6423325369436333,0.2062396282774643,0.03747759707932293,0.10718704340430481,0.1903530643250198,0.3470410781655484,0.3542601059847202,GGG-DFW,0
2025,1,GGG,GRK,296.0,1.0,274.0,0.0,65.0,1.0,0.0,0.0,0.0,0.0,0.0,2.2231333333333336,,,,,,,,,,,,,0.0,,,,,,,GGG-GRK,0
2025,1,GGG,IDA,422.0,1.0,1235.0,0.0,65.0,1.0,0.0,0.0,0.0,0.0,0.0,2.2231333333333336,,,,,,,,,,,,,0.0,,,,,,,GGG-IDA,0
2025,1,GGG,MFE,282.713,10.0,609.3,0.0,186.0,1.0,0.0,0.0,0.0,0.0,0.0,2.2231333333333336,,,,,,,,,,,,,0.0,,,,,,,GGG-MFE,0
2025,1,GGG,RNO,344.2,5.0,1485.0,97.0,186.0,1.0,0.0,0.0,0.0,0.0,0.0,2.2231333333333336,,,,,,,,,,,,,0.521505376344086,,,,,,,GGG-RNO,0
2025,1,GGG,SAF,302.6666666666667,3.0,691.0,0.0,65.0,1.0,0.0,0.0,0.0,0.0,0.0,2.2231333333333336,,,,,,,,,,,,,0.0,,,,,,,GGG-SAF,0
2025,1,GJT,ATL,330.33099999999996,73.0,1544.5428571428572,0.0,849.0,11.0,0.0,0.0,0.0,0.0,0.0,2.2231333333333336,,,,,,,0.18040542999599665,0.022200385777195474,0.07972794287792138,0.19235893028329643,0.3715323460381475,0.35574939671415823,0.0,0.18040542999599665,0.022200385777195474,0.07972794287792138,0.19235893028329643,0.3715323460381475,0.35574939671415823,GJT-ATL,0
2025,1,GJT,AUS,270.7052272727273,88.0,1063.3863636363637,0.0,325.0,5.0,0.0,0.0,0.0,0.0,0.0,2.2231333333333336,,,,,,,0.18066105522479983,0.012779716690617943,0.0655739832334086,0.16405824184380596,0.40716516563281335,0.3620476351146755,0.0,0.18066105522479983,0.012779716690617943,0.0655739832334086,0.16405824184380596,0.40716516563281335,0.3620476351146755,GJT-AUS,0
2025,1,GJT,DFW,361.5050602409638,205.0,795.5843373493976,11082.0,13858.0,197.0,180.0,2.0,6.810344827586207,0.03333333333333333,0.1388888888888889,2.2231333333333336,,,,,,,0.2062396282774643,0.03747759707932293,0.10718704340430481,0.1903530643250198,0.3470410781655484,0.3542601059847202,0.7996824938663588,0.2062396282774643,0.03747759707932293,0.10718704340430481,0.1903530643250198,0.3470410781655484,0.3542601059847202,GJT-DFW,0
2025,1,GJT,IAH,317.43186440677965,126.0,1104.906779661017,0.0,280.0,4.0,0.0,0.0,0.0,0.0,0.0,2.2231333333333336,,,,,,,0.16850534248952576,0.02717108362049731,0.06321467851469073,0.21375131175937725,0.3868472966603237,0.33570759355923724,0.0,0.16850534248952576,0.02717108362049731,0.06321467851469073,0.21375131175937725,0.3868472966603237,0.33570759355923724,GJT-IAH,0
2025,1,GJT,LAX,268.79673267326734,110.0,945.3762376237623,0.0,785.0,12.0,0.0,0.0,0.0,0.0,0.0,2.2231333333333336,,,,,,,0.1662822530232157,0.008191243991291414,0.06384287985231527,0.17061212978089035,0.33008563663401874,0.43409495483748084,0.0,0.1662822530232157,0.008191243991291414,0.06384287985231527,0.17061212978089035,0.33008563663401874,0.43409495483748084,GJT-LAX,0
2025,1,GJT,SAN,247.8658407079646,123.0,905.6814159292036,3.0,76.0,1.0,0.0,0.0,0.0,0.0,0.0,2.2231333333333336,,,,,,,0.20884454631252528,0.010516381286234326,0.06662806664762747,0.26037408113045896,0.37705046300462025,0.2940969356018669,0.039473684210526314,0.20884454631252528,0.010516381286234326,0.06662806664762747,0.26037408113045896,0.37705046300462025,0.2940969356018669,GJT-SAN,0
2025,1,GJT,SFO,269.54615384615386,70.0,1134.2615384615385,0.0,70.0,1.0,0.0,0.0,0.0,0.0,0.0,2.2231333333333336,,,,,,,0.22080340516094707,0.00951789778605421,0.04750395680104273,0.43247928498277627,0.2687235825342147,0.25053346988176145,0.0,0.22080340516094707,0.00951789778605421,0.04750395680104273,0.43247928498277627,0.2687235825342147,0.25053346988176145,GJT-SFO,0
2025,1,GNV,ATL,268.8293602693603,370.0,305.0976430976431,36712.0,42298.0,422.0,429.0,3.0,10.01187648456057,0.018648018648018648,0.1561771561771562,2.2231333333333336,,,,,,,0.18040542999599665,0.022200385777195474,0.07972794287792138,0.19235893028329643,0.3715323460381475,0.35574939671415823,0.8679370182987375,0.18040542999599665,0.022200385777195474,0.07972794287792138,0.19235893028329643,0.3715323460381475,0.35574939671415823,GNV-ATL,1
2025,1,GNV,CLL,482.73,4.0,1170.0,226.0,526.0,4.0,0.0,0.0,0.0,0.0,0.0,2.2231333333333336,,,,,,,,,,,,,0.4296577946768061,,,,,,,GNV-CLL,0
2025,1,GNV,CSG,213.5,1.0,383.0,54.0,108.0,1.0,0.0,0.0,0.0,0.0,0.0,2.2231333333333336,,,,,,,,,,,,,0.5,,,,,,,GNV-CSG,0
2025,1,GNV,DFW,368.93305936073057,256.0,974.8584474885845,5174.0,6308.0,83.0,90.0,2.0,50.5,0.08888888888888889,0.35555555555555557,2.2231333333333336,,,,,,,0.2062396282774643,0.03747759707932293,0.10718704340430481,0.1903530643250198,0.3470410781655484,0.3542601059847202,0.8202282815472416,0.2062396282774643,0.03747759707932293,0.10718704340430481,0.1903530643250198,0.3470410781655484,0.3542601059847202,GNV-DFW,1
2025,1,GNV,LBB,571.0714285714286,7.0,1182.0,57.0,108.0,1.0,0.0,0.0,0.0,0.0,0.0,2.2231333333333336,,,,,,,,,,,,,0.5277777777777778,,,,,,,GNV-LBB,0
2025,1,GNV,SFO,354.09432432432436,118.0,2505.2792792792793,139.0,186.0,1.0,0.0,0.0,0.0,0.0,0.0,2.2231333333333336,,,,,,,0.22080340516094707,0.00951789778605421,0.04750395680104273,0.43247928498277627,0.2687235825342147,0.25053346988176145,0.7473118279569892,0.22080340516094707,0.00951789778605421,0.04750395680104273,0.43247928498277627,0.2687235825342147,0.25053346988176145,GNV-SFO,0
2025,1,GPT,AGS,265.95454545454544,12.0,575.7272727272727,549.0,744.0,4.0,0.0,0.0,0.0,0.0,0.0,2.2231333333333336,,,,,,,,,,,,,0.7379032258064516,,,,,,,GPT-AGS,0
2025,1,GPT,ATL,275.2600442477876,347.0,364.3893805309734,27550.0,31762.0,293.0,305.0,2.0,5.4436860068259385,0.03934426229508197,0.13442622950819672,2.2231333333333336,,,,,,,0.18040542999599665,0.022200385777195474,0.07972794287792138,0.19235893028329643,0.3715323460381475,0.35574939671415823,0.8673887034821485,0.18040542999599665,0.022200385777195474,0.07972794287792138,0.19235893028329643,0.3715323460381475,0.35574939671415823,GPT-ATL,1
2025,1,GPT,AUS,219.92222222222222,46.0,628.1333333333333,148.0,186.0,1.0,0.0,0.0,0.0,0.0,0.0,2.2231333333333336,,,,,,,0.18066105522479983,0.012779716690617943,0.0655739832334086,0.16405824184380596,0.40716516563281335,0.3620476351146755,0.7956989247311828,0.18066105522479983,0.012779716690617943,0.0655739832334086,0.16405824184380596,0.40716516563281335,0.3620476351146755,GPT-AUS,0
2025,1,GPT,CRP,245.5,14.0,636.3571428571429,549.0,744.0,4.0,0.0,0.0,0.0,0.0,0.0,2.2231333333333336,,,,,,,,,,,,,0.7379032258064516,,,,,,,GPT-CRP,0
2025,1,GPT,DFW,282.08262626262626,251.0,521.8383838383838,15496.0,18605.0,260.0,274.0,3.0,6.2823529411764705,0.06934306569343066,0.16058394160583941,2.2231333333333336,,,,,,,0.2062396282774643,0.03747759707932293,0.10718704340430481,0.1903530643250198,0.3470410781655484,0.3542601059847202,0.8328943832303144,0.2062396282774643,0.03747759707932293,0.10718704340430481,0.1903530643250198,0.3470410781655484,0.3542601059847202,GPT-DFW,1
2025,1,GPT,HOU,265.39000000000004,3.0,747.3333333333334,414.0,558.0,3.0,0.0,0.0,0.0,0.0,0.0,2.2231333333333336,,,,,,,,,,,,,0.7419354838709677,,,,,,,GPT-HOU,0
2025,1,GPT,IAH,225.7663157894737,274.0,390.99043062200957,10811.0,12250.0,245.0,247.0,1.0,8.563025210084033,0.03643724696356275,0.1214574898785425,2.2231333333333336,,,,,,,0.16850534248952576,0.02717108362049731,0.06321467851469073,0.21375131175937725,0.3868472966603237,0.33570759355923724,0.8825306122448979,0.16850534248952576,0.02717108362049731,0.06321467851469073,0.21375131175937725,0.3868472966603237,0.33570759355923724,GPT-IAH,1
2025,1,GPT,MAF,315.91411764705884,34.0,806.4705882352941,153.0,186.0,1.0,0.0,0.0,0.0,0.0,0.0,2.2231333333333336,,,,,,,,,,,,,0.8225806451612904,,,,,,,GPT-MAF,1
2025,1,GPT,MFE,199.32625000000002,8.0,866.375,508.0,558.0,3.0,0.0,0.0,0.0,0.0,0.0,2.2231333333333336,,,,,,,,,,,,,0.910394265232975,,,,,,,GPT-MFE,1
2025,1,GPT,SAT,239.0818095238095,111.0,764.552380952381,756.0,930.0,5.0,0.0,0.0,0.0,0.0,0.0,2.2231333333333336,,,,,,,,,,,,,0.8129032258064516,,,,,,,GPT-SAT,1
2025,1,GPT,SAV,246.53851851851852,56.0,636.5185185185185,565.0,744.0,4.0,0.0,0.0,0.0,0.0,0.0,2.2231333333333336,,,,,,,,,,,,,0.7594086021505376,,,,,,,GPT-SAV,0
2025,1,GRB,ATL,367.2943961352657,216.0,874.7487922705315,12704.0,14116.0,90.0,92.0,1.0,9.296703296703297,0.010869565217391304,0.10869565217391304,2.2231333333333336,,,,,,,0.18040542999599665,0.022200385777195474,0.07972794287792138,0.19235893028329643,0.3715323460381475,0.35574939671415823,0.8999716633607254,0.18040542999599665,0.022200385777195474,0.07972794287792138,0.19235893028329643,0.3715323460381475,0.35574939671415823,GRB-ATL,1
2025,1,GRB,LAX,304.9201538461539,133.0,1916.9923076923078,0.0,72.0,1.0,0.0,0.0,0.0,0.0,0.0,2.2231333333333336,,,,,,,0.1662822530232157,0.008191243991291414,0.06384287985231527,0.17061212978089035,0.33008563663401874,0.43409495483748084,0.0,0.1662822530232157,0.008191243991291414,0.06384287985231527,0.17061212978089035,0.33008563663401874,0.43409495483748084,GRB-LAX,0
2025,1,GRI,DFW,293.33325,97.0,561.0,8858.0,11180.0,172.0,180.0,1.0,33.911764705882355,0.05555555555555555,0.21666666666666667,2.2231333333333336,,,,,,,0.2062396282774643,0.03747759707932293,0.10718704340430481,0.1903530643250198,0.3470410781655484,0.3542601059847202,0.7923076923076923,0.2062396282774643,0.03747759707932293,0.10718704340430481,0.1903530643250198,0.3470410781655484,0.3542601059847202,GRI-DFW,0
2025,1,GRI,LBB,383.5,1.0,843.0,0.0,65.0,1.0,0.0,0.0,0.0,0.0,0.0,2.2231333333333336,,,,,,,,,,,,,0.0,,,,,,,GRI-LBB,0
2025,1,GRK,CAE,387.90238095238095,22.0,1113.6190476190477,51.0,156.0,1.0,0.0,0.0,0.0,0.0,0.0,2.2231333333333336,,,,,,,,,,,,,0.3269230769230769,,,,,,,GRK-CAE,0
2025,1,GRK,DFW,302.95238095238096,23.0,134.0,20916.0,30098.0,427.0,438.0,2.0,3.995305164319249,0.0273972602739726,0.1689497716894977,2.2231333333333336,,,,,,,0.2062396282774643,0.03747759707932293,0.10718704340430481,0.1903530643250198,0.3470410781655484,0.3542601059847202,0.6949298956741312,0.2062396282774643,0.03747759707932293,0.10718704340430481,0.1903530643250198,0.3470410781655484,0.3542601059847202,GRK-DFW,0
2025,1,GRK,LAN,373.85,2.0,1115.0,58.0,186.0,1.0,0.0,0.0,0.0,0.0,0.0,2.2231333333333336,,,,,,,,,,,,,0.3118279569892473,,,,,,,GRK-LAN,0
2025,1,GRK,RNO,217.0,4.0,1479.0,162.0,186.0,1.0,0.0,0.0,0.0,0.0,0.0,2.2231333333333336,,,,,,,,,,,,,0.8709677419354839,,,,,,,GRK-RNO,1
2025,1,GRR,ATL,304.16706293706295,1175.0,722.2475524475525,52905.0,59214.0,333.0,337.0,1.0,9.707462686567164,0.008902077151335312,0.12166172106824925,2.2231333333333336,,,,,,,0.18040542999599665,0.022200385777195474,0.07972794287792138,0.19235893028329643,0.3715323460381475,0.35574939671415823,0.8934542506839599,0.18040542999599665,0.022200385777195474,0.07972794287792138,0.19235893028329643,0.3715323460381475,0.35574939671415823,GRR-ATL,1
2025,1,GRR,AUS,238.4559748427673,547.0,1246.3584905660377,1998.0,2136.0,12.0,12.0,1.0,27.583333333333332,0.0,0.3333333333333333,2.2231333333333336,,,,,,,0.18066105522479983,0.012779716690617943,0.0655739832334086,0.16405824184380596,0.40716516563281335,0.3620476351146755,0.9353932584269663,0.18066105522479983,0.012779716690617943,0.0655739832334086,0.16405824184380596,0.40716516563281335,0.3620476351146755,GRR-AUS,1
2025,1,GRR,DFW,308.2625469483568,1083.0,992.336854460094,23967.0,27722.0,225.0,232.0,2.0,16.535398230088497,0.02586206896551724,0.21120689655172414,2.2231333333333336,,,,,,,0.2062396282774643,0.03747759707932293,0.10718704340430481,0.1903530643250198,0.3470410781655484,0.3542601059847202,0.8645480124089171,0.2062396282774643,0.03747759707932293,0.10718704340430481,0.1903530643250198,0.3470410781655484,0.3542601059847202,GRR-DFW,1
2025,1,GRR,IAH,268.42024482109224,567.0,1144.6346516007534,5237.0,6204.0,84.0,90.0,2.0,8.976470588235294,0.05555555555555555,0.08888888888888889,2.2231333333333336,,,,,,,0.16850534248952576,0.02717108362049731,0.06321467851469073,0.21375131175937725,0.3868472966603237,0.33570759355923724,0.8441328175370728,0.16850534248952576,0.02717108362049731,0.06321467851469073,0.21375131175937725,0.3868472966603237,0.33570759355923724,GRR-IAH,1
2025,1,GRR,SAV,216.73817869415808,356.0,871.7250859106529,1427.0,1716.0,11.0,11.0,1.0,-5.2727272727272725,0.0,0.18181818181818182,2.2231333333333336,,,,,,,,,,,,,0.8315850815850816,,,,,,,GRR-SAV,1
2025,1,GSO,ATL,211.4531799729364,1067.0,306.745602165088,64372.0,86664.0,665.0,627.0,2.0,2.890145395799677,0.01594896331738437,0.11004784688995216,2.2231333333333336,,,,,,,0.18040542999599665,0.022200385777195474,0.07972794287792138,0.19235893028329643,0.3715323460381475,0.35574939671415823,0.7427767008215638,0.18040542999599665,0.022200385777195474,0.07972794287792138,0.19235893028329643,0.3715323460381475,0.35574939671415823,GSO-ATL,0
2025,1,GSO,AUS,250.9862200956938,242.0,1166.799043062201,70.0,180.0,1.0,0.0,0.0,0.0,0.0,0.0,2.2231333333333336,,,,,,,0.18066105522479983,0.012779716690617943,0.0655739832334086,0.16405824184380596,0.40716516563281335,0.3620476351146755,0.3888888888888889,0.18066105522479983,0.012779716690617943,0.0655739832334086,0.16405824184380596,0.40716516563281335,0.3620476351146755,GSO-AUS,0
2025,1,GSO,DAL,331.115652173913,23.0,1027.0,43.0,50.0,1.0,0.0,0.0,0.0,0.0,0.0,2.2231333333333336,,,,,,,,,,,,,0.86,,,,,,,GSO-DAL,1
2025,1,GSO,DFW,302.55165217391306,930.0,1045.7391304347825,20899.0,27934.0,172.0,180.0,1.0,17.254335260115607,0.03888888888888889,0.15,2.2231333333333336,,,,,,,0.2062396282774643,0.03747759707932293,0.10718704340430481,0.1903530643250198,0.3470410781655484,0.3542601059847202,0.7481563685830888,0.2062396282774643,0.03747759707932293,0.10718704340430481,0.1903530643250198,0.3470410781655484,0.3542601059847202,GSO-DFW,0
2025,1,GSO,LAX,315.28796116504856,330.0,2253.6569579288025,67.0,186.0,1.0,0.0,0.0,0.0,0.0,0.0,2.2231333333333336,,,,,,,0.1662822530232157,0.008191243991291414,0.06384287985231527,0.17061212978089035,0.33008563663401874,0.43409495483748084,0.3602150537634409,0.1662822530232157,0.008191243991291414,0.06384287985231527,0.17061212978089035,0.33008563663401874,0.43409495483748084,GSO-LAX,0
2025,1,GSP,ACT,418.5,2.0,951.0,0.0,68.0,1.0,0.0,0.0,0.0,0.0,0.0,2.2231333333333336,,,,,,,,,,,,,0.0,,,,,,,GSP-ACT,0
2025,1,GSP,ATL,209.75569230769233,146.0,157.55384615384617,78670.0,98765.0,704.0,716.0,3.0,4.208806818181818,0.019553072625698324,0.11312849162011174,2.2231333333333336,,,,,,,0.18040542999599665,0.022200385777195474,0.07972794287792138,0.19235893028329643,0.3715323460381475,0.35574939671415823,0.7965372348504025,0.18040542999599665,0.022200385777195474,0.07972794287792138,0.19235893028329643,0.3715323460381475,0.35574939671415823,GSP-ATL,0
2025,1,GSP,AUS,258.69326530612244,368.0,1046.1166180758019,160.0,328.0,2.0,0.0,0.0,0.0,0.0,0.0,2.2231333333333336,,,,,,,0.18066105522479983,0.012779716690617943,0.0655739832334086,0.16405824184380596,0.40716516563281335,0.3620476351146755,0.4878048780487805,0.18066105522479983,0.012779716690617943,0.0655739832334086,0.16405824184380596,0.40716516563281335,0.3620476351146755,GSP-AUS,0
2025,1,GSP,CLL,328.0,2.0,1026.0,107.0,151.0,2.0,0.0,0.0,0.0,0.0,0.0,2.2231333333333336,,,,,,,,,,,,,0.7086092715231788,,,,,,,GSP-CLL,0
2025,1,GSP,DFW,311.55794117647054,1273.0,894.631221719457,29842.0,37675.0,300.0,306.0,2.0,18.62126245847176,0.016339869281045753,0.24183006535947713,2.2231333333333336,,,,,,,0.2062396282774643,0.03747759707932293,0.10718704340430481,0.1903530643250198,0.3470410781655484,0.3542601059847202,0.7920902455209025,0.2062396282774643,0.03747759707932293,0.10718704340430481,0.1903530643250198,0.3470410781655484,0.3542601059847202,GSP-DFW,0
2025,1,GSP,HOU,222.22562091503266,155.0,940.2222222222222,776.0,1176.0,8.0,8.0,1.0,5.125,0.0,0.25,2.2231333333333336,,,,,,,,,,,,,0.6598639455782312,,,,,,,GSP-HOU,0
2025,1,GSP,IAH,256.2706289308176,602.0,901.7756813417191,10041.0,13194.0,107.0,108.0,2.0,19.869158878504674,0.009259259259259259,0.10185185185185185,2.2231333333333336,,,,,,,0.16850534248952576,0.02717108362049731,0.06321467851469073,0.21375131175937725,0.3868472966603237,0.33570759355923724,0.7610277398817644,0.16850534248952576,0.02717108362049731,0.06321467851469073,0.21375131175937725,0.3868472966603237,0.33570759355923724,GSP-IAH,0
2025,1,GSP,LBB,306.2417391304348,24.0,1269.7826086956522,0.0,75.0,1.0,0.0,0.0,0.0,0.0,0.0,2.2231333333333336,,,,,,,,,,,,,0.0,,,,,,,GSP-LBB,0
2025,1,GSP,LRD,351.64285714285717,7.0,1317.4285714285713,0.0,0.0,15.0,0.0,0.0,0.0,0.0,0.0,2.2231333333333336,,,,,,,,,,,,,,,,,,,,GSP-LRD,0
2025,1,GSP,MFE,233.0125,40.0,1304.6,0.0,0.0,1.0,0.0,0.0,0.0,0.0,0.0,2.2231333333333336,,,,,,,,,,,,,,,,,,,,GSP-MFE,0
2025,1,GSP,SAT,320.1240562248996,263.0,1103.6184738955824,0.0,0.0,2.0,0.0,0.0,0.0,0.0,0.0,2.2231333333333336,,,,,,,,,,,,,,,,,,,,GSP-SAT,0
2025,1,GTF,DFW,330.18494949494954,107.0,1481.4949494949494,171.0,186.0,1.0,0.0,0.0,0.0,0.0,0.0,2.2231333333333336,,,,,,,0.2062396282774643,0.03747759707932293,0.10718704340430481,0.1903530643250198,0.3470410781655484,0.3542601059847202,0.9193548387096774,0.2062396282774643,0.03747759707932293,0.10718704340430481,0.1903530643250198,0.3470410781655484,0.3542601059847202,GTF-DFW,1
2025,1,GTR,ATL,259.38124999999997,53.0,241.0,10464.0,13394.0,177.0,180.0,1.0,4.875706214689266,0.016666666666666666,0.1,2.2231333333333336,,,,,,,0.18040542999599665,0.022200385777195474,0.07972794287792138,0.19235893028329643,0.3715323460381475,0.35574939671415823,0.7812453337315216,0.18040542999599665,0.022200385777195474,0.07972794287792138,0.19235893028329643,0.3715323460381475,0.35574939671415823,GTR-ATL,0
2025,1,GTR,AUS,309.3,10.0,1054.0,111.0,230.0,2.0,0.0,0.0,0.0,0.0,0.0,2.2231333333333336,,,,,,,0.18066105522479983,0.012779716690617943,0.0655739832334086,0.16405824184380596,0.40716516563281335,0.3620476351146755,0.4826086956521739,0.18066105522479983,0.012779716690617943,0.0655739832334086,0.16405824184380596,0.40716516563281335,0.3620476351146755,GTR-AUS,0
2025,1,GTR,IAH,250.72727272727272,11.0,930.0,0.0,75.0,1.0,0.0,0.0,0.0,0.0,0.0,2.2231333333333336,,,,,,,0.16850534248952576,0.02717108362049731,0.06321467851469073,0.21375131175937725,0.3868472966603237,0.33570759355923724,0.0,0.16850534248952576,0.02717108362049731,0.06321467851469073,0.21375131175937725,0.3868472966603237,0.33570759355923724,GTR-IAH,0
2025,1,GTR,LAX,395.635625,17.0,2249.8125,95.0,180.0,1.0,0.0,0.0,0.0,0.0,0.0,2.2231333333333336,,,,,,,0.1662822530232157,0.008191243991291414,0.06384287985231527,0.17061212978089035,0.33008563663401874,0.43409495483748084,0.5277777777777778,0.1662822530232157,0.008191243991291414,0.06384287985231527,0.17061212978089035,0.33008563663401874,0.43409495483748084,GTR-LAX,0
2025,1,GUC,AUS,329.63149122807016,127.0,932.7719298245614,119.0,128.0,1.0,0.0,0.0,0.0,0.0,0.0,2.2231333333333336,,,,,,,0.18066105522479983,0.012779716690617943,0.0655739832334086,0.16405824184380596,0.40716516563281335,0.3620476351146755,0.9296875,0.18066105522479983,0.012779716690617943,0.0655739832334086,0.16405824184380596,0.40716516563281335,0.3620476351146755,GUC-AUS,1
2025,1,GUC,DFW,423.12526570048306,403.0,692.0386473429952,10247.0,12487.0,101.0,103.0,2.0,97.46078431372548,0.009708737864077669,0.34951456310679613,2.2231333333333336,,,,,,,0.2062396282774643,0.03747759707932293,0.10718704340430481,0.1903530643250198,0.3470410781655484,0.3542601059847202,0.8206134379754945,0.2062396282774643,0.03747759707932293,0.10718704340430481,0.1903530643250198,0.3470410781655484,0.3542601059847202,GUC-DFW,1
2025,1,GUC,IAH,358.80957746478873,278.0,918.6525821596244,4458.0,5688.0,75.0,76.0,1.0,19.653333333333332,0.013157894736842105,0.2631578947368421,2.2231333333333336,,,,,,,0.16850534248952576,0.02717108362049731,0.06321467851469073,0.21375131175937725,0.3868472966603237,0.33570759355923724,0.7837552742616034,0.16850534248952576,0.02717108362049731,0.06321467851469073,0.21375131175937725,0.3868472966603237,0.33570759355923724,GUC-IAH,0
2025,1,GUM,SFO,1330.4905882352941,57.0,6199.0,0.0,0.0,4.0,0.0,0.0,0.0,0.0,0.0,2.2231333333333336,,,,,,,0.22080340516094707,0.00951789778605421,0.04750395680104273,0.43247928498277627,0.2687235825342147,0.25053346988176145,,0.22080340516094707,0.00951789778605421,0.04750395680104273,0.43247928498277627,0.2687235825342147,0.25053346988176145,GUM-SFO,0
2025,1,HDN,ATL,420.75,640.0,1369.3216374269007,13268.0,17076.0,86.0,89.0,1.0,18.55294117647059,0.0449438202247191,0.3146067415730337,2.2231333333333336,,,,,,,0.18040542999599665,0.022200385777195474,0.07972794287792138,0.19235893028329643,0.3715323460381475,0.35574939671415823,0.776996954790349,0.18040542999599665,0.022200385777195474,0.07972794287792138,0.19235893028329643,0.3715323460381475,0.35574939671415823,HDN-ATL,0
2025,1,HDN,AUS,318.78961240310076,338.0,979.4806201550388,150.0,199.0,1.0,0.0,0.0,0.0,0.0,0.0,2.2231333333333336,,,,,,,0.18066105522479983,0.012779716690617943,0.0655739832334086,0.16405824184380596,0.40716516563281335,0.3620476351146755,0.7537688442211056,0.18066105522479983,0.012779716690617943,0.0655739832334086,0.16405824184380596,0.40716516563281335,0.3620476351146755,HDN-AUS,0
2025,1,HDN,DAL,229.2430857142857,268.0,789.4457142857143,6401.0,8635.0,53.0,53.0,1.0,29.962264150943398,0.0,0.3018867924528302,2.2231333333333336,,,,,,,,,,,,,0.7412854661262305,,,,,,,HDN-DAL,0
2025,1,HDN,DFW,308.98854889589904,552.0,775.435331230284,14579.0,17372.0,101.0,103.0,1.0,45.633663366336634,0.019417475728155338,0.3883495145631068,2.2231333333333336,,,,,,,0.2062396282774643,0.03747759707932293,0.10718704340430481,0.1903530643250198,0.3470410781655484,0.3542601059847202,0.839224038682938,0.2062396282774643,0.03747759707932293,0.10718704340430481,0.1903530643250198,0.3470410781655484,0.3542601059847202,HDN-DFW,1
2025,1,HDN,IAH,370.94286075949367,484.0,1023.4151898734177,6150.0,6766.0,85.0,88.0,3.0,25.345238095238095,0.056818181818181816,0.23863636363636365,2.2231333333333336,,,,,,,0.16850534248952576,0.02717108362049731,0.06321467851469073,0.21375131175937725,0.3868472966603237,0.33570759355923724,0.9089565474430978,0.16850534248952576,0.02717108362049731,0.06321467851469073,0.21375131175937725,0.3868472966603237,0.33570759355923724,HDN-IAH,1
2025,1,HDN,LAX,250.48959514170042,305.0,851.421052631579,2753.0,3928.0,55.0,56.0,1.0,5.454545454545454,0.017857142857142856,0.17857142857142858,2.2231333333333336,,,,,,,0.1662822530232157,0.008191243991291414,0.06384287985231527,0.17061212978089035,0.33008563663401874,0.43409495483748084,0.7008655804480651,0.1662822530232157,0.008191243991291414,0.06384287985231527,0.17061212978089035,0.33008563663401874,0.43409495483748084,HDN-LAX,0
2025,1,HDN,SAN,239.91077253218884,336.0,868.8884120171674,2221.0,3420.0,45.0,46.0,1.0,5.088888888888889,0.021739130434782608,0.2391304347826087,2.2231333333333336,,,,,,,0.20884454631252528,0.010516381286234326,0.06662806664762747,0.26037408113045896,0.37705046300462025,0.2940969356018669,0.6494152046783626,0.20884454631252528,0.010516381286234326,0.06662806664762747,0.26037408113045896,0.37705046300462025,0.2940969356018669,HDN-SAN,0
2025,1,HDN,SFO,284.7482098765432,173.0,1071.9259259259259,687.0,952.0,13.0,13.0,1.0,9.076923076923077,0.0,0.3076923076923077,2.2231333333333336,,,,,,,0.22080340516094707,0.00951789778605421,0.04750395680104273,0.43247928498277627,0.2687235825342147,0.25053346988176145,0.7216386554621849,0.22080340516094707,0.00951789778605421,0.04750395680104273,0.43247928498277627,0.2687235825342147,0.25053346988176145,HDN-SFO,0
2025,1,HLN,LAX,250.87312500000002,33.0,1206.4375,0.0,70.0,1.0,0.0,0.0,0.0,0.0,0.0,2.2231333333333336,,,,,,,0.1662822530232157,0.008191243991291414,0.06384287985231527,0.17061212978089035,0.33008563663401874,0.43409495483748084,0.0,0.1662822530232157,0.008191243991291414,0.06384287985231527,0.17061212978089035,0.33008563663401874,0.43409495483748084,HLN-LAX,0
2025,1,HNL,ATL,767.2773942857143,1072.0,4588.100571428571,23090.0,25080.0,90.0,90.0,1.0,16.426966292134832,0.022222222222222223,0.18888888888888888,2.2231333333333336,,,,,,,0.18040542999599665,0.022200385777195474,0.07972794287792138,0.19235893028329643,0.3715323460381475,0.35574939671415823,0.9206539074960127,0.18040542999599665,0.022200385777195474,0.07972794287792138,0.19235893028329643,0.3715323460381475,0.35574939671415823,HNL-ATL,1
2025,1,HNL,AUS,402.8896107784431,1246.0,3910.579840319361,6017.0,7506.0,27.0,27.0,1.0,9.148148148148149,0.0,0.18518518518518517,2.2231333333333336,,,,,,,0.18066105522479983,0.012779716690617943,0.0655739832334086,0.16405824184380596,0.40716516563281335,0.3620476351146755,0.8016253663735678,0.18066105522479983,0.012779716690617943,0.0655739832334086,0.16405824184380596,0.40716516563281335,0.3620476351146755,HNL-AUS,1
2025,1,HNL,DFW,611.5919836956522,2035.0,3924.889266304348,44485.0,47086.0,184.0,184.0,1.0,21.956043956043956,0.010869565217391304,0.15760869565217392,2.2231333333333336,,,,,,,0.2062396282774643,0.03747759707932293,0.10718704340430481,0.1903530643250198,0.3470410781655484,0.3542601059847202,0.9447606507242068,0.2062396282774643,0.03747759707932293,0.10718704340430481,0.1903530643250198,0.3470410781655484,0.3542601059847202,HNL-DFW,1
2025,1,HNL,IAH,673.6789580838324,1144.0,4010.9832335329343,25383.0,32356.0,89.0,90.0,1.0,6.191011235955056,0.011111111111111112,0.14444444444444443,2.2231333333333336,,,,,,,0.16850534248952576,0.02717108362049731,0.06321467851469073,0.21375131175937725,0.3868472966603237,0.33570759355923724,0.7844912844603783,0.16850534248952576,0.02717108362049731,0.06321467851469073,0.21375131175937725,0.3868472966603237,0.33570759355923724,HNL-IAH,0
2025,1,HNL,LAX,357.391331092437,15441.0,2583.4852100840335,265457.0,301618.0,1341.0,1245.0,6.0,12.052631578947368,0.008032128514056224,0.13092369477911647,2.2231333333333336,,,,,,,0.1662822530232157,0.008191243991291414,0.06384287985231527,0.17061212978089035,0.33008563663401874,0.43409495483748084,0.8801099403881731,0.1662822530232157,0.008191243991291414,0.06384287985231527,0.17061212978089035,0.33008563663401874,0.43409495483748084,HNL-LAX,1
2025,1,HNL,LGB,294.08370866845394,2329.0,2573.2931188561215,26919.0,32018.0,176.0,0.0,0.0,0.0,0.0,0.0,2.2231333333333336,,,,,,,,,,,,,0.8407458304703604,,,,,,,HNL-LGB,1
2025,1,HNL,OAK,288.95155311355313,2770.0,2436.5553113553115,40298.0,46614.0,315.0,242.0,2.0,4.5850622406639,0.004132231404958678,0.1322314049586777,2.2231333333333336,,,,,,,,,,,,,0.8645042261981379,,,,,,,HNL-OAK,1
2025,1,HNL,ONT,311.41921708185055,1395.0,2678.450771055753,15427.0,16821.0,302.0,90.0,1.0,9.855555555555556,0.011111111111111112,0.2111111111111111,2.2231333333333336,,,,,,,,,,,,,0.9171274002734677,,,,,,,HNL-ONT,1
2025,1,HNL,PSP,508.1366428571429,144.0,3022.5214285714287,14.0,28.0,2.0,0.0,0.0,0.0,0.0,0.0,2.2231333333333336,,,,,,,,,,,,,0.5,,,,,,,HNL-PSP,0
2025,1,HNL,SAN,341.7150454725188,4538.0,2659.030446816924,65354.0,72686.0,361.0,364.0,3.0,5.301104972375691,0.008241758241758242,0.13736263736263737,2.2231333333333336,,,,,,,0.20884454631252528,0.010516381286234326,0.06662806664762747,0.26037408113045896,0.37705046300462025,0.2940969356018669,0.8991277550009631,0.20884454631252528,0.010516381286234326,0.06662806664762747,0.26037408113045896,0.37705046300462025,0.2940969356018669,HNL-SAN,1
2025,1,HNL,SFO,385.44625382262996,6682.0,2441.6272171253822,129685.0,152019.0,579.0,577.0,3.0,9.937282229965156,0.006932409012131715,0.21143847487001732,2.2231333333333336,,,,,,,0.22080340516094707,0.00951789778605421,0.04750395680104273,0.43247928498277627,0.2687235825342147,0.25053346988176145,0.8530841539544399,0.22080340516094707,0.00951789778605421,0.04750395680104273,0.43247928498277627,0.2687235825342147,0.25053346988176145,HNL-SFO,1
2025,1,HNL,SJC,281.25187531422824,3508.0,2458.8205128205127,43822.0,50453.0,280.0,280.0,3.0,4.682142857142857,0.0,0.12142857142857143,2.2231333333333336,,,,,,,,,,,,,0.8685707490139337,,,,,,,HNL-SJC,1
2025,1,HNL,SMF,337.490131147541,2859.0,2561.2977049180327,33548.0,40236.0,180.0,180.0,2.0,3.189944134078212,0.005555555555555556,0.12777777777777777,2.2231333333333336,,,,,,,,,,,,,0.8337806939059549,,,,,,,HNL-SMF,1
2025,1,HOB,IAH,192.77863247863246,142.0,501.11965811965814,3282.0,4350.0,87.0,90.0,1.0,43.37647058823529,0.05555555555555555,0.25555555555555554,2.2231333333333336,,,,,,,0.16850534248952576,0.02717108362049731,0.06321467851469073,0.21375131175937725,0.3868472966603237,0.33570759355923724,0.7544827586206897,0.16850534248952576,0.02717108362049731,0.06321467851469073,0.21375131175937725,0.3868472966603237,0.33570759355923724,HOB-IAH,0
2025,1,HOU,ABQ,252.6222605965463,1127.0,786.3610675039247,19643.0,31320.0,200.0,204.0,1.0,5.226130653266332,0.024509803921568627,0.14215686274509803,2.2231333333333336,,,,,,,,,,,,,0.6271711366538952,,,,,,,HOU-ABQ,0
2025,1,HOU,AMA,226.46780104712042,286.0,558.2303664921466,263.0,461.0,3.0,3.0,1.0,17.666666666666668,0.0,0.3333333333333333,2.2231333333333336,,,,,,,,,,,,,0.5704989154013015,,,,,,,HOU-AMA,0
2025,1,HOU,ATL,219.43343258426967,8438.0,713.2831460674157,153254.0,197662.0,1338.0,688.0,2.0,7.478260869565218,0.030523255813953487,0.16715116279069767,2.2231333333333336,,,,,,,0.18040542999599665,0.022200385777195474,0.07972794287792138,0.19235893028329643,0.3715323460381475,0.35574939671415823,0.7753336503728587,0.18040542999599665,0.022200385777195474,0.07972794287792138,0.19235893028329643,0.3715323460381475,0.35574939671415823,HOU-ATL,0
2025,1,HOU,AUS,188.31452631578946,510.0,148.0,32744.0,55373.0,352.0,345.0,1.0,4.9171597633136095,0.020289855072463767,0.1391304347826087,2.2231333333333336,,,,,,,0.18066105522479983,0.012779716690617943,0.0655739832334086,0.16405824184380596,0.40716516563281335,0.3620476351146755,0.5913351272280715,0.18066105522479983,0.012779716690617943,0.0655739832334086,0.16405824184380596,0.40716516563281335,0.3620476351146755,HOU-AUS,0
2025,1,HOU,AVL,124.68659793814433,111.0,875.0309278350516,1027.0,1248.0,8.0,8.0,1.0,1.5,0.0,0.25,2.2231333333333336,,,,,,,,,,,,,0.8229166666666666,,,,,,,HOU-AVL,1
2025,1,HOU,BDL,233.642024291498,272.0,1635.3805668016194,298.0,378.0,2.0,0.0,0.0,0.0,0.0,0.0,2.2231333333333336,,,,,,,,,,,,,0.7883597883597884,,,,,,,HOU-BDL,0
2025,1,HOU,BHM,230.97094555873926,550.0,635.919770773639,10334.0,16746.0,108.0,107.0,1.0,7.828571428571428,0.018691588785046728,0.205607476635514,2.2231333333333336,,,,,,,,,,,,,0.6171025916636809,,,,,,,HOU-BHM,0
2025,1,HOU,BNA,235.8736563517915,2640.0,691.0545602605863,52448.0,66905.0,416.0,425.0,1.0,6.823244552058111,0.02823529411764706,0.17176470588235293,2.2231333333333336,,,,,,,,,,,,,0.783917494955534,,,,,,,HOU-BNA,0
2025,1,HOU,BUR,245.4095792880259,854.0,1427.4336569579289,11076.0,18590.0,130.0,66.0,1.0,4.575757575757576,0.0,0.12121212121212122,2.2231333333333336,,,,,,,,,,,,,0.5958041958041959,,,,,,,HOU-BUR,0
2025,1,HOU,BWI,225.91022743425728,2530.0,1277.142857142857,39051.0,50912.0,320.0,329.0,1.0,6.4858934169279,0.03343465045592705,0.14893617021276595,2.2231333333333336,,,,,,,,,,,,,0.7670293840351979,,,,,,,HOU-BWI,0
2025,1,HOU,CHS,234.3984789644013,387.0,1045.673139158576,4702.0,6710.0,42.0,42.0,1.0,15.30952380952381,0.0,0.2857142857142857,2.2231333333333336,,,,,,,,,,,,,0.7007451564828614,,,,,,,HOU-CHS,0
2025,1,HOU,CLT,214.49618497109824,189.0,1157.820809248555,174.0,175.0,1.0,1.0,1.0,12.0,0.0,0.0,2.2231333333333336,,,,,,,,,,,,,0.9942857142857143,,,,,,,HOU-CLT,1
2025,1,HOU,CMH,262.1306687898089,814.0,1063.466560509554,9672.0,12870.0,85.0,85.0,1.0,18.0,0.011764705882352941,0.27058823529411763,2.2231333333333336,,,,,,,,,,,,,0.7515151515151515,,,,,,,HOU-CMH,0
2025,1,HOU,COS,201.59642066420662,317.0,898.4132841328413,2110.0,2561.0,15.0,14.0,1.0,0.5714285714285714,0.0,0.07142857142857142,2.2231333333333336,,,,,,,,,,,,,0.8238969152674737,,,,,,,HOU-COS,1
2025,1,HOU,CRP,179.528359375,189.0,187.0,20077.0,33626.0,225.0,228.0,1.0,7.450892857142857,0.017543859649122806,0.2149122807017544,2.2231333333333336,,,,,,,,,,,,,0.5970677451971689,,,,,,,HOU-CRP,0
2025,1,HOU,DAL,189.4857427055703,4607.0,239.9549071618037,108961.0,162062.0,1199.0,1030.0,1.0,5.8420523138833,0.03495145631067961,0.15728155339805824,2.2231333333333336,,,,,,,,,,,,,0.6723414495686836,,,,,,,HOU-DAL,0
2025,1,HOU,DCA,240.7816083916084,2096.0,1261.1958041958042,28235.0,38660.0,252.0,262.0,1.0,16.511811023622048,0.030534351145038167,0.31679389312977096,2.2231333333333336,,,,,,,,,,,,,0.7303414381789963,,,,,,,HOU-DCA,0
2025,1,HOU,DEN,202.8510508796957,5421.0,902.3043271516881,77867.0,94585.0,591.0,598.0,2.0,8.681972789115646,0.016722408026755852,0.1605351170568562,2.2231333333333336,,,,,,,,,,,,,0.8232489295342813,,,,,,,HOU-DEN,1
2025,1,HOU,DFW,204.2700481540931,817.0,247.2279293739968,26623.0,35937.0,518.0,539.0,3.0,12.368932038834952,0.04452690166975881,0.20408163265306123,2.2231333333333336,,,,,,,0.2062396282774643,0.03747759707932293,0.10718704340430481,0.1903530643250198,0.3470410781655484,0.3542601059847202,0.7408242201630632,0.2062396282774643,0.03747759707932293,0.10718704340430481,0.1903530643250198,0.3470410781655484,0.3542601059847202,HOU-DFW,0
2025,1,HOU,DSM,158.47530487804877,199.0,960.0,1154.0,1440.0,8.0,8.0,1.0,-6.125,0.0,0.0,2.2231333333333336,,,,,,,,,,,,,0.8013888888888889,,,,,,,HOU-DSM,1
2025,1,HOU,ECP,228.1261963190184,244.0,645.1411042944785,6759.0,10637.0,67.0,67.0,1.0,8.477611940298507,0.0,0.1791044776119403,2.2231333333333336,,,,,,,,,,,,,0.6354235216696437,,,,,,,HOU-ECP,0
2025,1,HOU,ELP,197.9811812080537,1620.0,698.7261744966443,24733.0,38152.0,240.0,243.0,1.0,7.01255230125523,0.01646090534979424,0.21810699588477367,2.2231333333333336,,,,,,,,,,,,,0.6482753197735375,,,,,,,HOU-ELP,0
2025,1,HOU,EWR,233.60130434782607,24.0,1494.5217391304348,59.0,72.0,1.0,0.0,0.0,0.0,0.0,0.0,2.2231333333333336,,,,,,,,,,,,,0.8194444444444444,,,,,,,HOU-EWR,1
2025,1,HOU,FLL,207.46816411682892,1369.0,1001.058414464534,25545.0,30857.0,186.0,188.0,1.0,13.847826086956522,0.026595744680851064,0.23404255319148937,2.2231333333333336,,,,,,,,,,,,,0.8278510548659948,,,,,,,HOU-FLL,1
2025,1,HOU,GPT,463.91499999999996,2.0,897.5,587.0,744.0,4.0,0.0,0.0,0.0,0.0,0.0,2.2231333333333336,,,,,,,,,,,,,0.7889784946236559,,,,,,,HOU-GPT,0
2025,1,HOU,GSP,212.55584507042255,153.0,900.6478873239437,836.0,1144.0,8.0,8.0,1.0,11.125,0.0,0.375,2.2231333333333336,,,,,,,,,,,,,0.7307692307692307,,,,,,,HOU-GSP,0
2025,1,HOU,HRL,133.35245901639345,1049.0,280.4983606557377,29906.0,45937.0,287.0,303.0,1.0,3.1573426573426575,0.056105610561056105,0.12871287128712872,2.2231333333333336,,,,,,,,,,,,,0.6510220519407014,,,,,,,HOU-HRL,0
2025,1,HOU,HVN,113.136,281.0,1489.0,2869.0,4485.0,25.0,0.0,0.0,0.0,0.0,0.0,2.2231333333333336,,,,,,,,,,,,,0.6396878483835006,,,,,,,HOU-HVN,0
2025,1,HOU,IAD,355.39,32.0,1582.225806451613,114.0,143.0,1.0,0.0,0.0,0.0,0.0,0.0,2.2231333333333336,,,,,,,,,,,,,0.7972027972027972,,,,,,,HOU-IAD,0
2025,1,HOU,ICT,236.65239999999997,55.0,1018.02,164.0,343.0,3.0,0.0,0.0,0.0,0.0,0.0,2.2231333333333336,,,,,,,,,,,,,0.478134110787172,,,,,,,HOU-ICT,0
2025,1,HOU,IND,229.83759936406997,970.0,925.1653418124006,14489.0,19013.0,118.0,117.0,1.0,7.543103448275862,0.008547008547008548,0.24786324786324787,2.2231333333333336,,,,,,,,,,,,,0.7620575395781833,,,,,,,HOU-IND,0
2025,1,HOU,JAN,185.96043859649123,392.0,379.9824561403509,17808.0,27566.0,178.0,180.0,1.0,10.842696629213483,0.011111111111111112,0.23333333333333334,2.2231333333333336,,,,,,,,,,,,,0.6460132046724225,,,,,,,HOU-JAN,0
2025,1,HOU,JAX,248.08309999999997,392.0,914.7166666666667,7018.0,9796.0,60.0,60.0,1.0,11.1,0.0,0.23333333333333334,2.2231333333333336,,,,,,,,,,,,,0.7164148632094732,,,,,,,HOU-JAX,0
2025,1,HOU,LAS,234.15396132252027,3904.0,1258.1154086088584,62253.0,79344.0,480.0,483.0,1.0,9.79957805907173,0.018633540372670808,0.2111801242236025,2.2231333333333336,,,,,,,,,,,,,0.7845961887477314,,,,,,,HOU-LAS,0
2025,1,HOU,LAX,201.7464898320071,5074.0,1418.9292661361626,63744.0,78426.0,490.0,248.0,1.0,7.885245901639344,0.016129032258064516,0.1975806451612903,2.2231333333333336,,,,,,,0.1662822530232157,0.008191243991291414,0.06384287985231527,0.17061212978089035,0.33008563663401874,0.43409495483748084,0.8127916762298217,0.1662822530232157,0.008191243991291414,0.06384287985231527,0.17061212978089035,0.33008563663401874,0.43409495483748084,HOU-LAX,1
2025,1,HOU,LBB,213.59072351421187,563.0,529.1111111111111,1122.0,1712.0,11.0,10.0,1.0,14.7,0.0,0.3,2.2231333333333336,,,,,,,,,,,,,0.655373831775701,,,,,,,HOU-LBB,0
2025,1,HOU,LGA,196.56767162066524,3359.0,1439.6510969568294,41258.0,56999.0,329.0,336.0,1.0,11.854545454545455,0.017857142857142856,0.17261904761904762,2.2231333333333336,,,,,,,,,,,,,0.7238372603028124,,,,,,,HOU-LGA,0
2025,1,HOU,LGB,213.93026200873362,2206.0,1403.0014556040758,28246.0,38560.0,224.0,113.0,1.0,5.758928571428571,0.008849557522123894,0.12389380530973451,2.2231333333333336,,,,,,,,,,,,,0.7325207468879668,,,,,,,HOU-LGB,0
2025,1,HOU,MAF,213.65438242280283,1922.0,446.5558194774347,29709.0,51213.0,323.0,329.0,1.0,5.374613003095975,0.02127659574468085,0.1458966565349544,2.2231333333333336,,,,,,,,,,,,,0.580106613555152,,,,,,,HOU-MAF,0
2025,1,HOU,MCI,243.57127952755906,1892.0,696.2982283464567,26615.0,34944.0,224.0,231.0,1.0,4.852017937219731,0.03463203463203463,0.12554112554112554,2.2231333333333336,,,,,,,,,,,,,0.761647206959707,,,,,,,HOU-MCI,0
2025,1,HOU,MCO,240.00158097686378,3508.0,881.4215938303342,60547.0,70715.0,437.0,448.0,1.0,10.649885583524027,0.024553571428571428,0.19642857142857142,2.2231333333333336,,,,,,,,,,,,,0.8562115534186523,,,,,,,HOU-MCO,1
2025,1,HOU,MDW,211.38718318695106,3612.0,960.4196988707654,50159.0,62067.0,381.0,390.0,1.0,6.7539267015706805,0.020512820512820513,0.1564102564102564,2.2231333333333336,,,,,,,,,,,,,0.8081428134113136,,,,,,,HOU-MDW,1
2025,1,HOU,MEM,168.1832318104907,1011.0,503.23519458544837,19855.0,28501.0,182.0,184.0,1.0,9.353591160220995,0.016304347826086956,0.20652173913043478,2.2231333333333336,,,,,,,,,,,,,0.696642223079892,,,,,,,HOU-MEM,0
2025,1,HOU,MIA,211.60102739726028,374.0,1187.2260273972602,5585.0,7055.0,42.0,39.0,1.0,17.71794871794872,0.0,0.1794871794871795,2.2231333333333336,,,,,,,,,,,,,0.7916371367824239,,,,,,,HOU-MIA,0
2025,1,HOU,MKE,217.36781690140845,301.0,1204.2394366197184,68.0,144.0,2.0,0.0,0.0,0.0,0.0,0.0,2.2231333333333336,,,,,,,,,,,,,0.4722222222222222,,,,,,,HOU-MKE,0
2025,1,HOU,MSP,218.9053164556962,381.0,1321.262658227848,206.0,258.0,2.0,0.0,0.0,0.0,0.0,0.0,2.2231333333333336,,,,,,,,,,,,,0.7984496124031008,,,,,,,HOU-MSP,0
2025,1,HOU,MSY,186.11594102341718,2931.0,304.2645273200347,54275.0,88363.0,557.0,570.0,1.0,4.853260869565218,0.031578947368421054,0.13157894736842105,2.2231333333333336,,,,,,,,,,,,,0.6142276744791372,,,,,,,HOU-MSY,0
2025,1,HOU,OAK,263.6287250996016,2278.0,1669.2005312084993,22846.0,30704.0,184.0,91.0,1.0,16.855555555555554,0.01098901098901099,0.31868131868131866,2.2231333333333336,,,,,,,,,,,,,0.7440724335591454,,,,,,,HOU-OAK,0
2025,1,HOU,OKC,196.01040172166427,1342.0,429.4605451936872,32125.0,49158.0,309.0,312.0,1.0,4.803921568627451,0.019230769230769232,0.14102564102564102,2.2231333333333336,,,,,,,,,,,,,0.6535050246145083,,,,,,,HOU-OKC,0
2025,1,HOU,OMA,243.29378787878787,543.0,878.1111111111111,10122.0,14152.0,88.0,91.0,1.0,2.215909090909091,0.03296703296703297,0.0989010989010989,2.2231333333333336,,,,,,,,,,,,,0.7152345958168457,,,,,,,HOU-OMA,0
2025,1,HOU,ONT,255.632890625,1424.0,1375.337890625,20486.0,31086.0,178.0,90.0,1.0,5.5,0.022222222222222223,0.12222222222222222,2.2231333333333336,,,,,,,,,,,,,0.6590104870359648,,,,,,,HOU-ONT,0
2025,1,HOU,ORD,212.47767123287673,165.0,1115.0616438356165,92.0,384.0,3.0,0.0,0.0,0.0,0.0,0.0,2.2231333333333336,,,,,,,,,,,,,0.23958333333333334,,,,,,,HOU-ORD,0
2025,1,HOU,PBI,243.3096923076923,67.0,1406.0307692307692,2.0,12.0,1.0,0.0,0.0,0.0,0.0,0.0,2.2231333333333336,,,,,,,,,,,,,0.16666666666666666,,,,,,,HOU-PBI,0
2025,1,HOU,PDX,223.42762214983713,344.0,2018.214983713355,39.0,186.0,1.0,0.0,0.0,0.0,0.0,0.0,2.2231333333333336,,,,,,,,,,,,,0.20967741935483872,,,,,,,HOU-PDX,0
2025,1,HOU,PHL,235.48996296296298,313.0,1457.1703703703704,117.0,144.0,2.0,0.0,0.0,0.0,0.0,0.0,2.2231333333333336,,,,,,,,,,,,,0.8125,,,,,,,HOU-PHL,1
2025,1,HOU,PHX,206.7600360576923,3679.0,1030.3233173076924,63220.0,82379.0,516.0,518.0,1.0,8.570588235294117,0.015444015444015444,0.20077220077220076,2.2231333333333336,,,,,,,,,,,,,0.7674285922383132,,,,,,,HOU-PHX,0
2025,1,HOU,PIT,247.26046875,644.0,1207.505859375,6510.0,8251.0,53.0,53.0,1.0,16.566037735849058,0.0,0.20754716981132076,2.2231333333333336,,,,,,,,,,,,,0.788995273300206,,,,,,,HOU-PIT,0
2025,1,HOU,PNS,178.59959999999998,269.0,581.33,7355.0,9762.0,62.0,63.0,1.0,15.428571428571429,0.0,0.36507936507936506,2.2231333333333336,,,,,,,,,,,,,0.7534316738373285,,,,,,,HOU-PNS,0
2025,1,HOU,PVU,91.91960784313726,462.0,1181.7529411764706,5067.0,5667.0,31.0,30.0,1.0,49.1,0.0,0.36666666666666664,2.2231333333333336,,,,,,,,,,,,,0.8941238750661725,,,,,,,HOU-PVU,1
2025,1,HOU,RDU,246.94790291262134,767.0,1113.1145631067961,9165.0,13068.0,84.0,86.0,1.0,3.4761904761904763,0.023255813953488372,0.1511627906976744,2.2231333333333336,,,,,,,,,,,,,0.7013314967860422,,,,,,,HOU-RDU,0
2025,1,HOU,RSW,187.11076923076922,162.0,1303.7132867132866,436.0,604.0,4.0,4.0,1.0,41.25,0.0,0.5,2.2231333333333336,,,,,,,,,,,,,0.7218543046357616,,,,,,,HOU-RSW,0
2025,1,HOU,SAN,265.7445419847328,2814.0,1347.9872773536895,46698.0,61918.0,386.0,197.0,1.0,7.505154639175258,0.015228426395939087,0.18781725888324874,2.2231333333333336,,,,,,,0.20884454631252528,0.010516381286234326,0.06662806664762747,0.26037408113045896,0.37705046300462025,0.2940969356018669,0.7541910268419523,0.20884454631252528,0.010516381286234326,0.06662806664762747,0.26037408113045896,0.37705046300462025,0.2940969356018669,HOU-SAN,0
2025,1,HOU,SAT,189.6583492063492,608.0,192.0,34989.0,59344.0,372.0,376.0,1.0,5.135869565217392,0.02127659574468085,0.14361702127659576,2.2231333333333336,,,,,,,,,,,,,0.5895962523591265,,,,,,,HOU-SAT,0
2025,1,HOU,SAV,230.8491666666667,554.0,953.4708333333333,5658.0,6864.0,48.0,24.0,1.0,9.125,0.0,0.16666666666666666,2.2231333333333336,,,,,,,,,,,,,0.8243006993006993,,,,,,,HOU-SAV,1
2025,1,HOU,SDF,227.70603658536587,432.0,899.3810975609756,6461.0,8042.0,54.0,55.0,1.0,3.5185185185185186,0.01818181818181818,0.14545454545454545,2.2231333333333336,,,,,,,,,,,,,0.8034071126585427,,,,,,,HOU-SDF,1
2025,1,HOU,SEA,244.37250803858524,347.0,2097.569131832797,40.0,186.0,1.0,0.0,0.0,0.0,0.0,0.0,2.2231333333333336,,,,,,,,,,,,,0.21505376344086022,,,,,,,HOU-SEA,0
2025,1,HOU,SFO,239.42446009389673,472.0,1779.0469483568074,94.0,144.0,2.0,0.0,0.0,0.0,0.0,0.0,2.2231333333333336,,,,,,,0.22080340516094707,0.00951789778605421,0.04750395680104273,0.43247928498277627,0.2687235825342147,0.25053346988176145,0.6527777777777778,0.22080340516094707,0.00951789778605421,0.04750395680104273,0.43247928498277627,0.2687235825342147,0.25053346988176145,HOU-SFO,0
2025,1,HOU,SGF,258.1253571428571,28.0,611.0714285714286,310.0,567.0,3.0,0.0,0.0,0.0,0.0,0.0,2.2231333333333336,,,,,,,,,,,,,0.54673721340388,,,,,,,HOU-SGF,0
2025,1,HOU,SJC,274.08709415584417,1852.0,1646.487012987013,22122.0,30288.0,176.0,90.0,1.0,6.306818181818182,0.022222222222222223,0.16666666666666666,2.2231333333333336,,,,,,,,,,,,,0.7303882725832013,,,,,,,HOU-SJC,0
2025,1,HOU,SJU,236.14385365853659,239.0,2078.4975609756098,2153.0,2275.0,13.0,13.0,1.0,3.3846153846153846,0.0,0.07692307692307693,2.2231333333333336,,,,,,,,,,,,,0.9463736263736263,,,,,,,HOU-SJU,1
2025,1,HOU,SLC,267.78808988764047,1168.0,1290.3483146067415,13473.0,17562.0,106.0,106.0,1.0,5.4326923076923075,0.018867924528301886,0.16037735849056603,2.2231333333333336,,,,,,,,,,,,,0.7671677485480014,,,,,,,HOU-SLC,0
2025,1,HOU,SMF,285.3829106628242,1920.0,1666.4193083573487,21964.0,27152.0,176.0,90.0,1.0,8.363636363636363,0.022222222222222223,0.24444444444444444,2.2231333333333336,,,,,,,,,,,,,0.8089275191514437,,,,,,,HOU-SMF,1
2025,1,HOU,STL,234.77034773445732,2148.0,720.5194942044257,37313.0,53439.0,337.0,350.0,1.0,7.211309523809524,0.04,0.1657142857142857,2.2231333333333336,,,,,,,,,,,,,0.6982353711708678,,,,,,,HOU-STL,0
2025,1,HOU,SWO,312.046,11.0,472.0,80.0,125.0,2.0,0.0,0.0,0.0,0.0,0.0,2.2231333333333336,,,,,,,,,,,,,0.64,,,,,,,HOU-SWO,0
2025,1,HOU,TPA,228.25146583850932,1649.0,819.6968944099378,28248.0,37611.0,229.0,234.0,1.0,7.934497816593886,0.021367521367521368,0.1752136752136752,2.2231333333333336,,,,,,,,,,,,,0.7510568716598868,,,,,,,HOU-TPA,0
2025,1,HOU,TUL,201.58949764521194,1055.0,468.63893249607537,15068.0,28750.0,178.0,182.0,1.0,3.2542372881355934,0.027472527472527472,0.14285714285714285,2.2231333333333336,,,,,,,,,,,,,0.524104347826087,,,,,,,HOU-TUL,0
2025,1,HOU,TUS,228.31149321266966,312.0,1054.7239819004526,7184.0,14317.0,88.0,90.0,1.0,6.091954022988506,0.03333333333333333,0.16666666666666666,2.2231333333333336,,,,,,,,,,,,,0.5017810993923308,,,,,,,HOU-TUS,0
2025,1,HOU,TYS,242.75153846153847,55.0,927.9423076923077,280.0,363.0,2.0,2.0,1.0,36.0,0.0,0.5,2.2231333333333336,,,,,,,,,,,,,0.7713498622589532,,,,,,,HOU-TYS,0
2025,1,HOU,VPS,199.9467889908257,118.0,689.7522935779816,2176.0,3449.0,23.0,23.0,1.0,24.869565217391305,0.0,0.34782608695652173,2.2231333333333336,,,,,,,,,,,,,0.6309075094230212,,,,,,,HOU-VPS,0
2025,1,HPN,ATL,253.2966902834008,1448.0,783.080971659919,31267.0,44971.0,488.0,504.0,3.0,21.872689938398356,0.03373015873015873,0.21825396825396826,2.2231333333333336,,,,,,,0.18040542999599665,0.022200385777195474,0.07972794287792138,0.19235893028329643,0.3715323460381475,0.35574939671415823,0.6952702852949678,0.18040542999599665,0.022200385777195474,0.07972794287792138,0.19235893028329643,0.3715323460381475,0.35574939671415823,HPN-ATL,0
2025,1,HPN,LAX,281.40325,125.0,2607.366666666667,151.0,329.0,3.0,0.0,0.0,0.0,0.0,0.0,2.2231333333333336,,,,,,,0.1662822530232157,0.008191243991291414,0.06384287985231527,0.17061212978089035,0.33008563663401874,0.43409495483748084,0.45896656534954405,0.1662822530232157,0.008191243991291414,0.06384287985231527,0.17061212978089035,0.33008563663401874,0.43409495483748084,HPN-LAX,0
2025,1,HPN,SAT,247.52988372093023,91.0,1674.9186046511627,54.0,72.0,1.0,0.0,0.0,0.0,0.0,0.0,2.2231333333333336,,,,,,,,,,,,,0.75,,,,,,,HPN-SAT,0
2025,1,HRL,AEX,289.5,2.0,746.0,3266.0,10115.0,57.0,0.0,0.0,0.0,0.0,0.0,2.2231333333333336,,,,,,,,,,,,,0.3228868017795353,,,,,,,HRL-AEX,0
2025,1,HRL,AUS,118.74261096605744,741.0,291.9608355091384,19288.0,31236.0,238.0,253.0,2.0,3.235294117647059,0.05928853754940711,0.12648221343873517,2.2231333333333336,,,,,,,0.18066105522479983,0.012779716690617943,0.0655739832334086,0.16405824184380596,0.40716516563281335,0.3620476351146755,0.6174926367012421,0.18066105522479983,0.012779716690617943,0.0655739832334086,0.16405824184380596,0.40716516563281335,0.3620476351146755,HRL-AUS,0
2025,1,HRL,BUF,220.255625,16.0,1771.75,24.0,150.0,1.0,0.0,0.0,0.0,0.0,0.0,2.2231333333333336,,,,,,,,,,,,,0.16,,,,,,,HRL-BUF,0
2025,1,HRL,CVG,249.73384615384614,28.0,1431.9615384615386,0.0,0.0,8.0,0.0,0.0,0.0,0.0,0.0,2.2231333333333336,,,,,,,,,,,,,,,,,,,,HRL-CVG,0
2025,1,HRL,DAL,180.87253886010365,571.0,468.6943005181347,10599.0,13179.0,85.0,91.0,1.0,1.9294117647058824,0.06593406593406594,0.08791208791208792,2.2231333333333336,,,,,,,,,,,,,0.8042340086501252,,,,,,,HRL-DAL,1
2025,1,HRL,DEN,206.33895161290323,285.0,1127.7701612903227,148.0,210.0,3.0,0.0,0.0,0.0,0.0,0.0,2.2231333333333336,,,,,,,,,,,,,0.7047619047619048,,,,,,,HRL-DEN,0
2025,1,HRL,DFW,235.56616541353384,348.0,463.1203007518797,22462.0,27214.0,373.0,412.0,2.0,8.403743315508022,0.09466019417475728,0.14805825242718446,2.2231333333333336,,,,,,,0.2062396282774643,0.03747759707932293,0.10718704340430481,0.1903530643250198,0.3470410781655484,0.3542601059847202,0.8253839935327405,0.2062396282774643,0.03747759707932293,0.10718704340430481,0.1903530643250198,0.3470410781655484,0.3542601059847202,HRL-DFW,1
2025,1,HRL,ELP,189.59669014084506,151.0,929.7394366197183,1809.0,4486.0,28.0,0.0,0.0,0.0,0.0,0.0,2.2231333333333336,,,,,,,,,,,,,0.40325456977262597,,,,,,,HRL-ELP,0
2025,1,HRL,EWR,328.4819512195122,42.0,1754.6341463414635,17.0,150.0,1.0,0.0,0.0,0.0,0.0,0.0,2.2231333333333336,,,,,,,,,,,,,0.11333333333333333,,,,,,,HRL-EWR,0
2025,1,HRL,FAR,326.9548148148148,27.0,1525.037037037037,0.0,183.0,1.0,0.0,0.0,0.0,0.0,0.0,2.2231333333333336,,,,,,,,,,,,,0.0,,,,,,,HRL-FAR,0
2025,1,HRL,FLL,214.9094520547945,78.0,1333.7260273972602,0.0,357.0,2.0,0.0,0.0,0.0,0.0,0.0,2.2231333333333336,,,,,,,,,,,,,0.0,,,,,,,HRL-FLL,0
2025,1,HRL,GRK,362.0,1.0,595.0,0.0,220.0,1.0,0.0,0.0,0.0,0.0,0.0,2.2231333333333336,,,,,,,,,,,,,0.0,,,,,,,HRL-GRK,0
2025,1,HRL,HOU,141.97964968152866,1045.0,286.97452229299364,32960.0,45154.0,292.0,303.0,1.0,3.9125874125874125,0.056105610561056105,0.10231023102310231,2.2231333333333336,,,,,,,,,,,,,0.7299464056340523,,,,,,,HRL-HOU,0
2025,1,HRL,IAH,184.89897260273972,252.0,303.1027397260274,14305.0,19696.0,360.0,370.0,3.0,7.807580174927113,0.07567567567567568,0.11621621621621622,2.2231333333333336,,,,,,,0.16850534248952576,0.02717108362049731,0.06321467851469073,0.21375131175937725,0.3868472966603237,0.33570759355923724,0.7262896019496344,0.16850534248952576,0.02717108362049731,0.06321467851469073,0.21375131175937725,0.3868472966603237,0.33570759355923724,HRL-IAH,0
2025,1,HRL,JFK,223.48947368421054,21.0,1948.421052631579,0.0,183.0,1.0,0.0,0.0,0.0,0.0,0.0,2.2231333333333336,,,,,,,,,,,,,0.0,,,,,,,HRL-JFK,0
2025,1,HRL,LAX,237.30391304347825,328.0,1641.6521739130435,0.0,496.0,4.0,0.0,0.0,0.0,0.0,0.0,2.2231333333333336,,,,,,,0.1662822530232157,0.008191243991291414,0.06384287985231527,0.17061212978089035,0.33008563663401874,0.43409495483748084,0.0,0.1662822530232157,0.008191243991291414,0.06384287985231527,0.17061212978089035,0.33008563663401874,0.43409495483748084,HRL-LAX,0
2025,1,HRL,MCI,180.152700729927,162.0,935.5401459854014,44.0,174.0,1.0,0.0,0.0,0.0,0.0,0.0,2.2231333333333336,,,,,,,,,,,,,0.25287356321839083,,,,,,,HRL-MCI,0
2025,1,HRL,MDT,443.3375,4.0,1761.5,17.0,150.0,1.0,0.0,0.0,0.0,0.0,0.0,2.2231333333333336,,,,,,,,,,,,,0.11333333333333333,,,,,,,HRL-MDT,0
2025,1,HRL,MEM,193.41837209302324,45.0,861.8604651162791,0.0,0.0,47.0,0.0,0.0,0.0,0.0,0.0,2.2231333333333336,,,,,,,,,,,,,,,,,,,,HRL-MEM,0
2025,1,HRL,MIA,214.4716129032258,70.0,1430.4193548387098,88.0,1556.0,9.0,0.0,0.0,0.0,0.0,0.0,2.2231333333333336,,,,,,,,,,,,,0.056555269922879174,,,,,,,HRL-MIA,0
2025,1,HRL,MSP,206.5951754385965,1862.0,1322.1964912280703,19239.0,22634.0,133.0,0.0,0.0,0.0,0.0,0.0,2.2231333333333336,,,,,,,,,,,,,0.8500044181320138,,,,,,,HRL-MSP,1
2025,1,HRL,MSY,191.74466165413534,159.0,675.1052631578947,62.0,70.0,1.0,0.0,0.0,0.0,0.0,0.0,2.2231333333333336,,,,,,,,,,,,,0.8857142857142857,,,,,,,HRL-MSY,1
2025,1,HRL,ORD,237.18802139037436,218.0,1267.8235294117646,163.0,228.0,3.0,0.0,0.0,0.0,0.0,0.0,2.2231333333333336,,,,,,,,,,,,,0.7149122807017544,,,,,,,HRL-ORD,0
2025,1,HRL,ORF,270.68928571428575,31.0,1699.642857142857,0.0,180.0,1.0,0.0,0.0,0.0,0.0,0.0,2.2231333333333336,,,,,,,,,,,,,0.0,,,,,,,HRL-ORF,0
2025,1,HRL,PBG,342.0,1.0,2106.0,7.0,242.0,2.0,0.0,0.0,0.0,0.0,0.0,2.2231333333333336,,,,,,,,,,,,,0.028925619834710745,,,,,,,HRL-PBG,0
2025,1,HRL,PDX,277.0546153846154,27.0,2158.8076923076924,46.0,186.0,1.0,0.0,0.0,0.0,0.0,0.0,2.2231333333333336,,,,,,,,,,,,,0.24731182795698925,,,,,,,HRL-PDX,0
2025,1,HRL,PHL,236.81234042553191,49.0,1827.4468085106382,0.0,150.0,1.0,0.0,0.0,0.0,0.0,0.0,2.2231333333333336,,,,,,,,,,,,,0.0,,,,,,,HRL-PHL,0
2025,1,HRL,RDU,208.72543859649124,61.0,1513.4736842105262,0.0,300.0,2.0,0.0,0.0,0.0,0.0,0.0,2.2231333333333336,,,,,,,,,,,,,0.0,,,,,,,HRL-RDU,0
2025,1,HRL,RIC,273.1223076923077,14.0,1629.3846153846155,63.0,474.0,3.0,0.0,0.0,0.0,0.0,0.0,2.2231333333333336,,,,,,,,,,,,,0.13291139240506328,,,,,,,HRL-RIC,0
2025,1,HRL,SAN,231.19811111111113,190.0,1585.588888888889,192.0,3818.0,22.0,0.0,0.0,0.0,0.0,0.0,2.2231333333333336,,,,,,,0.20884454631252528,0.010516381286234326,0.06662806664762747,0.26037408113045896,0.37705046300462025,0.2940969356018669,0.05028810895756941,0.20884454631252528,0.010516381286234326,0.06662806664762747,0.26037408113045896,0.37705046300462025,0.2940969356018669,HRL-SAN,0
2025,1,HRL,SAT,149.49535211267604,89.0,471.15492957746477,178.0,925.0,17.0,0.0,0.0,0.0,0.0,0.0,2.2231333333333336,,,,,,,,,,,,,0.19243243243243244,,,,,,,HRL-SAT,0
2025,1,HRL,SBN,261.75,14.0,1469.2857142857142,0.0,150.0,1.0,0.0,0.0,0.0,0.0,0.0,2.2231333333333336,,,,,,,,,,,,,0.0,,,,,,,HRL-SBN,0
2025,1,HRL,SDF,234.48785714285714,30.0,1162.607142857143,0.0,150.0,1.0,0.0,0.0,0.0,0.0,0.0,2.2231333333333336,,,,,,,,,,,,,0.0,,,,,,,HRL-SDF,0
2025,1,HRL,TUS,204.7402702702703,37.0,1288.4864864864865,21.0,540.0,3.0,0.0,0.0,0.0,0.0,0.0,2.2231333333333336,,,,,,,,,,,,,0.03888888888888889,,,,,,,HRL-TUS,0
2025,1,HRL,YUM,430.685,4.0,1483.0,90.0,150.0,1.0,0.0,0.0,0.0,0.0,0.0,2.2231333333333336,,,,,,,,,,,,,0.6,,,,,,,HRL-YUM,0
2025,1,HSV,ATL,263.2068852459017,151.0,151.0,60660.0,74296.0,642.0,654.0,2.0,8.27145085803432,0.019877675840978593,0.14678899082568808,2.2231333333333336,,,,,,,0.18040542999599665,0.022200385777195474,0.07972794287792138,0.19235893028329643,0.3715323460381475,0.35574939671415823,0.8164638742327985,0.18040542999599665,0.022200385777195474,0.07972794287792138,0.19235893028329643,0.3715323460381475,0.35574939671415823,HSV-ATL,1
2025,1,HSV,DFW,404.1255863539445,645.0,631.6119402985074,30202.0,38437.0,505.0,540.0,2.0,20.6990099009901,0.06481481481481481,0.24074074074074073,2.2231333333333336,,,,,,,0.2062396282774643,0.03747759707932293,0.10718704340430481,0.1903530643250198,0.3470410781655484,0.3542601059847202,0.7857533106121706,0.2062396282774643,0.03747759707932293,0.10718704340430481,0.1903530643250198,0.3470410781655484,0.3542601059847202,HSV-DFW,0
2025,1,HSV,IAH,270.1491644908616,560.0,630.7806788511749,13395.0,15900.0,318.0,320.0,1.0,8.540192926045016,0.028125,0.121875,2.2231333333333336,,,,,,,0.16850534248952576,0.02717108362049731,0.06321467851469073,0.21375131175937725,0.3868472966603237,0.33570759355923724,0.8424528301886792,0.16850534248952576,0.02717108362049731,0.06321467851469073,0.21375131175937725,0.3868472966603237,0.33570759355923724,HSV-IAH,1
2025,1,HSV,LBB,263.875,20.0,893.4,0.0,50.0,1.0,0.0,0.0,0.0,0.0,0.0,2.2231333333333336,,,,,,,,,,,,,0.0,,,,,,,HSV-LBB,0
2025,1,HVN,ATL,85.95811518324608,628.0,823.0,6096.0,7741.0,49.0,0.0,0.0,0.0,0.0,0.0,2.2231333333333336,,,,,,,0.18040542999599665,0.022200385777195474,0.07972794287792138,0.19235893028329643,0.3715323460381475,0.35574939671415823,0.7874951556646428,0.18040542999599665,0.022200385777195474,0.07972794287792138,0.19235893028329643,0.3715323460381475,0.35574939671415823,HVN-ATL,0
2025,1,HVN,DFW,90.13095238095238,95.0,1447.0,894.0,1512.0,8.0,0.0,0.0,0.0,0.0,0.0,2.2231333333333336,,,,,,,0.2062396282774643,0.03747759707932293,0.10718704340430481,0.1903530643250198,0.3470410781655484,0.3542601059847202,0.5912698412698413,0.2062396282774643,0.03747759707932293,0.10718704340430481,0.1903530643250198,0.3470410781655484,0.3542601059847202,HVN-DFW,0
2025,1,HVN,HOU,105.35772357723577,255.0,1489.0,2588.0,4336.0,24.0,0.0,0.0,0.0,0.0,0.0,2.2231333333333336,,,,,,,,,,,,,0.5968634686346863,,,,,,,HVN-HOU,0
2025,1,HVN,SAV,71.66216216216216,160.0,780.0,1546.0,2384.0,16.0,0.0,0.0,0.0,0.0,0.0,2.2231333333333336,,,,,,,,,,,,,0.6484899328859061,,,,,,,HVN-SAV,0
2025,1,IAD,ATL,198.57262877442272,4295.0,539.3049141503849,91705.0,127723.0,848.0,858.0,5.0,13.815914489311163,0.018648018648018648,0.2191142191142191,2.2231333333333336,,,,,,,0.18040542999599665,0.022200385777195474,0.07972794287792138,0.19235893028329643,0.3715323460381475,0.35574939671415823,0.7179991074434519,0.18040542999599665,0.022200385777195474,0.07972794287792138,0.19235893028329643,0.3715323460381475,0.35574939671415823,IAD-ATL,0
2025,1,IAD,AUS,391.04763199999996,2009.0,1326.1176,29574.0,35714.0,256.0,260.0,3.0,7.770428015564202,0.011538461538461539,0.12692307692307692,2.2231333333333336,,,,,,,0.18066105522479983,0.012779716690617943,0.0655739832334086,0.16405824184380596,0.40716516563281335,0.3620476351146755,0.8280786246289971,0.18066105522479983,0.012779716690617943,0.0655739832334086,0.16405824184380596,0.40716516563281335,0.3620476351146755,IAD-AUS,1
2025,1,IAD,BUR,278.7774285714286,74.0,2405.2,4.0,13.0,1.0,0.0,0.0,0.0,0.0,0.0,2.2231333333333336,,,,,,,,,,,,,0.3076923076923077,,,,,,,IAD-BUR,0
2025,1,IAD,CLL,365.6983333333333,6.0,1336.0,119.0,126.0,1.0,0.0,0.0,0.0,0.0,0.0,2.2231333333333336,,,,,,,,,,,,,0.9444444444444444,,,,,,,IAD-CLL,1
2025,1,IAD,CRP,337.74764705882353,54.0,1438.1960784313726,12.0,70.0,1.0,0.0,0.0,0.0,0.0,0.0,2.2231333333333336,,,,,,,,,,,,,0.17142857142857143,,,,,,,IAD-CRP,0
2025,1,IAD,DAL,279.40633333333335,30.0,1738.3,108.0,144.0,2.0,0.0,0.0,0.0,0.0,0.0,2.2231333333333336,,,,,,,,,,,,,0.75,,,,,,,IAD-DAL,0
2025,1,IAD,DFW,285.8606527415144,2874.0,1188.2506527415144,50499.0,66599.0,447.0,459.0,3.0,15.997777777777777,0.0196078431372549,0.17429193899782136,2.2231333333333336,,,,,,,0.2062396282774643,0.03747759707932293,0.10718704340430481,0.1903530643250198,0.3470410781655484,0.3542601059847202,0.7582546284478746,0.2062396282774643,0.03747759707932293,0.10718704340430481,0.1903530643250198,0.3470410781655484,0.3542601059847202,IAD-DFW,0
2025,1,IAD,IAH,319.75530577088716,2053.0,1230.399655469423,55364.0,67277.0,401.0,397.0,1.0,8.611253196930946,0.015113350125944584,0.1385390428211587,2.2231333333333336,,,,,,,0.16850534248952576,0.02717108362049731,0.06321467851469073,0.21375131175937725,0.3868472966603237,0.33570759355923724,0.8229261114496782,0.16850534248952576,0.02717108362049731,0.06321467851469073,0.21375131175937725,0.3868472966603237,0.33570759355923724,IAD-IAH,1
2025,1,IAD,LAX,412.0867822966507,6375.0,2320.7332535885166,82521.0,101985.0,509.0,509.0,2.0,11.712871287128714,0.007858546168958742,0.14341846758349705,2.2231333333333336,,,,,,,0.1662822530232157,0.008191243991291414,0.06384287985231527,0.17061212978089035,0.33008563663401874,0.43409495483748084,0.8091484041770849,0.1662822530232157,0.008191243991291414,0.06384287985231527,0.17061212978089035,0.33008563663401874,0.43409495483748084,IAD-LAX,1
2025,1,IAD,OAK,291.5360526315789,42.0,2469.9210526315787,0.0,68.0,1.0,0.0,0.0,0.0,0.0,0.0,2.2231333333333336,,,,,,,,,,,,,0.0,,,,,,,IAD-OAK,0
2025,1,IAD,PSP,409.80622317596567,722.0,2219.3862660944205,8710.0,14826.0,89.0,90.0,1.0,-3.0786516853932584,0.011111111111111112,0.07777777777777778,2.2231333333333336,,,,,,,,,,,,,0.5874814515041143,,,,,,,IAD-PSP,0
2025,1,IAD,SAN,375.84965281430823,4072.0,2276.621251972646,52946.0,78893.0,357.0,360.0,2.0,6.919220055710307,0.002777777777777778,0.1527777777777778,2.2231333333333336,,,,,,,0.20884454631252528,0.010516381286234326,0.06662806664762747,0.26037408113045896,0.37705046300462025,0.2940969356018669,0.6711115054567579,0.20884454631252528,0.010516381286234326,0.06662806664762747,0.26037408113045896,0.37705046300462025,0.2940969356018669,IAD-SAN,0
2025,1,IAD,SAT,307.4084238646482,1600.0,1403.720391807658,21471.0,26003.0,182.0,182.0,2.0,10.955801104972375,0.005494505494505495,0.17032967032967034,2.2231333333333336,,,,,,,,,,,,,0.8257124177979464,,,,,,,IAD-SAT,1
2025,1,IAD,SAV,235.12678571428572,818.0,523.6168831168832,15373.0,20207.0,278.0,285.0,4.0,13.144927536231885,0.031578947368421054,0.16842105263157894,2.2231333333333336,,,,,,,,,,,,,0.7607759687237096,,,,,,,IAD-SAV,0
2025,1,IAD,SFO,515.0270598653914,5738.0,2466.3637973786754,98543.0,128838.0,594.0,592.0,2.0,10.419354838709678,0.005067567567567568,0.17736486486486486,2.2231333333333336,,,,,,,0.22080340516094707,0.00951789778605421,0.04750395680104273,0.43247928498277627,0.2687235825342147,0.25053346988176145,0.7648597463481271,0.22080340516094707,0.00951789778605421,0.04750395680104273,0.43247928498277627,0.2687235825342147,0.25053346988176145,IAD-SFO,0
2025,1,IAD,SJC,276.3877946768061,293.0,2515.9125475285173,1.0,83.0,2.0,0.0,0.0,0.0,0.0,0.0,2.2231333333333336,,,,,,,,,,,,,0.012048192771084338,,,,,,,IAD-SJC,0
2025,1,IAD,SMF,327.52499312242094,1056.0,2429.6973865199448,11198.0,15209.0,89.0,90.0,1.0,13.719101123595506,0.011111111111111112,0.2222222222222222,2.2231333333333336,,,,,,,,,,,,,0.7362745742652377,,,,,,,IAD-SMF,0
2025,1,IAD,SNA,338.4381938325991,238.0,2446.4713656387667,4.0,8.0,1.0,0.0,0.0,0.0,0.0,0.0,2.2231333333333336,,,,,,,,,,,,,0.5,,,,,,,IAD-SNA,0
2025,1,IAH,ABQ,298.2844821092279,706.0,789.7495291902071,21042.0,28760.0,256.0,260.0,4.0,10.11328125,0.019230769230769232,0.21923076923076923,2.2231333333333336,0.16850534248952576,0.02717108362049731,0.06321467851469073,0.21375131175937725,0.3868472966603237,0.33570759355923724,,,,,,,0.7316411682892907,0.16850534248952576,0.02717108362049731,0.06321467851469073,0.21375131175937725,0.3868472966603237,0.33570759355923724,IAH-ABQ,0
2025,1,IAH,AMA,277.1051636363636,361.0,525.8763636363636,8218.0,11348.0,222.0,232.0,2.0,15.669683257918551,0.04741379310344827,0.12931034482758622,2.2231333333333336,0.16850534248952576,0.02717108362049731,0.06321467851469073,0.21375131175937725,0.3868472966603237,0.33570759355923724,,,,,,,0.724180472329926,0.16850534248952576,0.02717108362049731,0.06321467851469073,0.21375131175937725,0.3868472966603237,0.33570759355923724,IAH-AMA,0
2025,1,IAH,ANC,596.0220512820513,503.0,3339.7128205128206,0.0,0.0,2.0,0.0,0.0,0.0,0.0,0.0,2.2231333333333336,0.16850534248952576,0.02717108362049731,0.06321467851469073,0.21375131175937725,0.3868472966603237,0.33570759355923724,,,,,,,,0.16850534248952576,0.02717108362049731,0.06321467851469073,0.21375131175937725,0.3868472966603237,0.33570759355923724,IAH-ANC,0
2025,1,IAH,ASE,425.166288209607,640.0,922.8711790393013,11540.0,16240.0,232.0,264.0,1.0,42.77049180327869,0.07954545454545454,0.38257575757575757,2.2231333333333336,0.16850534248952576,0.02717108362049731,0.06321467851469073,0.21375131175937725,0.3868472966603237,0.33570759355923724,,,,,,,0.7105911330049262,0.16850534248952576,0.02717108362049731,0.06321467851469073,0.21375131175937725,0.3868472966603237,0.33570759355923724,IAH-ASE,0
2025,1,IAH,ATL,215.4271572777597,16504.0,707.6567893194399,303712.0,371644.0,2178.0,1118.0,6.0,13.378328741965106,0.026833631484794274,0.19320214669051877,2.2231333333333336,0.16850534248952576,0.02717108362049731,0.06321467851469073,0.21375131175937725,0.3868472966603237,0.33570759355923724,0.18040542999599665,0.022200385777195474,0.07972794287792138,0.19235893028329643,0.3715323460381475,0.35574939671415823,0.8172121707870973,0.1744553862427612,0.02468573469884639,0.07147131069630605,0.20305512102133683,0.3791898213492356,0.34572849513669773,IAH-ATL,1
2025,1,IAH,AUS,239.00524456521737,540.0,140.0,75791.0,104033.0,726.0,717.0,4.0,11.372521246458923,0.01813110181311018,0.200836820083682,2.2231333333333336,0.16850534248952576,0.02717108362049731,0.06321467851469073,0.21375131175937725,0.3868472966603237,0.33570759355923724,0.18066105522479983,0.012779716690617943,0.0655739832334086,0.16405824184380596,0.40716516563281335,0.3620476351146755,0.7285284477040939,0.17458319885716278,0.019975400155557627,0.06439433087404967,0.18890477680159162,0.3970062311465685,0.3488776143369564,IAH-AUS,0
2025,1,IAH,BDL,279.37298804780875,574.0,1608.5378486055777,114.0,140.0,1.0,0.0,0.0,0.0,0.0,0.0,2.2231333333333336,0.16850534248952576,0.02717108362049731,0.06321467851469073,0.21375131175937725,0.3868472966603237,0.33570759355923724,,,,,,,0.8142857142857143,0.16850534248952576,0.02717108362049731,0.06321467851469073,0.21375131175937725,0.3868472966603237,0.33570759355923724,IAH-BDL,1
2025,1,IAH,BHM,283.00646592709984,807.0,585.6941362916007,17308.0,20638.0,339.0,352.0,3.0,7.231454005934718,0.04261363636363636,0.12215909090909091,2.2231333333333336,0.16850534248952576,0.02717108362049731,0.06321467851469073,0.21375131175937725,0.3868472966603237,0.33570759355923724,,,,,,,0.8386471557321445,0.16850534248952576,0.02717108362049731,0.06321467851469073,0.21375131175937725,0.3868472966603237,0.33570759355923724,IAH-BHM,1
2025,1,IAH,BNA,272.16917263843646,2026.0,689.8188925081433,35756.0,42974.0,415.0,421.0,4.0,12.236585365853658,0.026128266033254157,0.19002375296912113,2.2231333333333336,0.16850534248952576,0.02717108362049731,0.06321467851469073,0.21375131175937725,0.3868472966603237,0.33570759355923724,,,,,,,0.8320379764508773,0.16850534248952576,0.02717108362049731,0.06321467851469073,0.21375131175937725,0.3868472966603237,0.33570759355923724,IAH-BNA,1
2025,1,IAH,BOS,300.4203296250515,4784.0,1635.8660898228266,53213.0,61418.0,377.0,382.0,2.0,13.374005305039788,0.013089005235602094,0.22774869109947643,2.2231333333333336,0.16850534248952576,0.02717108362049731,0.06321467851469073,0.21375131175937725,0.3868472966603237,0.33570759355923724,,,,,,,0.8664072421765606,0.16850534248952576,0.02717108362049731,0.06321467851469073,0.21375131175937725,0.3868472966603237,0.33570759355923724,IAH-BOS,1
2025,1,IAH,BRO,217.6049350649351,196.0,308.31168831168833,14778.0,23121.0,423.0,431.0,2.0,5.8701923076923075,0.03944315545243619,0.10440835266821345,2.2231333333333336,0.16850534248952576,0.02717108362049731,0.06321467851469073,0.21375131175937725,0.3868472966603237,0.33570759355923724,,,,,,,0.6391592059166991,0.16850534248952576,0.02717108362049731,0.06321467851469073,0.21375131175937725,0.3868472966603237,0.33570759355923724,IAH-BRO,0
2025,1,IAH,BTR,268.08793258426965,499.0,253.00898876404494,23480.0,29725.0,479.0,496.0,4.0,11.93305439330544,0.036290322580645164,0.1875,2.2231333333333336,0.16850534248952576,0.02717108362049731,0.06321467851469073,0.21375131175937725,0.3868472966603237,0.33570759355923724,,,,,,,0.7899074852817494,0.16850534248952576,0.02717108362049731,0.06321467851469073,0.21375131175937725,0.3868472966603237,0.33570759355923724,IAH-BTR,0
2025,1,IAH,BWI,193.25065433854905,2679.0,1277.547652916074,35045.0,44133.0,355.0,278.0,3.0,9.294117647058824,0.02158273381294964,0.22661870503597123,2.2231333333333336,0.16850534248952576,0.02717108362049731,0.06321467851469073,0.21375131175937725,0.3868472966603237,0.33570759355923724,,,,,,,0.7940769945392336,0.16850534248952576,0.02717108362049731,0.06321467851469073,0.21375131175937725,0.3868472966603237,0.33570759355923724,IAH-BWI,0
2025,1,IAH,BZN,345.0624927536232,391.0,1501.176811594203,2867.0,3870.0,29.0,29.0,1.0,4.413793103448276,0.0,0.10344827586206896,2.2231333333333336,0.16850534248952576,0.02717108362049731,0.06321467851469073,0.21375131175937725,0.3868472966603237,0.33570759355923724,,,,,,,0.740826873385013,0.16850534248952576,0.02717108362049731,0.06321467851469073,0.21375131175937725,0.3868472966603237,0.33570759355923724,IAH-BZN,0
2025,1,IAH,CAE,280.9766028708134,233.0,1077.6124401913876,0.0,50.0,1.0,0.0,0.0,0.0,0.0,0.0,2.2231333333333336,0.16850534248952576,0.02717108362049731,0.06321467851469073,0.21375131175937725,0.3868472966603237,0.33570759355923724,,,,,,,0.0,0.16850534248952576,0.02717108362049731,0.06321467851469073,0.21375131175937725,0.3868472966603237,0.33570759355923724,IAH-CAE,0
2025,1,IAH,CHO,301.71993055555555,148.0,1254.7291666666667,0.0,126.0,2.0,0.0,0.0,0.0,0.0,0.0,2.2231333333333336,0.16850534248952576,0.02717108362049731,0.06321467851469073,0.21375131175937725,0.3868472966603237,0.33570759355923724,,,,,,,0.0,0.16850534248952576,0.02717108362049731,0.06321467851469073,0.21375131175937725,0.3868472966603237,0.33570759355923724,IAH-CHO,0
2025,1,IAH,CHS,301.77049360146253,658.0,981.6051188299817,9590.0,11051.0,135.0,140.0,3.0,8.051851851851852,0.03571428571428571,0.15714285714285714,2.2231333333333336,0.16850534248952576,0.02717108362049731,0.06321467851469073,0.21375131175937725,0.3868472966603237,0.33570759355923724,,,,,,,0.8677947697040992,0.16850534248952576,0.02717108362049731,0.06321467851469073,0.21375131175937725,0.3868472966603237,0.33570759355923724,IAH-CHS,1
2025,1,IAH,CID,260.4441702127659,240.0,1171.1234042553192,76.0,76.0,1.0,0.0,0.0,0.0,0.0,0.0,2.2231333333333336,0.16850534248952576,0.02717108362049731,0.06321467851469073,0.21375131175937725,0.3868472966603237,0.33570759355923724,,,,,,,1.0,0.16850534248952576,0.02717108362049731,0.06321467851469073,0.21375131175937725,0.3868472966603237,0.33570759355923724,IAH-CID,1
2025,1,IAH,CLE,278.05986679353,1948.0,1178.7383444338725,30589.0,40260.0,263.0,267.0,2.0,4.977011494252873,0.02247191011235955,0.12734082397003746,2.2231333333333336,0.16850534248952576,0.02717108362049731,0.06321467851469073,0.21375131175937725,0.3868472966603237,0.33570759355923724,,,,,,,0.7597863884749131,0.16850534248952576,0.02717108362049731,0.06321467851469073,0.21375131175937725,0.3868472966603237,0.33570759355923724,IAH-CLE,0
2025,1,IAH,CLT,239.24880359978823,4160.0,940.1074642668078,89266.0,119432.0,703.0,727.0,4.0,11.083806818181818,0.03163686382393398,0.17744154057771663,2.2231333333333336,0.16850534248952576,0.02717108362049731,0.06321467851469073,0.21375131175937725,0.3868472966603237,0.33570759355923724,,,,,,,0.7474211266662201,0.16850534248952576,0.02717108362049731,0.06321467851469073,0.21375131175937725,0.3868472966603237,0.33570759355923724,IAH-CLT,0
2025,1,IAH,CMH,335.24668711656443,1044.0,1106.5361963190185,15647.0,19963.0,173.0,174.0,2.0,10.924418604651162,0.011494252873563218,0.14942528735632185,2.2231333333333336,0.16850534248952576,0.02717108362049731,0.06321467851469073,0.21375131175937725,0.3868472966603237,0.33570759355923724,,,,,,,0.7838000300556028,0.16850534248952576,0.02717108362049731,0.06321467851469073,0.21375131175937725,0.3868472966603237,0.33570759355923724,IAH-CMH,0
2025,1,IAH,COS,263.13279373368147,452.0,837.798955613577,9617.0,11991.0,158.0,153.0,3.0,16.092105263157894,0.006535947712418301,0.22875816993464052,2.2231333333333336,0.16850534248952576,0.02717108362049731,0.06321467851469073,0.21375131175937725,0.3868472966603237,0.33570759355923724,,,,,,,0.8020181803018931,0.16850534248952576,0.02717108362049731,0.06321467851469073,0.21375131175937725,0.3868472966603237,0.33570759355923724,IAH-COS,1
2025,1,IAH,CRP,225.5967515923567,194.0,201.0,25859.0,34258.0,582.0,591.0,3.0,12.512998266897746,0.025380710659898477,0.18104906937394247,2.2231333333333336,0.16850534248952576,0.02717108362049731,0.06321467851469073,0.21375131175937725,0.3868472966603237,0.33570759355923724,,,,,,,0.7548309883822757,0.16850534248952576,0.02717108362049731,0.06321467851469073,0.21375131175937725,0.3868472966603237,0.33570759355923724,IAH-CRP,0
2025,1,IAH,CVG,268.88445081967217,1594.0,967.5508196721312,19192.0,22829.0,373.0,224.0,2.0,7.334862385321101,0.026785714285714284,0.17857142857142858,2.2231333333333336,0.16850534248952576,0.02717108362049731,0.06321467851469073,0.21375131175937725,0.3868472966603237,0.33570759355923724,,,,,,,0.8406850935213982,0.16850534248952576,0.02717108362049731,0.06321467851469073,0.21375131175937725,0.3868472966603237,0.33570759355923724,IAH-CVG,1
2025,1,IAH,DCA,321.33007398273736,3474.0,1240.4870530209619,57147.0,75273.0,563.0,593.0,2.0,15.003502626970228,0.0387858347386172,0.24451939291736932,2.2231333333333336,0.16850534248952576,0.02717108362049731,0.06321467851469073,0.21375131175937725,0.3868472966603237,0.33570759355923724,,,,,,,0.759196524650273,0.16850534248952576,0.02717108362049731,0.06321467851469073,0.21375131175937725,0.3868472966603237,0.33570759355923724,IAH-DCA,0
2025,1,IAH,DEN,282.4896131171702,7892.0,901.5055268975682,201154.0,227530.0,1093.0,1086.0,2.0,11.398130841121496,0.01565377532228361,0.2007366482504604,2.2231333333333336,0.16850534248952576,0.02717108362049731,0.06321467851469073,0.21375131175937725,0.3868472966603237,0.33570759355923724,,,,,,,0.8840768250340615,0.16850534248952576,0.02717108362049731,0.06321467851469073,0.21375131175937725,0.3868472966603237,0.33570759355923724,IAH-DEN,1
2025,1,IAH,DFW,199.08832765957447,4461.0,224.72936170212765,156615.0,219213.0,1748.0,1688.0,7.0,21.74767513949163,0.04443127962085308,0.20853080568720378,2.2231333333333336,0.16850534248952576,0.02717108362049731,0.06321467851469073,0.21375131175937725,0.3868472966603237,0.33570759355923724,0.2062396282774643,0.03747759707932293,0.10718704340430481,0.1903530643250198,0.3470410781655484,0.3542601059847202,0.7144421179400857,0.18737248538349505,0.03232434034991012,0.08520086095949778,0.20205218804219854,0.36694418741293605,0.3449838497719787,IAH-DFW,0
2025,1,IAH,DSM,260.2396118299446,627.0,877.6672828096118,14689.0,16851.0,173.0,180.0,2.0,8.658959537572255,0.03888888888888889,0.18333333333333332,2.2231333333333336,0.16850534248952576,0.02717108362049731,0.06321467851469073,0.21375131175937725,0.3868472966603237,0.33570759355923724,,,,,,,0.8716990089608925,0.16850534248952576,0.02717108362049731,0.06321467851469073,0.21375131175937725,0.3868472966603237,0.33570759355923724,IAH-DSM,1
2025,1,IAH,DTW,228.0960258548791,5226.0,1123.7381150959134,73833.0,93994.0,680.0,688.0,4.0,8.85693215339233,0.014534883720930232,0.17587209302325582,2.2231333333333336,0.16850534248952576,0.02717108362049731,0.06321467851469073,0.21375131175937725,0.3868472966603237,0.33570759355923724,,,,,,,0.7855075855905697,0.16850534248952576,0.02717108362049731,0.06321467851469073,0.21375131175937725,0.3868472966603237,0.33570759355923724,IAH-DTW,0
2025,1,IAH,ECP,265.060146627566,421.0,587.9560117302053,13429.0,17234.0,282.0,289.0,3.0,15.442857142857143,0.03460207612456748,0.21107266435986158,2.2231333333333336,0.16850534248952576,0.02717108362049731,0.06321467851469073,0.21375131175937725,0.3868472966603237,0.33570759355923724,,,,,,,0.7792155042358129,0.16850534248952576,0.02717108362049731,0.06321467851469073,0.21375131175937725,0.3868472966603237,0.33570759355923724,IAH-ECP,0
2025,1,IAH,EGE,430.1209913793104,670.0,949.1745689655172,9414.0,12600.0,100.0,101.0,1.0,8.1,0.009900990099009901,0.2376237623762376,2.2231333333333336,0.16850534248952576,0.02717108362049731,0.06321467851469073,0.21375131175937725,0.3868472966603237,0.33570759355923724,,,,,,,0.7471428571428571,0.16850534248952576,0.02717108362049731,0.06321467851469073,0.21375131175937725,0.3868472966603237,0.33570759355923724,IAH-EGE,0
2025,1,IAH,ELP,232.2331205673759,820.0,680.2748226950355,28401.0,37240.0,511.0,518.0,3.0,13.346456692913385,0.021235521235521235,0.17374517374517376,2.2231333333333336,0.16850534248952576,0.02717108362049731,0.06321467851469073,0.21375131175937725,0.3868472966603237,0.33570759355923724,,,,,,,0.7626476906552094,0.16850534248952576,0.02717108362049731,0.06321467851469073,0.21375131175937725,0.3868472966603237,0.33570759355923724,IAH-ELP,0
2025,1,IAH,EWR,300.91169631093544,8005.0,1432.268115942029,143984.0,169411.0,919.0,940.0,2.0,10.772826086956522,0.02127659574468085,0.20851063829787234,2.2231333333333336,0.16850534248952576,0.02717108362049731,0.06321467851469073,0.21375131175937725,0.3868472966603237,0.33570759355923724,,,,,,,0.8499093919521165,0.16850534248952576,0.02717108362049731,0.06321467851469073,0.21375131175937725,0.3868472966603237,0.33570759355923724,IAH-EWR,1
2025,1,IAH,EYW,292.90198795180726,194.0,1005.9638554216867,3651.0,4484.0,59.0,62.0,1.0,5.131147540983607,0.03225806451612903,0.0967741935483871,2.2231333333333336,0.16850534248952576,0.02717108362049731,0.06321467851469073,0.21375131175937725,0.3868472966603237,0.33570759355923724,,,,,,,0.814228367528992,0.16850534248952576,0.02717108362049731,0.06321467851469073,0.21375131175937725,0.3868472966603237,0.33570759355923724,IAH-EYW,1
2025,1,IAH,FAT,341.51044,522.0,1628.46,0.0,100.0,2.0,0.0,0.0,0.0,0.0,0.0,2.2231333333333336,0.16850534248952576,0.02717108362049731,0.06321467851469073,0.21375131175937725,0.3868472966603237,0.33570759355923724,,,,,,,0.0,0.16850534248952576,0.02717108362049731,0.06321467851469073,0.21375131175937725,0.3868472966603237,0.33570759355923724,IAH-FAT,0
2025,1,IAH,FLL,218.03026246719162,5106.0,987.8845144356956,93743.0,119302.0,668.0,681.0,2.0,11.581464872944693,0.01762114537444934,0.19970631424375918,2.2231333333333336,0.16850534248952576,0.02717108362049731,0.06321467851469073,0.21375131175937725,0.3868472966603237,0.33570759355923724,,,,,,,0.7857621833665823,0.16850534248952576,0.02717108362049731,0.06321467851469073,0.21375131175937725,0.3868472966603237,0.33570759355923724,IAH-FLL,0
2025,1,IAH,GJT,317.9171755725191,140.0,1121.648854961832,55.0,496.0,7.0,0.0,0.0,0.0,0.0,0.0,2.2231333333333336,0.16850534248952576,0.02717108362049731,0.06321467851469073,0.21375131175937725,0.3868472966603237,0.33570759355923724,,,,,,,0.11088709677419355,0.16850534248952576,0.02717108362049731,0.06321467851469073,0.21375131175937725,0.3868472966603237,0.33570759355923724,IAH-GJT,0
2025,1,IAH,GPT,252.08222826086956,257.0,397.7173913043478,10724.0,12250.0,245.0,247.0,1.0,15.199170124481327,0.032388663967611336,0.17408906882591094,2.2231333333333336,0.16850534248952576,0.02717108362049731,0.06321467851469073,0.21375131175937725,0.3868472966603237,0.33570759355923724,,,,,,,0.8754285714285714,0.16850534248952576,0.02717108362049731,0.06321467851469073,0.21375131175937725,0.3868472966603237,0.33570759355923724,IAH-GPT,1
2025,1,IAH,GRR,268.0681992337165,554.0,1142.984674329502,5051.0,6262.0,85.0,90.0,1.0,7.406976744186046,0.044444444444444446,0.15555555555555556,2.2231333333333336,0.16850534248952576,0.02717108362049731,0.06321467851469073,0.21375131175937725,0.3868472966603237,0.33570759355923724,,,,,,,0.8066113062919195,0.16850534248952576,0.02717108362049731,0.06321467851469073,0.21375131175937725,0.3868472966603237,0.33570759355923724,IAH-GRR,1
2025,1,IAH,GSP,259.3156420233463,648.0,920.1634241245137,9697.0,13269.0,108.0,108.0,2.0,22.16822429906542,0.009259259259259259,0.39814814814814814,2.2231333333333336,0.16850534248952576,0.02717108362049731,0.06321467851469073,0.21375131175937725,0.3868472966603237,0.33570759355923724,,,,,,,0.7308011153817168,0.16850534248952576,0.02717108362049731,0.06321467851469073,0.21375131175937725,0.3868472966603237,0.33570759355923724,IAH-GSP,0
2025,1,IAH,GTR,266.72727272727275,11.0,930.0,0.0,75.0,1.0,0.0,0.0,0.0,0.0,0.0,2.2231333333333336,0.16850534248952576,0.02717108362049731,0.06321467851469073,0.21375131175937725,0.3868472966603237,0.33570759355923724,,,,,,,0.0,0.16850534248952576,0.02717108362049731,0.06321467851469073,0.21375131175937725,0.3868472966603237,0.33570759355923724,IAH-GTR,0
2025,1,IAH,GUC,333.43603864734297,275.0,905.8454106280193,3783.0,5536.0,73.0,76.0,1.0,9.36,0.013157894736842105,0.19736842105263158,2.2231333333333336,0.16850534248952576,0.02717108362049731,0.06321467851469073,0.21375131175937725,0.3868472966603237,0.33570759355923724,,,,,,,0.6833453757225434,0.16850534248952576,0.02717108362049731,0.06321467851469073,0.21375131175937725,0.3868472966603237,0.33570759355923724,IAH-GUC,0
2025,1,IAH,HDN,350.2324146981627,465.0,1014.3805774278215,4929.0,6538.0,82.0,88.0,3.0,4.941860465116279,0.022727272727272728,0.125,2.2231333333333336,0.16850534248952576,0.02717108362049731,0.06321467851469073,0.21375131175937725,0.3868472966603237,0.33570759355923724,,,,,,,0.7539002753135515,0.16850534248952576,0.02717108362049731,0.06321467851469073,0.21375131175937725,0.3868472966603237,0.33570759355923724,IAH-HDN,0
2025,1,IAH,HNL,664.3773053152039,1113.0,4064.3757725587143,24465.0,32364.0,89.0,90.0,1.0,22.730337078651687,0.011111111111111112,0.45555555555555555,2.2231333333333336,0.16850534248952576,0.02717108362049731,0.06321467851469073,0.21375131175937725,0.3868472966603237,0.33570759355923724,,,,,,,0.7559325176121616,0.16850534248952576,0.02717108362049731,0.06321467851469073,0.21375131175937725,0.3868472966603237,0.33570759355923724,IAH-HNL,0
2025,1,IAH,HOB,203.52867924528303,126.0,509.2641509433962,3111.0,4250.0,85.0,90.0,1.0,30.741176470588236,0.06666666666666667,0.18888888888888888,2.2231333333333336,0.16850534248952576,0.02717108362049731,0.06321467851469073,0.21375131175937725,0.3868472966603237,0.33570759355923724,,,,,,,0.732,0.16850534248952576,0.02717108362049731,0.06321467851469073,0.21375131175937725,0.3868472966603237,0.33570759355923724,IAH-HOB,0
2025,1,IAH,HRL,161.33471014492753,247.0,295.09420289855075,13023.0,18868.0,354.0,370.0,3.0,11.502906976744185,0.07027027027027027,0.14324324324324325,2.2231333333333336,0.16850534248952576,0.02717108362049731,0.06321467851469073,0.21375131175937725,0.3868472966603237,0.33570759355923724,,,,,,,0.6902162391350435,0.16850534248952576,0.02717108362049731,0.06321467851469073,0.21375131175937725,0.3868472966603237,0.33570759355923724,IAH-HRL,0
2025,1,IAH,HSV,265.15123425692695,576.0,635.6120906801008,13246.0,16050.0,321.0,321.0,1.0,7.76038338658147,0.028037383177570093,0.16199376947040497,2.2231333333333336,0.16850534248952576,0.02717108362049731,0.06321467851469073,0.21375131175937725,0.3868472966603237,0.33570759355923724,,,,,,,0.8252959501557633,0.16850534248952576,0.02717108362049731,0.06321467851469073,0.21375131175937725,0.3868472966603237,0.33570759355923724,IAH-HSV,1
2025,1,IAH,IAD,323.27948868398994,2072.0,1239.393126571668,56654.0,68658.0,412.0,399.0,1.0,10.497448979591837,0.017543859649122806,0.20551378446115287,2.2231333333333336,0.16850534248952576,0.02717108362049731,0.06321467851469073,0.21375131175937725,0.3868472966603237,0.33570759355923724,,,,,,,0.8251623991377552,0.16850534248952576,0.02717108362049731,0.06321467851469073,0.21375131175937725,0.3868472966603237,0.33570759355923724,IAH-IAD,1
2025,1,IAH,ICT,257.9608764940239,605.0,545.7808764940239,17688.0,21380.0,332.0,349.0,3.0,13.228915662650602,0.04871060171919771,0.1977077363896848,2.2231333333333336,0.16850534248952576,0.02717108362049731,0.06321467851469073,0.21375131175937725,0.3868472966603237,0.33570759355923724,,,,,,,0.8273152478952291,0.16850534248952576,0.02717108362049731,0.06321467851469073,0.21375131175937725,0.3868472966603237,0.33570759355923724,IAH-ICT,1
2025,1,IAH,IND,289.5512630579297,1410.0,899.7739791073125,27278.0,35009.0,359.0,315.0,3.0,7.928571428571429,0.022222222222222223,0.1492063492063492,2.2231333333333336,0.16850534248952576,0.02717108362049731,0.06321467851469073,0.21375131175937725,0.3868472966603237,0.33570759355923724,,,,,,,0.7791710702962096,0.16850534248952576,0.02717108362049731,0.06321467851469073,0.21375131175937725,0.3868472966603237,0.33570759355923724,IAH-IND,0
2025,1,IAH,JAC,387.5414832535885,225.0,1296.8325358851675,2136.0,3654.0,29.0,29.0,1.0,7.448275862068965,0.0,0.06896551724137931,2.2231333333333336,0.16850534248952576,0.02717108362049731,0.06321467851469073,0.21375131175937725,0.3868472966603237,0.33570759355923724,,,,,,,0.5845648604269293,0.16850534248952576,0.02717108362049731,0.06321467851469073,0.21375131175937725,0.3868472966603237,0.33570759355923724,IAH-JAC,0
2025,1,IAH,JAN,257.87369918699187,369.0,396.5934959349593,14189.0,15939.0,316.0,326.0,1.0,6.680511182108626,0.04294478527607362,0.10429447852760736,2.2231333333333336,0.16850534248952576,0.02717108362049731,0.06321467851469073,0.21375131175937725,0.3868472966603237,0.33570759355923724,,,,,,,0.8902064119455424,0.16850534248952576,0.02717108362049731,0.06321467851469073,0.21375131175937725,0.3868472966603237,0.33570759355923724,IAH-JAN,1
2025,1,IAH,JAX,335.24569560047564,1102.0,855.9988109393579,25186.0,32544.0,261.0,264.0,2.0,7.980694980694981,0.01893939393939394,0.17424242424242425,2.2231333333333336,0.16850534248952576,0.02717108362049731,0.06321467851469073,0.21375131175937725,0.3868472966603237,0.33570759355923724,,,,,,,0.7739060963618486,0.16850534248952576,0.02717108362049731,0.06321467851469073,0.21375131175937725,0.3868472966603237,0.33570759355923724,IAH-JAX,0
2025,1,IAH,JFK,209.01178048780488,864.0,1474.4536585365854,8269.0,9882.0,70.0,71.0,1.0,29.309859154929576,0.0,0.39436619718309857,2.2231333333333336,0.16850534248952576,0.02717108362049731,0.06321467851469073,0.21375131175937725,0.3868472966603237,0.33570759355923724,,,,,,,0.8367739324023477,0.16850534248952576,0.02717108362049731,0.06321467851469073,0.21375131175937725,0.3868472966603237,0.33570759355923724,IAH-JFK,1
2025,1,IAH,LAS,277.6008329879818,8137.0,1251.5793617903025,130314.0,170998.0,929.0,944.0,3.0,10.281720430107526,0.01694915254237288,0.17584745762711865,2.2231333333333336,0.16850534248952576,0.02717108362049731,0.06321467851469073,0.21375131175937725,0.3868472966603237,0.33570759355923724,,,,,,,0.7620790886443116,0.16850534248952576,0.02717108362049731,0.06321467851469073,0.21375131175937725,0.3868472966603237,0.33570759355923724,IAH-LAS,0
2025,1,IAH,LAX,244.76489865829288,20402.0,1399.7639166428776,369526.0,445922.0,2642.0,1336.0,5.0,7.416286149162861,0.01721556886227545,0.15269461077844312,2.2231333333333336,0.16850534248952576,0.02717108362049731,0.06321467851469073,0.21375131175937725,0.3868472966603237,0.33570759355923724,0.1662822530232157,0.008191243991291414,0.06384287985231527,0.17061212978089035,0.33008563663401874,0.43409495483748084,0.8286785581334852,0.16739379775637073,0.01768116380589436,0.063528779183503,0.1921817207701338,0.3584664666471712,0.38490127419835907,IAH-LAX,1
2025,1,IAH,LBB,241.85527522935777,625.0,472.92660550458714,10454.0,11775.0,235.0,236.0,1.0,8.830434782608696,0.025423728813559324,0.1694915254237288,2.2231333333333336,0.16850534248952576,0.02717108362049731,0.06321467851469073,0.21375131175937725,0.3868472966603237,0.33570759355923724,,,,,,,0.8878131634819533,0.16850534248952576,0.02717108362049731,0.06321467851469073,0.21375131175937725,0.3868472966603237,0.33570759355923724,IAH-LBB,1
2025,1,IAH,LCH,186.33999999999997,22.0,127.0,6727.0,8515.0,170.0,171.0,2.0,24.072289156626507,0.029239766081871343,0.19883040935672514,2.2231333333333336,0.16850534248952576,0.02717108362049731,0.06321467851469073,0.21375131175937725,0.3868472966603237,0.33570759355923724,,,,,,,0.7900176159718144,0.16850534248952576,0.02717108362049731,0.06321467851469073,0.21375131175937725,0.3868472966603237,0.33570759355923724,IAH-LCH,0
2025,1,IAH,LFT,243.8293181818182,151.0,201.0,19006.0,24604.0,435.0,444.0,3.0,5.874418604651162,0.03153153153153153,0.1463963963963964,2.2231333333333336,0.16850534248952576,0.02717108362049731,0.06321467851469073,0.21375131175937725,0.3868472966603237,0.33570759355923724,,,,,,,0.7724760201593237,0.16850534248952576,0.02717108362049731,0.06321467851469073,0.21375131175937725,0.3868472966603237,0.33570759355923724,IAH-LFT,0
2025,1,IAH,LGA,271.81153157512705,9833.0,1429.6668279699975,114009.0,140204.0,1086.0,1124.0,5.0,15.425959780621572,0.028469750889679714,0.23220640569395018,2.2231333333333336,0.16850534248952576,0.02717108362049731,0.06321467851469073,0.21375131175937725,0.3868472966603237,0.33570759355923724,,,,,,,0.8131651022795355,0.16850534248952576,0.02717108362049731,0.06321467851469073,0.21375131175937725,0.3868472966603237,0.33570759355923724,IAH-LGA,1
2025,1,IAH,LIT,228.5000727272727,627.0,388.28,18477.0,23714.0,382.0,390.0,3.0,8.384615384615385,0.03333333333333333,0.1717948717948718,2.2231333333333336,0.16850534248952576,0.02717108362049731,0.06321467851469073,0.21375131175937725,0.3868472966603237,0.33570759355923724,,,,,,,0.7791599898793962,0.16850534248952576,0.02717108362049731,0.06321467851469073,0.21375131175937725,0.3868472966603237,0.33570759355923724,IAH-LIT,0
2025,1,IAH,LNK,323.0121951219512,42.0,1310.8536585365853,0.0,150.0,3.0,0.0,0.0,0.0,0.0,0.0,2.2231333333333336,0.16850534248952576,0.02717108362049731,0.06321467851469073,0.21375131175937725,0.3868472966603237,0.33570759355923724,,,,,,,0.0,0.16850534248952576,0.02717108362049731,0.06321467851469073,0.21375131175937725,0.3868472966603237,0.33570759355923724,IAH-LNK,0
2025,1,IAH,LRD,242.77385826771652,189.0,322.18110236220474,9049.0,13400.0,284.0,271.0,1.0,14.556390977443609,0.02214022140221402,0.14760147601476015,2.2231333333333336,0.16850534248952576,0.02717108362049731,0.06321467851469073,0.21375131175937725,0.3868472966603237,0.33570759355923724,,,,,,,0.6752985074626866,0.16850534248952576,0.02717108362049731,0.06321467851469073,0.21375131175937725,0.3868472966603237,0.33570759355923724,IAH-LRD,0
2025,1,IAH,MAF,330.89267441860466,1649.0,430.8542635658915,33472.0,43486.0,559.0,570.0,4.0,10.654121863799283,0.02280701754385965,0.19824561403508772,2.2231333333333336,0.16850534248952576,0.02717108362049731,0.06321467851469073,0.21375131175937725,0.3868472966603237,0.33570759355923724,,,,,,,0.7697189900197765,0.16850534248952576,0.02717108362049731,0.06321467851469073,0.21375131175937725,0.3868472966603237,0.33570759355923724,IAH-MAF,0
2025,1,IAH,MBS,286.8861111111111,76.0,1175.6944444444443,0.0,70.0,1.0,0.0,0.0,0.0,0.0,0.0,2.2231333333333336,0.16850534248952576,0.02717108362049731,0.06321467851469073,0.21375131175937725,0.3868472966603237,0.33570759355923724,,,,,,,0.0,0.16850534248952576,0.02717108362049731,0.06321467851469073,0.21375131175937725,0.3868472966603237,0.33570759355923724,IAH-MBS,0
2025,1,IAH,MCI,299.610362400906,1145.0,669.5979614949038,28497.0,35184.0,354.0,366.0,3.0,8.584045584045585,0.04371584699453552,0.14754098360655737,2.2231333333333336,0.16850534248952576,0.02717108362049731,0.06321467851469073,0.21375131175937725,0.3868472966603237,0.33570759355923724,,,,,,,0.8099420190995907,0.16850534248952576,0.02717108362049731,0.06321467851469073,0.21375131175937725,0.3868472966603237,0.33570759355923724,IAH-MCI,1
2025,1,IAH,MCO,229.2879878267096,8066.0,881.2753311851056,135217.0,162163.0,843.0,857.0,3.0,16.515402843601894,0.01633605600933489,0.22870478413068845,2.2231333333333336,0.16850534248952576,0.02717108362049731,0.06321467851469073,0.21375131175937725,0.3868472966603237,0.33570759355923724,,,,,,,0.8338338585250643,0.16850534248952576,0.02717108362049731,0.06321467851469073,0.21375131175937725,0.3868472966603237,0.33570759355923724,IAH-MCO,1
2025,1,IAH,MDW,125.11573705179282,465.0,977.5498007968127,4858.0,8184.0,44.0,45.0,1.0,25.0,0.022222222222222223,0.3111111111111111,2.2231333333333336,0.16850534248952576,0.02717108362049731,0.06321467851469073,0.21375131175937725,0.3868472966603237,0.33570759355923724,,,,,,,0.5935972629521017,0.16850534248952576,0.02717108362049731,0.06321467851469073,0.21375131175937725,0.3868472966603237,0.33570759355923724,IAH-MDW,0
2025,1,IAH,MEI,263.396,11.0,429.3,5077.0,7650.0,153.0,155.0,1.0,29.31788079470199,0.025806451612903226,0.25806451612903225,2.2231333333333336,0.16850534248952576,0.02717108362049731,0.06321467851469073,0.21375131175937725,0.3868472966603237,0.33570759355923724,,,,,,,0.6636601307189542,0.16850534248952576,0.02717108362049731,0.06321467851469073,0.21375131175937725,0.3868472966603237,0.33570759355923724,IAH-MEI,0
2025,1,IAH,MEM,222.08709750566894,1082.0,489.202947845805,25896.0,32979.0,453.0,374.0,4.0,13.975206611570249,0.029411764705882353,0.22459893048128343,2.2231333333333336,0.16850534248952576,0.02717108362049731,0.06321467851469073,0.21375131175937725,0.3868472966603237,0.33570759355923724,,,,,,,0.7852269626125716,0.16850534248952576,0.02717108362049731,0.06321467851469073,0.21375131175937725,0.3868472966603237,0.33570759355923724,IAH-MEM,0
2025,1,IAH,MFE,170.80358974358975,873.0,323.4326923076923,37667.0,50751.0,586.0,593.0,4.0,8.168965517241379,0.021922428330522766,0.1433389544688027,2.2231333333333336,0.16850534248952576,0.02717108362049731,0.06321467851469073,0.21375131175937725,0.3868472966603237,0.33570759355923724,,,,,,,0.7421922720734567,0.16850534248952576,0.02717108362049731,0.06321467851469073,0.21375131175937725,0.3868472966603237,0.33570759355923724,IAH-MFE,0
2025,1,IAH,MIA,228.19076357697023,6100.0,968.2298897509187,110955.0,152391.0,919.0,936.0,5.0,23.094771241830067,0.0202991452991453,0.2264957264957265,2.2231333333333336,0.16850534248952576,0.02717108362049731,0.06321467851469073,0.21375131175937725,0.3868472966603237,0.33570759355923724,,,,,,,0.728094178790086,0.16850534248952576,0.02717108362049731,0.06321467851469073,0.21375131175937725,0.3868472966603237,0.33570759355923724,IAH-MIA,0
2025,1,IAH,MKE,300.41930508474576,690.0,1063.7033898305085,5662.0,6724.0,92.0,92.0,1.0,5.888888888888889,0.021739130434782608,0.13043478260869565,2.2231333333333336,0.16850534248952576,0.02717108362049731,0.06321467851469073,0.21375131175937725,0.3868472966603237,0.33570759355923724,,,,,,,0.8420582986317668,0.16850534248952576,0.02717108362049731,0.06321467851469073,0.21375131175937725,0.3868472966603237,0.33570759355923724,IAH-MKE,1
2025,1,IAH,MOB,267.95966153846155,470.0,440.5015384615385,14403.0,16584.0,323.0,331.0,3.0,6.495297805642633,0.03927492447129909,0.1268882175226586,2.2231333333333336,0.16850534248952576,0.02717108362049731,0.06321467851469073,0.21375131175937725,0.3868472966603237,0.33570759355923724,,,,,,,0.8684876989869754,0.16850534248952576,0.02717108362049731,0.06321467851469073,0.21375131175937725,0.3868472966603237,0.33570759355923724,IAH-MOB,1
2025,1,IAH,MOT,337.0065,82.0,1503.1625,281.0,1100.0,22.0,0.0,0.0,0.0,0.0,0.0,2.2231333333333336,0.16850534248952576,0.02717108362049731,0.06321467851469073,0.21375131175937725,0.3868472966603237,0.33570759355923724,,,,,,,0.25545454545454543,0.16850534248952576,0.02717108362049731,0.06321467851469073,0.21375131175937725,0.3868472966603237,0.33570759355923724,IAH-MOT,0
2025,1,IAH,MSP,281.84136363636367,3474.0,1096.5432372505543,48727.0,58295.0,487.0,494.0,3.0,8.663244353182751,0.01417004048582996,0.17408906882591094,2.2231333333333336,0.16850534248952576,0.02717108362049731,0.06321467851469073,0.21375131175937725,0.3868472966603237,0.33570759355923724,,,,,,,0.8358692855304914,0.16850534248952576,0.02717108362049731,0.06321467851469073,0.21375131175937725,0.3868472966603237,0.33570759355923724,IAH-MSP,1
2025,1,IAH,MSY,205.59666666666666,2979.0,308.41996699669966,82358.0,125655.0,778.0,799.0,4.0,7.9909560723514215,0.03128911138923655,0.17271589486858574,2.2231333333333336,0.16850534248952576,0.02717108362049731,0.06321467851469073,0.21375131175937725,0.3868472966603237,0.33570759355923724,,,,,,,0.655429549162389,0.16850534248952576,0.02717108362049731,0.06321467851469073,0.21375131175937725,0.3868472966603237,0.33570759355923724,IAH-MSY,0
2025,1,IAH,MTJ,332.0044787644788,351.0,947.4749034749035,4768.0,6689.0,88.0,88.0,1.0,7.255813953488372,0.022727272727272728,0.1590909090909091,2.2231333333333336,0.16850534248952576,0.02717108362049731,0.06321467851469073,0.21375131175937725,0.3868472966603237,0.33570759355923724,,,,,,,0.7128120795335625,0.16850534248952576,0.02717108362049731,0.06321467851469073,0.21375131175937725,0.3868472966603237,0.33570759355923724,IAH-MTJ,0
2025,1,IAH,OKC,247.89086078639744,1269.0,395.1530286928799,35070.0,43524.0,585.0,602.0,3.0,14.386986301369863,0.029900332225913623,0.2159468438538206,2.2231333333333336,0.16850534248952576,0.02717108362049731,0.06321467851469073,0.21375131175937725,0.3868472966603237,0.33570759355923724,,,,,,,0.8057623380204025,0.16850534248952576,0.02717108362049731,0.06321467851469073,0.21375131175937725,0.3868472966603237,0.33570759355923724,IAH-OKC,1
2025,1,IAH,OMA,307.6910408921933,609.0,857.5947955390335,20291.0,22342.0,174.0,180.0,3.0,14.775862068965518,0.03333333333333333,0.2,2.2231333333333336,0.16850534248952576,0.02717108362049731,0.06321467851469073,0.21375131175937725,0.3868472966603237,0.33570759355923724,,,,,,,0.9081998030614985,0.16850534248952576,0.02717108362049731,0.06321467851469073,0.21375131175937725,0.3868472966603237,0.33570759355923724,IAH-OMA,1
2025,1,IAH,ONT,232.34312874251495,2162.0,1410.5958083832336,34876.0,46724.0,362.0,139.0,2.0,12.348148148148148,0.02877697841726619,0.26618705035971224,2.2231333333333336,0.16850534248952576,0.02717108362049731,0.06321467851469073,0.21375131175937725,0.3868472966603237,0.33570759355923724,,,,,,,0.7464258197072169,0.16850534248952576,0.02717108362049731,0.06321467851469073,0.21375131175937725,0.3868472966603237,0.33570759355923724,IAH-ONT,0
2025,1,IAH,ORD,256.8926028138528,9400.0,972.2732683982684,186227.0,224565.0,1287.0,1307.0,6.0,11.106333072713056,0.02142310635042081,0.18821729150726854,2.2231333333333336,0.16850534248952576,0.02717108362049731,0.06321467851469073,0.21375131175937725,0.3868472966603237,0.33570759355923724,,,,,,,0.8292788279562711,0.16850534248952576,0.02717108362049731,0.06321467851469073,0.21375131175937725,0.3868472966603237,0.33570759355923724,IAH-ORD,1
2025,1,IAH,ORF,313.12035532994923,825.0,1306.1421319796955,8329.0,11680.0,87.0,90.0,2.0,8.471264367816092,0.03333333333333333,0.2111111111111111,2.2231333333333336,0.16850534248952576,0.02717108362049731,0.06321467851469073,0.21375131175937725,0.3868472966603237,0.33570759355923724,,,,,,,0.7130993150684931,0.16850534248952576,0.02717108362049731,0.06321467851469073,0.21375131175937725,0.3868472966603237,0.33570759355923724,IAH-ORF,0
2025,1,IAH,PBI,329.0386666666667,995.0,1030.7083333333333,17524.0,22935.0,137.0,138.0,1.0,18.59124087591241,0.007246376811594203,0.3188405797101449,2.2231333333333336,0.16850534248952576,0.02717108362049731,0.06321467851469073,0.21375131175937725,0.3868472966603237,0.33570759355923724,,,,,,,0.7640723784608676,0.16850534248952576,0.02717108362049731,0.06321467851469073,0.21375131175937725,0.3868472966603237,0.33570759355923724,IAH-PBI,0
2025,1,IAH,PDX,310.93185470085473,1686.0,1891.617094017094,24677.0,29023.0,181.0,183.0,1.0,6.441988950276243,0.01092896174863388,0.18032786885245902,2.2231333333333336,0.16850534248952576,0.02717108362049731,0.06321467851469073,0.21375131175937725,0.3868472966603237,0.33570759355923724,,,,,,,0.8502566929676464,0.16850534248952576,0.02717108362049731,0.06321467851469073,0.21375131175937725,0.3868472966603237,0.33570759355923724,IAH-PDX,1
2025,1,IAH,PHL,291.517947454844,3564.0,1366.9511494252874,44807.0,52172.0,364.0,372.0,5.0,18.98337950138504,0.02956989247311828,0.17204301075268819,2.2231333333333336,0.16850534248952576,0.02717108362049731,0.06321467851469073,0.21375131175937725,0.3868472966603237,0.33570759355923724,,,,,,,0.8588323238518746,0.16850534248952576,0.02717108362049731,0.06321467851469073,0.21375131175937725,0.3868472966603237,0.33570759355923724,IAH-PHL,1
2025,1,IAH,PHX,251.20311891663138,4925.0,1035.404147270419,102487.0,129720.0,915.0,924.0,6.0,8.641758241758241,0.016233766233766232,0.1699134199134199,2.2231333333333336,0.16850534248952576,0.02717108362049731,0.06321467851469073,0.21375131175937725,0.3868472966603237,0.33570759355923724,,,,,,,0.7900632130743139,0.16850534248952576,0.02717108362049731,0.06321467851469073,0.21375131175937725,0.3868472966603237,0.33570759355923724,IAH-PHX,0
2025,1,IAH,PIB,146.69000000000003,3.0,388.0,3539.0,7400.0,148.0,155.0,1.0,16.93243243243243,0.04516129032258064,0.23225806451612904,2.2231333333333336,0.16850534248952576,0.02717108362049731,0.06321467851469073,0.21375131175937725,0.3868472966603237,0.33570759355923724,,,,,,,0.47824324324324324,0.16850534248952576,0.02717108362049731,0.06321467851469073,0.21375131175937725,0.3868472966603237,0.33570759355923724,IAH-PIB,0
2025,1,IAH,PIT,323.0794185094185,1607.0,1202.6625716625717,21979.0,26642.0,240.0,243.0,3.0,6.016806722689076,0.0205761316872428,0.1522633744855967,2.2231333333333336,0.16850534248952576,0.02717108362049731,0.06321467851469073,0.21375131175937725,0.3868472966603237,0.33570759355923724,,,,,,,0.8249756024322499,0.16850534248952576,0.02717108362049731,0.06321467851469073,0.21375131175937725,0.3868472966603237,0.33570759355923724,IAH-PIT,1
2025,1,IAH,PNS,219.15522593320236,603.0,518.6345776031434,25182.0,29758.0,393.0,407.0,4.0,14.341836734693878,0.03931203931203931,0.19656019656019655,2.2231333333333336,0.16850534248952576,0.02717108362049731,0.06321467851469073,0.21375131175937725,0.3868472966603237,0.33570759355923724,,,,,,,0.8462262248807043,0.16850534248952576,0.02717108362049731,0.06321467851469073,0.21375131175937725,0.3868472966603237,0.33570759355923724,IAH-PNS,1
2025,1,IAH,PSP,343.46938524590166,1202.0,1336.6434426229507,18986.0,26448.0,210.0,106.0,3.0,13.660377358490566,0.0,0.16037735849056603,2.2231333333333336,0.16850534248952576,0.02717108362049731,0.06321467851469073,0.21375131175937725,0.3868472966603237,0.33570759355923724,,,,,,,0.7178614640048396,0.16850534248952576,0.02717108362049731,0.06321467851469073,0.21375131175937725,0.3868472966603237,0.33570759355923724,IAH-PSP,0
2025,1,IAH,RDU,300.7496452145215,1842.0,1095.3927392739274,29411.0,37422.0,268.0,271.0,3.0,4.913857677902621,0.014760147601476014,0.13284132841328414,2.2231333333333336,0.16850534248952576,0.02717108362049731,0.06321467851469073,0.21375131175937725,0.3868472966603237,0.33570759355923724,,,,,,,0.7859280637058415,0.16850534248952576,0.02717108362049731,0.06321467851469073,0.21375131175937725,0.3868472966603237,0.33570759355923724,IAH-RDU,0
2025,1,IAH,RIC,289.5198998330551,724.0,1255.0033388981635,6258.0,6993.0,88.0,90.0,2.0,13.022988505747126,0.03333333333333333,0.24444444444444444,2.2231333333333336,0.16850534248952576,0.02717108362049731,0.06321467851469073,0.21375131175937725,0.3868472966603237,0.33570759355923724,,,,,,,0.8948948948948949,0.16850534248952576,0.02717108362049731,0.06321467851469073,0.21375131175937725,0.3868472966603237,0.33570759355923724,IAH-RIC,1
2025,1,IAH,RNO,307.8005446623094,492.0,1689.5533769063181,1101.0,1282.0,13.0,13.0,2.0,23.76923076923077,0.0,0.3076923076923077,2.2231333333333336,0.16850534248952576,0.02717108362049731,0.06321467851469073,0.21375131175937725,0.3868472966603237,0.33570759355923724,,,,,,,0.858814352574103,0.16850534248952576,0.02717108362049731,0.06321467851469073,0.21375131175937725,0.3868472966603237,0.33570759355923724,IAH-RNO,1
2025,1,IAH,ROW,260.6342424242424,34.0,659.4242424242424,0.0,50.0,1.0,0.0,0.0,0.0,0.0,0.0,2.2231333333333336,0.16850534248952576,0.02717108362049731,0.06321467851469073,0.21375131175937725,0.3868472966603237,0.33570759355923724,,,,,,,0.0,0.16850534248952576,0.02717108362049731,0.06321467851469073,0.21375131175937725,0.3868472966603237,0.33570759355923724,IAH-ROW,0
2025,1,IAH,RSW,275.4084472934473,1354.0,911.1182336182336,30098.0,38882.0,226.0,225.0,1.0,8.457399103139014,0.008888888888888889,0.14666666666666667,2.2231333333333336,0.16850534248952576,0.02717108362049731,0.06321467851469073,0.21375131175937725,0.3868472966603237,0.33570759355923724,,,,,,,0.7740856951802891,0.16850534248952576,0.02717108362049731,0.06321467851469073,0.21375131175937725,0.3868472966603237,0.33570759355923724,IAH-RSW,0
2025,1,IAH,SAF,270.3620212765957,101.0,969.6382978723404,223.0,280.0,4.0,4.0,1.0,5.5,0.0,0.25,2.2231333333333336,0.16850534248952576,0.02717108362049731,0.06321467851469073,0.21375131175937725,0.3868472966603237,0.33570759355923724,,,,,,,0.7964285714285714,0.16850534248952576,0.02717108362049731,0.06321467851469073,0.21375131175937725,0.3868472966603237,0.33570759355923724,IAH-SAF,0
2025,1,IAH,SAN,318.32734033245845,4844.0,1374.8783902012249,107652.0,137596.0,776.0,393.0,1.0,7.881136950904393,0.015267175572519083,0.17048346055979643,2.2231333333333336,0.16850534248952576,0.02717108362049731,0.06321467851469073,0.21375131175937725,0.3868472966603237,0.33570759355923724,0.20884454631252528,0.010516381286234326,0.06662806664762747,0.26037408113045896,0.37705046300462025,0.2940969356018669,0.7823773946917062,0.1886749444010255,0.01884373245336582,0.0649213725811591,0.23706269644491812,0.38194887983247194,0.31490226458055204,IAH-SAN,0
2025,1,IAH,SAT,228.11721603563475,655.0,191.06681514476614,69653.0,92687.0,724.0,712.0,3.0,8.265042979942693,0.019662921348314606,0.1853932584269663,2.2231333333333336,0.16850534248952576,0.02717108362049731,0.06321467851469073,0.21375131175937725,0.3868472966603237,0.33570759355923724,,,,,,,0.7514861846860941,0.16850534248952576,0.02717108362049731,0.06321467851469073,0.21375131175937725,0.3868472966603237,0.33570759355923724,IAH-SAT,0
2025,1,IAH,SAV,284.0251293103448,1200.0,897.0711206896551,21398.0,24664.0,328.0,171.0,1.0,13.98159509202454,0.04678362573099415,0.21637426900584794,2.2231333333333336,0.16850534248952576,0.02717108362049731,0.06321467851469073,0.21375131175937725,0.3868472966603237,0.33570759355923724,,,,,,,0.8675802789490755,0.16850534248952576,0.02717108362049731,0.06321467851469073,0.21375131175937725,0.3868472966603237,0.33570759355923724,IAH-SAV,1
2025,1,IAH,SBN,279.2209027777778,148.0,1121.375,0.0,50.0,1.0,0.0,0.0,0.0,0.0,0.0,2.2231333333333336,0.16850534248952576,0.02717108362049731,0.06321467851469073,0.21375131175937725,0.3868472966603237,0.33570759355923724,,,,,,,0.0,0.16850534248952576,0.02717108362049731,0.06321467851469073,0.21375131175937725,0.3868472966603237,0.33570759355923724,IAH-SBN,0
2025,1,IAH,SDF,293.621,787.0,850.1981132075472,14494.0,18200.0,438.0,258.0,1.0,7.919354838709677,0.03875968992248062,0.15503875968992248,2.2231333333333336,0.16850534248952576,0.02717108362049731,0.06321467851469073,0.21375131175937725,0.3868472966603237,0.33570759355923724,,,,,,,0.7963736263736264,0.16850534248952576,0.02717108362049731,0.06321467851469073,0.21375131175937725,0.3868472966603237,0.33570759355923724,IAH-SDF,0
2025,1,IAH,SEA,309.25816018306637,4098.0,1922.354691075515,58435.0,66386.0,385.0,392.0,2.0,9.590673575129534,0.015306122448979591,0.1989795918367347,2.2231333333333336,0.16850534248952576,0.02717108362049731,0.06321467851469073,0.21375131175937725,0.3868472966603237,0.33570759355923724,,,,,,,0.880230771548218,0.16850534248952576,0.02717108362049731,0.06321467851469073,0.21375131175937725,0.3868472966603237,0.33570759355923724,IAH-SEA,1
2025,1,IAH,SFO,383.12523333333337,10564.0,1682.9241666666667,258748.0,314040.0,1486.0,751.0,1.0,16.186234817813766,0.014647137150466045,0.24234354194407456,2.2231333333333336,0.16850534248952576,0.02717108362049731,0.06321467851469073,0.21375131175937725,0.3868472966603237,0.33570759355923724,0.22080340516094707,0.00951789778605421,0.04750395680104273,0.43247928498277627,0.2687235825342147,0.25053346988176145,0.8239332569099478,0.19465437382523643,0.01834449070327576,0.05535931765786673,0.3231152983710768,0.3277854395972692,0.29312053172049934,IAH-SFO,1
2025,1,IAH,SGF,234.8488990825688,397.0,528.5871559633027,10439.0,12344.0,239.0,247.0,2.0,21.6218487394958,0.03643724696356275,0.25101214574898784,2.2231333333333336,0.16850534248952576,0.02717108362049731,0.06321467851469073,0.21375131175937725,0.3868472966603237,0.33570759355923724,,,,,,,0.8456740116655865,0.16850534248952576,0.02717108362049731,0.06321467851469073,0.21375131175937725,0.3868472966603237,0.33570759355923724,IAH-SGF,1
2025,1,IAH,SHV,225.28901315789474,182.0,197.8421052631579,14953.0,21746.0,405.0,408.0,3.0,13.798994974874372,0.024509803921568627,0.16666666666666666,2.2231333333333336,0.16850534248952576,0.02717108362049731,0.06321467851469073,0.21375131175937725,0.3868472966603237,0.33570759355923724,,,,,,,0.6876207118550538,0.16850534248952576,0.02717108362049731,0.06321467851469073,0.21375131175937725,0.3868472966603237,0.33570759355923724,IAH-SHV,0
2025,1,IAH,SJC,235.10083582089553,756.0,1724.8179104477613,1564.0,1660.0,10.0,6.0,1.0,28.8,0.16666666666666666,0.3333333333333333,2.2231333333333336,0.16850534248952576,0.02717108362049731,0.06321467851469073,0.21375131175937725,0.3868472966603237,0.33570759355923724,,,,,,,0.9421686746987952,0.16850534248952576,0.02717108362049731,0.06321467851469073,0.21375131175937725,0.3868472966603237,0.33570759355923724,IAH-SJC,1
2025,1,IAH,SJU,264.5963677467973,2472.0,2018.972871137905,44644.0,51584.0,277.0,280.0,2.0,7.386281588447654,0.010714285714285714,0.18214285714285713,2.2231333333333336,0.16850534248952576,0.02717108362049731,0.06321467851469073,0.21375131175937725,0.3868472966603237,0.33570759355923724,,,,,,,0.865462158808933,0.16850534248952576,0.02717108362049731,0.06321467851469073,0.21375131175937725,0.3868472966603237,0.33570759355923724,IAH-SJU,1
2025,1,IAH,SLC,332.611745,3738.0,1234.1845,62227.0,78146.0,570.0,574.0,4.0,9.665492957746478,0.010452961672473868,0.16202090592334495,2.2231333333333336,0.16850534248952576,0.02717108362049731,0.06321467851469073,0.21375131175937725,0.3868472966603237,0.33570759355923724,,,,,,,0.7962915568295242,0.16850534248952576,0.02717108362049731,0.06321467851469073,0.21375131175937725,0.3868472966603237,0.33570759355923724,IAH-SLC,0
2025,1,IAH,SMF,337.99244604316544,2052.0,1682.071942446043,36348.0,47998.0,302.0,153.0,1.0,10.342105263157896,0.006535947712418301,0.21568627450980393,2.2231333333333336,0.16850534248952576,0.02717108362049731,0.06321467851469073,0.21375131175937725,0.3868472966603237,0.33570759355923724,,,,,,,0.7572815533980582,0.16850534248952576,0.02717108362049731,0.06321467851469073,0.21375131175937725,0.3868472966603237,0.33570759355923724,IAH-SMF,0
2025,1,IAH,SNA,342.66650087260035,4568.0,1382.064572425829,80478.0,99112.0,684.0,345.0,1.0,5.0323529411764705,0.014492753623188406,0.15072463768115943,2.2231333333333336,0.16850534248952576,0.02717108362049731,0.06321467851469073,0.21375131175937725,0.3868472966603237,0.33570759355923724,,,,,,,0.8119904754217451,0.16850534248952576,0.02717108362049731,0.06321467851469073,0.21375131175937725,0.3868472966603237,0.33570759355923724,IAH-SNA,1
2025,1,IAH,SRQ,251.488624535316,343.0,924.4052044609665,4972.0,6340.0,78.0,80.0,3.0,6.6103896103896105,0.0375,0.0875,2.2231333333333336,0.16850534248952576,0.02717108362049731,0.06321467851469073,0.21375131175937725,0.3868472966603237,0.33570759355923724,,,,,,,0.7842271293375395,0.16850534248952576,0.02717108362049731,0.06321467851469073,0.21375131175937725,0.3868472966603237,0.33570759355923724,IAH-SRQ,0
2025,1,IAH,STL,271.09319230769233,1039.0,699.9217948717949,23053.0,28782.0,290.0,300.0,3.0,8.155709342560554,0.03666666666666667,0.18,2.2231333333333336,0.16850534248952576,0.02717108362049731,0.06321467851469073,0.21375131175937725,0.3868472966603237,0.33570759355923724,,,,,,,0.8009519838788132,0.16850534248952576,0.02717108362049731,0.06321467851469073,0.21375131175937725,0.3868472966603237,0.33570759355923724,IAH-STL,1
2025,1,IAH,STT,431.9732524271845,228.0,2132.4223300970875,2119.0,2656.0,16.0,17.0,1.0,2.2941176470588234,0.0,0.058823529411764705,2.2231333333333336,0.16850534248952576,0.02717108362049731,0.06321467851469073,0.21375131175937725,0.3868472966603237,0.33570759355923724,,,,,,,0.797816265060241,0.16850534248952576,0.02717108362049731,0.06321467851469073,0.21375131175937725,0.3868472966603237,0.33570759355923724,IAH-STT,0
2025,1,IAH,SUX,260.04588235294113,17.0,1366.5294117647059,0.0,50.0,1.0,0.0,0.0,0.0,0.0,0.0,2.2231333333333336,0.16850534248952576,0.02717108362049731,0.06321467851469073,0.21375131175937725,0.3868472966603237,0.33570759355923724,,,,,,,0.0,0.16850534248952576,0.02717108362049731,0.06321467851469073,0.21375131175937725,0.3868472966603237,0.33570759355923724,IAH-SUX,0
2025,1,IAH,SWO,213.359,11.0,449.0,0.0,75.0,1.0,0.0,0.0,0.0,0.0,0.0,2.2231333333333336,0.16850534248952576,0.02717108362049731,0.06321467851469073,0.21375131175937725,0.3868472966603237,0.33570759355923724,,,,,,,0.0,0.16850534248952576,0.02717108362049731,0.06321467851469073,0.21375131175937725,0.3868472966603237,0.33570759355923724,IAH-SWO,0
2025,1,IAH,SYR,274.76583569405096,362.0,1530.169971671388,147.0,150.0,1.0,0.0,0.0,0.0,0.0,0.0,2.2231333333333336,0.16850534248952576,0.02717108362049731,0.06321467851469073,0.21375131175937725,0.3868472966603237,0.33570759355923724,,,,,,,0.98,0.16850534248952576,0.02717108362049731,0.06321467851469073,0.21375131175937725,0.3868472966603237,0.33570759355923724,IAH-SYR,1
2025,1,IAH,TPA,224.6227115117892,3079.0,826.7233009708738,57610.0,76945.0,441.0,444.0,3.0,11.40045766590389,0.015765765765765764,0.17567567567567569,2.2231333333333336,0.16850534248952576,0.02717108362049731,0.06321467851469073,0.21375131175937725,0.3868472966603237,0.33570759355923724,,,,,,,0.7487166157645071,0.16850534248952576,0.02717108362049731,0.06321467851469073,0.21375131175937725,0.3868472966603237,0.33570759355923724,IAH-TPA,0
2025,1,IAH,TUL,260.65759109311745,1110.0,431.3137651821862,24328.0,28836.0,440.0,453.0,4.0,15.206818181818182,0.02869757174392936,0.2251655629139073,2.2231333333333336,0.16850534248952576,0.02717108362049731,0.06321467851469073,0.21375131175937725,0.3868472966603237,0.33570759355923724,,,,,,,0.8436676376751283,0.16850534248952576,0.02717108362049731,0.06321467851469073,0.21375131175937725,0.3868472966603237,0.33570759355923724,IAH-TUL,1
2025,1,IAH,TUS,307.3973137697517,583.0,970.7291196388262,15502.0,20505.0,179.0,180.0,3.0,9.0,0.022222222222222223,0.18333333333333332,2.2231333333333336,0.16850534248952576,0.02717108362049731,0.06321467851469073,0.21375131175937725,0.3868472966603237,0.33570759355923724,,,,,,,0.7560107290904657,0.16850534248952576,0.02717108362049731,0.06321467851469073,0.21375131175937725,0.3868472966603237,0.33570759355923724,IAH-TUS,0
2025,1,IAH,TYS,260.14985849056603,916.0,831.6037735849056,15812.0,17300.0,346.0,356.0,1.0,10.175953079178885,0.042134831460674156,0.16853932584269662,2.2231333333333336,0.16850534248952576,0.02717108362049731,0.06321467851469073,0.21375131175937725,0.3868472966603237,0.33570759355923724,,,,,,,0.9139884393063584,0.16850534248952576,0.02717108362049731,0.06321467851469073,0.21375131175937725,0.3868472966603237,0.33570759355923724,IAH-TYS,1
2025,1,IAH,VCT,48.142,5.0,123.0,3099.0,7580.0,150.0,158.0,1.0,32.29530201342282,0.056962025316455694,0.1962025316455696,2.2231333333333336,0.16850534248952576,0.02717108362049731,0.06321467851469073,0.21375131175937725,0.3868472966603237,0.33570759355923724,,,,,,,0.4088390501319261,0.16850534248952576,0.02717108362049731,0.06321467851469073,0.21375131175937725,0.3868472966603237,0.33570759355923724,IAH-VCT,0
2025,1,IAH,XNA,244.72746621621621,710.0,445.81756756756755,14651.0,17530.0,277.0,282.0,3.0,11.222627737226277,0.028368794326241134,0.17375886524822695,2.2231333333333336,0.16850534248952576,0.02717108362049731,0.06321467851469073,0.21375131175937725,0.3868472966603237,0.33570759355923724,,,,,,,0.8357672561323446,0.16850534248952576,0.02717108362049731,0.06321467851469073,0.21375131175937725,0.3868472966603237,0.33570759355923724,IAH-XNA,1
2025,1,ICT,ATL,320.0064269141531,572.0,839.5638051044084,21265.0,27082.0,250.0,254.0,2.0,22.072580645161292,0.031496062992125984,0.1889763779527559,2.2231333333333336,,,,,,,0.18040542999599665,0.022200385777195474,0.07972794287792138,0.19235893028329643,0.3715323460381475,0.35574939671415823,0.7852078871575217,0.18040542999599665,0.022200385777195474,0.07972794287792138,0.19235893028329643,0.3715323460381475,0.35574939671415823,ICT-ATL,0
2025,1,ICT,DFW,328.3949638554217,520.0,351.13734939759036,36904.0,46185.0,623.0,667.0,4.0,17.84726688102894,0.06746626686656672,0.19790104947526238,2.2231333333333336,,,,,,,0.2062396282774643,0.03747759707932293,0.10718704340430481,0.1903530643250198,0.3470410781655484,0.3542601059847202,0.7990473097325972,0.2062396282774643,0.03747759707932293,0.10718704340430481,0.1903530643250198,0.3470410781655484,0.3542601059847202,ICT-DFW,0
2025,1,ICT,HOU,206.99571428571429,29.0,845.0357142857143,68.0,68.0,1.0,0.0,0.0,0.0,0.0,0.0,2.2231333333333336,,,,,,,,,,,,,1.0,,,,,,,ICT-HOU,1
2025,1,ICT,IAH,250.07170995670998,547.0,542.9090909090909,17103.0,21475.0,334.0,348.0,3.0,3.1510574018126887,0.04885057471264368,0.10057471264367816,2.2231333333333336,,,,,,,0.16850534248952576,0.02717108362049731,0.06321467851469073,0.21375131175937725,0.3868472966603237,0.33570759355923724,0.7964144353899884,0.16850534248952576,0.02717108362049731,0.06321467851469073,0.21375131175937725,0.3868472966603237,0.33570759355923724,ICT-IAH,0
2025,1,ICT,LBB,207.19142857142856,14.0,610.0,0.0,339.0,2.0,0.0,0.0,0.0,0.0,0.0,2.2231333333333336,,,,,,,,,,,,,0.0,,,,,,,ICT-LBB,0
2025,1,ICT,SAT,252.23798850574715,181.0,715.7126436781609,109.0,186.0,1.0,0.0,0.0,0.0,0.0,0.0,2.2231333333333336,,,,,,,,,,,,,0.5860215053763441,,,,,,,ICT-SAT,0
2025,1,IDA,DFW,336.54630681818185,193.0,1175.1875,5047.0,5590.0,86.0,90.0,1.0,28.160919540229884,0.03333333333333333,0.2777777777777778,2.2231333333333336,,,,,,,0.2062396282774643,0.03747759707932293,0.10718704340430481,0.1903530643250198,0.3470410781655484,0.3542601059847202,0.9028622540250447,0.2062396282774643,0.03747759707932293,0.10718704340430481,0.1903530643250198,0.3470410781655484,0.3542601059847202,IDA-DFW,1
2025,1,IDA,FAT,308.5822857142857,37.0,881.0,0.0,65.0,1.0,0.0,0.0,0.0,0.0,0.0,2.2231333333333336,,,,,,,,,,,,,0.0,,,,,,,IDA-FAT,0
2025,1,IDA,SNA,131.90102661596958,423.0,796.6615969581749,3793.0,4392.0,28.0,0.0,0.0,0.0,0.0,0.0,2.2231333333333336,,,,,,,,,,,,,0.863615664845173,,,,,,,IDA-SNA,1
2025,1,IDA,SPS,585.0,1.0,1208.0,0.0,65.0,1.0,0.0,0.0,0.0,0.0,0.0,2.2231333333333336,,,,,,,,,,,,,0.0,,,,,,,IDA-SPS,0
2025,1,ILG,ATL,46.82727272727273,106.0,644.709090909091,1034.0,2835.0,15.0,0.0,0.0,0.0,0.0,0.0,2.2231333333333336,,,,,,,0.18040542999599665,0.022200385777195474,0.07972794287792138,0.19235893028329643,0.3715323460381475,0.35574939671415823,0.3647266313932981,0.18040542999599665,0.022200385777195474,0.07972794287792138,0.19235893028329643,0.3715323460381475,0.35574939671415823,ILG-ATL,0
2025,1,ILM,ACT,390.3533333333333,3.0,1456.0,73.0,76.0,1.0,0.0,0.0,0.0,0.0,0.0,2.2231333333333336,,,,,,,,,,,,,0.9605263157894737,,,,,,,ILM-ACT,1
2025,1,ILM,ATL,277.7794565217391,433.0,379.8641304347826,22442.0,25822.0,318.0,326.0,3.0,8.864779874213836,0.024539877300613498,0.12576687116564417,2.2231333333333336,,,,,,,0.18040542999599665,0.022200385777195474,0.07972794287792138,0.19235893028329643,0.3715323460381475,0.35574939671415823,0.8691038649213849,0.18040542999599665,0.022200385777195474,0.07972794287792138,0.19235893028329643,0.3715323460381475,0.35574939671415823,ILM-ATL,1
2025,1,ILM,DFW,347.08219298245615,406.0,1173.0877192982457,11177.0,12084.0,159.0,163.0,1.0,9.41875,0.018404907975460124,0.12269938650306748,2.2231333333333336,,,,,,,0.2062396282774643,0.03747759707932293,0.10718704340430481,0.1903530643250198,0.3470410781655484,0.3542601059847202,0.9249420721615359,0.2062396282774643,0.03747759707932293,0.10718704340430481,0.1903530643250198,0.3470410781655484,0.3542601059847202,ILM-DFW,1
2025,1,IND,ATL,251.4986977886978,3179.0,452.4379606879607,104862.0,131183.0,846.0,763.0,4.0,6.955764075067024,0.023591087811271297,0.11140235910878113,2.2231333333333336,,,,,,,0.18040542999599665,0.022200385777195474,0.07972794287792138,0.19235893028329643,0.3715323460381475,0.35574939671415823,0.7993566239527987,0.18040542999599665,0.022200385777195474,0.07972794287792138,0.19235893028329643,0.3715323460381475,0.35574939671415823,IND-ATL,0
2025,1,IND,AUS,245.25269194312796,1498.0,1016.036018957346,13096.0,18992.0,116.0,114.0,1.0,7.7631578947368425,0.0,0.15789473684210525,2.2231333333333336,,,,,,,0.18066105522479983,0.012779716690617943,0.0655739832334086,0.16405824184380596,0.40716516563281335,0.3620476351146755,0.68955349620893,0.18066105522479983,0.012779716690617943,0.0655739832334086,0.16405824184380596,0.40716516563281335,0.3620476351146755,IND-AUS,0
2025,1,IND,DAL,235.74206896551723,958.0,792.9717868338558,17306.0,23564.0,148.0,150.0,1.0,8.114864864864865,0.013333333333333334,0.17333333333333334,2.2231333333333336,,,,,,,,,,,,,0.7344253946698354,,,,,,,IND-DAL,0
2025,1,IND,DFW,300.1341353936718,2623.0,824.850625459897,62774.0,77855.0,547.0,466.0,3.0,12.72888888888889,0.034334763948497854,0.14377682403433475,2.2231333333333336,,,,,,,0.2062396282774643,0.03747759707932293,0.10718704340430481,0.1903530643250198,0.3470410781655484,0.3542601059847202,0.8062937512041616,0.2062396282774643,0.03747759707932293,0.10718704340430481,0.1903530643250198,0.3470410781655484,0.3542601059847202,IND-DFW,1
2025,1,IND,ELP,268.0069312169312,205.0,1503.4867724867725,0.0,0.0,34.0,0.0,0.0,0.0,0.0,0.0,2.2231333333333336,,,,,,,,,,,,,,,,,,,,IND-ELP,0
2025,1,IND,HOU,231.1408173076923,940.0,924.8798076923077,13267.0,18668.0,121.0,121.0,1.0,8.512605042016807,0.01652892561983471,0.17355371900826447,2.2231333333333336,,,,,,,,,,,,,0.7106813799014357,,,,,,,IND-HOU,0
2025,1,IND,IAH,293.6047413793103,1382.0,887.0574712643678,26788.0,34301.0,356.0,314.0,3.0,10.990228013029316,0.022292993630573247,0.14968152866242038,2.2231333333333336,,,,,,,0.16850534248952576,0.02717108362049731,0.06321467851469073,0.21375131175937725,0.3868472966603237,0.33570759355923724,0.7809684848838226,0.16850534248952576,0.02717108362049731,0.06321467851469073,0.21375131175937725,0.3868472966603237,0.33570759355923724,IND-IAH,0
2025,1,IND,LAX,311.8162636033857,2395.0,1901.611245465538,18385.0,24678.0,310.0,145.0,2.0,14.26388888888889,0.006896551724137931,0.19310344827586207,2.2231333333333336,,,,,,,0.1662822530232157,0.008191243991291414,0.06384287985231527,0.17061212978089035,0.33008563663401874,0.43409495483748084,0.7449955425885404,0.1662822530232157,0.008191243991291414,0.06384287985231527,0.17061212978089035,0.33008563663401874,0.43409495483748084,IND-LAX,0
2025,1,IND,OAK,241.89766233766235,250.0,2050.1688311688313,0.0,0.0,103.0,0.0,0.0,0.0,0.0,0.0,2.2231333333333336,,,,,,,,,,,,,,,,,,,,IND-OAK,0
2025,1,IND,ONT,290.42482035928145,359.0,1902.2754491017963,0.0,0.0,72.0,0.0,0.0,0.0,0.0,0.0,2.2231333333333336,,,,,,,,,,,,,,,,,,,,IND-ONT,0
2025,1,IND,PSP,322.4705723905724,321.0,1822.8956228956229,307.0,372.0,2.0,0.0,0.0,0.0,0.0,0.0,2.2231333333333336,,,,,,,,,,,,,0.8252688172043011,,,,,,,IND-PSP,1
2025,1,IND,SAN,245.0079057591623,1541.0,1919.5579655946149,5830.0,8159.0,98.0,49.0,1.0,16.285714285714285,0.0,0.2653061224489796,2.2231333333333336,,,,,,,0.20884454631252528,0.010516381286234326,0.06662806664762747,0.26037408113045896,0.37705046300462025,0.2940969356018669,0.7145483515136659,0.20884454631252528,0.010516381286234326,0.06662806664762747,0.26037408113045896,0.37705046300462025,0.2940969356018669,IND-SAN,0
2025,1,IND,SAV,217.0579076923077,400.0,709.2830769230769,1043.0,1248.0,8.0,8.0,1.0,9.5,0.0,0.25,2.2231333333333336,,,,,,,,,,,,,0.8357371794871795,,,,,,,IND-SAV,1
2025,1,IND,SFO,307.005129032258,1516.0,2057.266935483871,9979.0,14448.0,91.0,91.0,1.0,10.23076923076923,0.0,0.14285714285714285,2.2231333333333336,,,,,,,0.22080340516094707,0.00951789778605421,0.04750395680104273,0.43247928498277627,0.2687235825342147,0.25053346988176145,0.6906838316722038,0.22080340516094707,0.00951789778605421,0.04750395680104273,0.43247928498277627,0.2687235825342147,0.25053346988176145,IND-SFO,0
2025,1,IND,SJC,276.71345622119816,225.0,2074.5207373271887,0.0,0.0,24.0,0.0,0.0,0.0,0.0,0.0,2.2231333333333336,,,,,,,,,,,,,,,,,,,,IND-SJC,0
2025,1,JAC,ATL,543.2004526748971,416.0,1624.9259259259259,10221.0,14035.0,74.0,77.0,1.0,24.783783783783782,0.03896103896103896,0.2727272727272727,2.2231333333333336,,,,,,,0.18040542999599665,0.022200385777195474,0.07972794287792138,0.19235893028329643,0.3715323460381475,0.35574939671415823,0.7282508015675098,0.18040542999599665,0.022200385777195474,0.07972794287792138,0.19235893028329643,0.3715323460381475,0.35574939671415823,JAC-ATL,0
2025,1,JAC,DFW,460.6445614035088,391.0,1099.6973684210527,17423.0,21760.0,170.0,174.0,1.0,39.970588235294116,0.022988505747126436,0.3333333333333333,2.2231333333333336,,,,,,,0.2062396282774643,0.03747759707932293,0.10718704340430481,0.1903530643250198,0.3470410781655484,0.3542601059847202,0.8006893382352941,0.2062396282774643,0.03747759707932293,0.10718704340430481,0.1903530643250198,0.3470410781655484,0.3542601059847202,JAC-DFW,1
2025,1,JAC,IAH,420.08564220183484,234.0,1304.2385321100917,2928.0,3654.0,29.0,29.0,1.0,18.93103448275862,0.0,0.3103448275862069,2.2231333333333336,,,,,,,0.16850534248952576,0.02717108362049731,0.06321467851469073,0.21375131175937725,0.3868472966603237,0.33570759355923724,0.8013136288998358,0.16850534248952576,0.02717108362049731,0.06321467851469073,0.21375131175937725,0.3868472966603237,0.33570759355923724,JAC-IAH,1
2025,1,JAC,LAX,342.1620242214533,774.0,807.053633217993,9956.0,17431.0,249.0,250.0,1.0,10.866935483870968,0.008,0.22,2.2231333333333336,,,,,,,0.1662822530232157,0.008191243991291414,0.06384287985231527,0.17061212978089035,0.33008563663401874,0.43409495483748084,0.5711663128908266,0.1662822530232157,0.008191243991291414,0.06384287985231527,0.17061212978089035,0.33008563663401874,0.43409495483748084,JAC-LAX,0
2025,1,JAC,PSP,319.1274418604651,44.0,927.1162790697674,4.0,16.0,1.0,0.0,0.0,0.0,0.0,0.0,2.2231333333333336,,,,,,,,,,,,,0.25,,,,,,,JAC-PSP,0
2025,1,JAC,SAN,273.091007751938,347.0,906.4069767441861,2403.0,4560.0,60.0,62.0,1.0,20.0,0.03225806451612903,0.3709677419354839,2.2231333333333336,,,,,,,0.20884454631252528,0.010516381286234326,0.06662806664762747,0.26037408113045896,0.37705046300462025,0.2940969356018669,0.5269736842105263,0.20884454631252528,0.010516381286234326,0.06662806664762747,0.26037408113045896,0.37705046300462025,0.2940969356018669,JAC-SAN,0
2025,1,JAC,SFO,370.71731707317076,683.0,807.1869918699186,7760.0,12720.0,102.0,103.0,2.0,12.732673267326733,0.019417475728155338,0.21359223300970873,2.2231333333333336,,,,,,,0.22080340516094707,0.00951789778605421,0.04750395680104273,0.43247928498277627,0.2687235825342147,0.25053346988176145,0.610062893081761,0.22080340516094707,0.00951789778605421,0.04750395680104273,0.43247928498277627,0.2687235825342147,0.25053346988176145,JAC-SFO,0
2025,1,JAN,ATL,235.93407942238267,774.0,346.90613718411555,56037.0,76481.0,703.0,714.0,3.0,5.873038516405136,0.018207282913165267,0.15266106442577032,2.2231333333333336,,,,,,,0.18040542999599665,0.022200385777195474,0.07972794287792138,0.19235893028329643,0.3715323460381475,0.35574939671415823,0.7326917796576927,0.18040542999599665,0.022200385777195474,0.07972794287792138,0.19235893028329643,0.3715323460381475,0.35574939671415823,JAN-ATL,0
2025,1,JAN,DFW,293.81490654205606,543.0,416.1775700934579,23532.0,29322.0,400.0,423.0,3.0,22.020050125313283,0.05673758865248227,0.23877068557919623,2.2231333333333336,,,,,,,0.2062396282774643,0.03747759707932293,0.10718704340430481,0.1903530643250198,0.3470410781655484,0.3542601059847202,0.802537343973808,0.2062396282774643,0.03747759707932293,0.10718704340430481,0.1903530643250198,0.3470410781655484,0.3542601059847202,JAN-DFW,1
2025,1,JAN,HOU,180.19022222222225,359.0,366.8933333333333,16737.0,26768.0,176.0,180.0,1.0,3.5738636363636362,0.022222222222222223,0.10555555555555556,2.2231333333333336,,,,,,,,,,,,,0.6252615062761506,,,,,,,JAN-HOU,0
2025,1,JAN,HRL,187.86666666666667,18.0,638.0,0.0,50.0,1.0,0.0,0.0,0.0,0.0,0.0,2.2231333333333336,,,,,,,,,,,,,0.0,,,,,,,JAN-HRL,0
2025,1,JAN,IAH,233.76964980544747,376.0,368.7003891050584,14175.0,16040.0,318.0,326.0,1.0,4.226837060702875,0.03987730061349693,0.1165644171779141,2.2231333333333336,,,,,,,0.16850534248952576,0.02717108362049731,0.06321467851469073,0.21375131175937725,0.3868472966603237,0.33570759355923724,0.8837281795511222,0.16850534248952576,0.02717108362049731,0.06321467851469073,0.21375131175937725,0.3868472966603237,0.33570759355923724,JAN-IAH,1
2025,1,JAX,ATL,244.65821645021643,2668.0,278.1142857142857,157433.0,190449.0,1016.0,1032.0,2.0,9.31948565776459,0.020348837209302327,0.17054263565891473,2.2231333333333336,,,,,,,0.18040542999599665,0.022200385777195474,0.07972794287792138,0.19235893028329643,0.3715323460381475,0.35574939671415823,0.8266412530388713,0.18040542999599665,0.022200385777195474,0.07972794287792138,0.19235893028329643,0.3715323460381475,0.35574939671415823,JAX-ATL,1
2025,1,JAX,AUS,275.3891404011461,784.0,1165.9126074498568,145.0,150.0,1.0,0.0,0.0,0.0,0.0,0.0,2.2231333333333336,,,,,,,0.18066105522479983,0.012779716690617943,0.0655739832334086,0.16405824184380596,0.40716516563281335,0.3620476351146755,0.9666666666666667,0.18066105522479983,0.012779716690617943,0.0655739832334086,0.16405824184380596,0.40716516563281335,0.3620476351146755,JAX-AUS,1
2025,1,JAX,CSG,214.315,2.0,353.0,567.0,940.0,5.0,0.0,0.0,0.0,0.0,0.0,2.2231333333333336,,,,,,,,,,,,,0.6031914893617021,,,,,,,JAX-CSG,0
2025,1,JAX,DAL,255.05811557788945,506.0,977.8442211055276,11823.0,14400.0,85.0,85.0,1.0,14.16470588235294,0.0,0.18823529411764706,2.2231333333333336,,,,,,,,,,,,,0.8210416666666667,,,,,,,JAX-DAL,1
2025,1,JAX,DFW,351.9025553505535,2157.0,961.5442804428044,55571.0,64563.0,403.0,389.0,1.0,14.026666666666667,0.03598971722365039,0.15938303341902313,2.2231333333333336,,,,,,,0.2062396282774643,0.03747759707932293,0.10718704340430481,0.1903530643250198,0.3470410781655484,0.3542601059847202,0.8607251831544384,0.2062396282774643,0.03747759707932293,0.10718704340430481,0.1903530643250198,0.3470410781655484,0.3542601059847202,JAX-DFW,1
2025,1,JAX,HOU,246.44319218241043,386.0,905.8078175895765,7172.0,10099.0,61.0,60.0,1.0,17.5,0.0,0.26666666666666666,2.2231333333333336,,,,,,,,,,,,,0.7101693236954154,,,,,,,JAX-HOU,0
2025,1,JAX,HRL,193.33277777777778,37.0,1264.138888888889,420.0,538.0,3.0,0.0,0.0,0.0,0.0,0.0,2.2231333333333336,,,,,,,,,,,,,0.7806691449814126,,,,,,,JAX-HRL,0
2025,1,JAX,IAH,328.187751552795,1063.0,855.1167701863354,26702.0,32264.0,260.0,263.0,2.0,13.25390625,0.026615969581749048,0.11406844106463879,2.2231333333333336,,,,,,,0.16850534248952576,0.02717108362049731,0.06321467851469073,0.21375131175937725,0.3868472966603237,0.33570759355923724,0.8276097198115546,0.16850534248952576,0.02717108362049731,0.06321467851469073,0.21375131175937725,0.3868472966603237,0.33570759355923724,JAX-IAH,1
2025,1,JAX,LAX,357.08899092970523,1048.0,2387.215419501134,266.0,274.0,2.0,0.0,0.0,0.0,0.0,0.0,2.2231333333333336,,,,,,,0.1662822530232157,0.008191243991291414,0.06384287985231527,0.17061212978089035,0.33008563663401874,0.43409495483748084,0.9708029197080292,0.1662822530232157,0.008191243991291414,0.06384287985231527,0.17061212978089035,0.33008563663401874,0.43409495483748084,JAX-LAX,1
2025,1,JAX,SAN,352.0298979591837,813.0,2272.6282798833818,38.0,180.0,1.0,0.0,0.0,0.0,0.0,0.0,2.2231333333333336,,,,,,,0.20884454631252528,0.010516381286234326,0.06662806664762747,0.26037408113045896,0.37705046300462025,0.2940969356018669,0.2111111111111111,0.20884454631252528,0.010516381286234326,0.06662806664762747,0.26037408113045896,0.37705046300462025,0.2940969356018669,JAX-SAN,0
2025,1,JFK,ATL,199.12229466119095,7128.0,776.9799794661191,122946.0,155409.0,897.0,900.0,4.0,18.901805869074494,0.016666666666666666,0.25222222222222224,2.2231333333333336,,,,,,,0.18040542999599665,0.022200385777195474,0.07972794287792138,0.19235893028329643,0.3715323460381475,0.35574939671415823,0.7911124838329826,0.18040542999599665,0.022200385777195474,0.07972794287792138,0.19235893028329643,0.3715323460381475,0.35574939671415823,JFK-ATL,0
2025,1,JFK,AUS,362.02499352611136,5177.0,1540.0345274061285,59294.0,67468.0,415.0,417.0,2.0,11.041062801932368,0.009592326139088728,0.14388489208633093,2.2231333333333336,,,,,,,0.18066105522479983,0.012779716690617943,0.0655739832334086,0.16405824184380596,0.40716516563281335,0.3620476351146755,0.8788462678603189,0.18066105522479983,0.012779716690617943,0.0655739832334086,0.16405824184380596,0.40716516563281335,0.3620476351146755,JFK-AUS,1
2025,1,JFK,DFW,276.8480350039777,2144.0,1425.2132060461415,46085.0,61665.0,416.0,425.0,3.0,15.504830917874395,0.02588235294117647,0.19058823529411764,2.2231333333333336,,,,,,,0.2062396282774643,0.03747759707932293,0.10718704340430481,0.1903530643250198,0.3470410781655484,0.3542601059847202,0.7473445228249412,0.2062396282774643,0.03747759707932293,0.10718704340430481,0.1903530643250198,0.3470410781655484,0.3542601059847202,JFK-DFW,0
2025,1,JFK,GRK,285.12947368421055,19.0,1530.578947368421,0.0,390.0,1.0,0.0,0.0,0.0,0.0,0.0,2.2231333333333336,,,,,,,,,,,,,0.0,,,,,,,JFK-GRK,0
2025,1,JFK,IAH,215.18066508313538,860.0,1485.9192399049882,8385.0,10172.0,72.0,71.0,1.0,12.211267605633802,0.0,0.18309859154929578,2.2231333333333336,,,,,,,0.16850534248952576,0.02717108362049731,0.06321467851469073,0.21375131175937725,0.3868472966603237,0.33570759355923724,0.8243216673220606,0.16850534248952576,0.02717108362049731,0.06321467851469073,0.21375131175937725,0.3868472966603237,0.33570759355923724,JFK-IAH,1
2025,1,JFK,LAX,645.4789975689976,26570.0,2501.8178178178177,302825.0,368790.0,2305.0,2325.0,3.0,7.7315175097276265,0.0064516129032258064,0.10838709677419354,2.2231333333333336,,,,,,,0.1662822530232157,0.008191243991291414,0.06384287985231527,0.17061212978089035,0.33008563663401874,0.43409495483748084,0.8211312671167873,0.1662822530232157,0.008191243991291414,0.06384287985231527,0.17061212978089035,0.33008563663401874,0.43409495483748084,JFK-LAX,1
2025,1,JFK,OAK,419.9963333333333,30.0,2806.0,137.0,160.0,1.0,0.0,0.0,0.0,0.0,0.0,2.2231333333333336,,,,,,,,,,,,,0.85625,,,,,,,JFK-OAK,1
2025,1,JFK,ONT,256.98788273615634,409.0,2603.5635179153096,284.0,337.0,5.0,0.0,0.0,0.0,0.0,0.0,2.2231333333333336,,,,,,,,,,,,,0.8427299703264095,,,,,,,JFK-ONT,1
2025,1,JFK,PSP,436.3234733893558,1226.0,2423.035014005602,11095.0,14274.0,84.0,85.0,2.0,3.892857142857143,0.011764705882352941,0.09411764705882353,2.2231333333333336,,,,,,,,,,,,,0.7772873756480314,,,,,,,JFK-PSP,0
2025,1,JFK,SAN,379.043922883487,6278.0,2459.3541492036884,71082.0,92866.0,513.0,521.0,3.0,3.2934362934362933,0.009596928982725527,0.14395393474088292,2.2231333333333336,,,,,,,0.20884454631252528,0.010516381286234326,0.06662806664762747,0.26037408113045896,0.37705046300462025,0.2940969356018669,0.7654254517261431,0.20884454631252528,0.010516381286234326,0.06662806664762747,0.26037408113045896,0.37705046300462025,0.2940969356018669,JFK-SAN,0
2025,1,JFK,SAT,327.37784962406016,1082.0,1668.3022556390977,9447.0,14028.0,90.0,90.0,1.0,0.8444444444444444,0.0,0.03333333333333333,2.2231333333333336,,,,,,,,,,,,,0.6734388366124893,,,,,,,JFK-SAT,0
2025,1,JFK,SAV,186.01197905759162,1946.0,726.8544502617801,25639.0,32784.0,351.0,367.0,3.0,10.738636363636363,0.043596730245231606,0.1907356948228883,2.2231333333333336,,,,,,,,,,,,,0.7820583211322596,,,,,,,JFK-SAV,0
2025,1,JFK,SFO,569.0780130969493,17141.0,2608.438108928286,188684.0,236402.0,1451.0,1466.0,4.0,7.09664153529815,0.007503410641200546,0.13915416098226466,2.2231333333333336,,,,,,,0.22080340516094707,0.00951789778605421,0.04750395680104273,0.43247928498277627,0.2687235825342147,0.25053346988176145,0.7981489158298153,0.22080340516094707,0.00951789778605421,0.04750395680104273,0.43247928498277627,0.2687235825342147,0.25053346988176145,JFK-SFO,0
2025,1,JFK,SJC,317.24575471698114,233.0,2770.764150943396,171.0,178.0,1.0,0.0,0.0,0.0,0.0,0.0,2.2231333333333336,,,,,,,,,,,,,0.9606741573033708,,,,,,,JFK-SJC,1
2025,1,JFK,SNA,497.776937716263,865.0,2500.5415224913495,7565.0,9046.0,88.0,0.0,0.0,0.0,0.0,0.0,2.2231333333333336,,,,,,,,,,,,,0.8362812292726067,,,,,,,JFK-SNA,1
2025,1,KOA,ATL,545.563245614035,252.0,4603.741228070176,5.0,12.0,1.0,0.0,0.0,0.0,0.0,0.0,2.2231333333333336,,,,,,,0.18040542999599665,0.022200385777195474,0.07972794287792138,0.19235893028329643,0.3715323460381475,0.35574939671415823,0.4166666666666667,0.18040542999599665,0.022200385777195474,0.07972794287792138,0.19235893028329643,0.3715323460381475,0.35574939671415823,KOA-ATL,0
2025,1,KOA,LAX,382.479748139668,2865.0,2537.1522610188895,58533.0,70850.0,390.0,371.0,5.0,18.438692098092645,0.01078167115902965,0.12398921832884097,2.2231333333333336,,,,,,,0.1662822530232157,0.008191243991291414,0.06384287985231527,0.17061212978089035,0.33008563663401874,0.43409495483748084,0.8261538461538461,0.1662822530232157,0.008191243991291414,0.06384287985231527,0.17061212978089035,0.33008563663401874,0.43409495483748084,KOA-LAX,1
2025,1,KOA,OAK,265.18630952380954,690.0,2449.1785714285716,12285.0,14576.0,111.0,64.0,1.0,0.921875,0.0,0.109375,2.2231333333333336,,,,,,,,,,,,,0.8428238199780461,,,,,,,KOA-OAK,1
2025,1,KOA,ONT,284.9399130434782,121.0,2903.0521739130436,0.0,0.0,53.0,0.0,0.0,0.0,0.0,0.0,2.2231333333333336,,,,,,,,,,,,,,,,,,,,KOA-ONT,0
2025,1,KOA,PSP,430.34000000000003,35.0,3106.8064516129034,9.0,14.0,1.0,0.0,0.0,0.0,0.0,0.0,2.2231333333333336,,,,,,,,,,,,,0.6428571428571429,,,,,,,KOA-PSP,0
2025,1,KOA,SAN,331.9903079178886,957.0,2704.3621700879767,8999.0,10168.0,60.0,59.0,1.0,1.3728813559322033,0.0,0.13559322033898305,2.2231333333333336,,,,,,,0.20884454631252528,0.010516381286234326,0.06662806664762747,0.26037408113045896,0.37705046300462025,0.2940969356018669,0.8850314712824547,0.20884454631252528,0.010516381286234326,0.06662806664762747,0.26037408113045896,0.37705046300462025,0.2940969356018669,KOA-SAN,1
2025,1,KOA,SBP,381.03541666666666,49.0,2723.6041666666665,5.0,8.0,1.0,0.0,0.0,0.0,0.0,0.0,2.2231333333333336,,,,,,,,,,,,,0.625,,,,,,,KOA-SBP,0
2025,1,KOA,SFO,525.8267879325643,2006.0,2428.251109139308,33612.0,37711.0,138.0,139.0,1.0,10.474820143884893,0.0,0.14388489208633093,2.2231333333333336,,,,,,,0.22080340516094707,0.00951789778605421,0.04750395680104273,0.43247928498277627,0.2687235825342147,0.25053346988176145,0.8913049242926467,0.22080340516094707,0.00951789778605421,0.04750395680104273,0.43247928498277627,0.2687235825342147,0.25053346988176145,KOA-SFO,1
2025,1,KOA,SJC,351.2985046728972,821.0,2524.5663551401867,6694.0,8183.0,48.0,48.0,1.0,-2.5833333333333335,0.0,0.0625,2.2231333333333336,,,,,,,,,,,,,0.818037394598558,,,,,,,KOA-SJC,1
2025,1,KOA,SMF,317.13493769470404,901.0,2560.771028037383,9625.0,12110.0,66.0,65.0,2.0,9.538461538461538,0.0,0.12307692307692308,2.2231333333333336,,,,,,,,,,,,,0.7947976878612717,,,,,,,KOA-SMF,0
2025,1,LAL,ATL,43.55882352941177,27.0,415.0,288.0,756.0,4.0,0.0,0.0,0.0,0.0,0.0,2.2231333333333336,,,,,,,0.18040542999599665,0.022200385777195474,0.07972794287792138,0.19235893028329643,0.3715323460381475,0.35574939671415823,0.38095238095238093,0.18040542999599665,0.022200385777195474,0.07972794287792138,0.19235893028329643,0.3715323460381475,0.35574939671415823,LAL-ATL,0
2025,1,LAN,ATL,269.0419696969697,68.0,718.3939393939394,142.0,186.0,1.0,0.0,0.0,0.0,0.0,0.0,2.2231333333333336,,,,,,,0.18040542999599665,0.022200385777195474,0.07972794287792138,0.19235893028329643,0.3715323460381475,0.35574939671415823,0.7634408602150538,0.18040542999599665,0.022200385777195474,0.07972794287792138,0.19235893028329643,0.3715323460381475,0.35574939671415823,LAN-ATL,0
2025,1,LAN,HRL,182.0,1.0,1442.0,0.0,180.0,1.0,0.0,0.0,0.0,0.0,0.0,2.2231333333333336,,,,,,,,,,,,,0.0,,,,,,,LAN-HRL,0
2025,1,LAN,LAX,365.62333333333333,46.0,2000.0,95.0,186.0,1.0,0.0,0.0,0.0,0.0,0.0,2.2231333333333336,,,,,,,0.1662822530232157,0.008191243991291414,0.06384287985231527,0.17061212978089035,0.33008563663401874,0.43409495483748084,0.510752688172043,0.1662822530232157,0.008191243991291414,0.06384287985231527,0.17061212978089035,0.33008563663401874,0.43409495483748084,LAN-LAX,0
2025,1,LAS,AMA,229.23988095238096,561.0,859.3392857142857,8698.0,13608.0,88.0,90.0,1.0,6.8977272727272725,0.022222222222222223,0.2222222222222222,2.2231333333333336,,,,,,,,,,,,,0.6391828336272781,,,,,,,LAS-AMA,0
2025,1,LAS,ATL,380.4892997757289,9952.0,1805.6010465985546,189168.0,229193.0,1169.0,1189.0,4.0,10.329632792485056,0.0159798149705635,0.17325483599663583,2.2231333333333336,,,,,,,0.18040542999599665,0.022200385777195474,0.07972794287792138,0.19235893028329643,0.3715323460381475,0.35574939671415823,0.8253655216346049,0.18040542999599665,0.022200385777195474,0.07972794287792138,0.19235893028329643,0.3715323460381475,0.35574939671415823,LAS-ATL,1
2025,1,LAS,AUS,237.649764181007,7275.0,1125.9187380497133,91752.0,121370.0,740.0,744.0,4.0,9.350948509485095,0.008064516129032258,0.20833333333333334,2.2231333333333336,,,,,,,0.18066105522479983,0.012779716690617943,0.0655739832334086,0.16405824184380596,0.40716516563281335,0.3620476351146755,0.7559693499217269,0.18066105522479983,0.012779716690617943,0.0655739832334086,0.16405824184380596,0.40716516563281335,0.3620476351146755,LAS-AUS,0
2025,1,LAS,BUR,153.32005220417633,6992.0,223.01798143851508,111057.0,176112.0,1665.0,1062.0,2.0,7.857280617164899,0.026365348399246705,0.2024482109227872,2.2231333333333336,,,,,,,,,,,,,0.6306043881166531,,,,,,,LAS-BUR,0
2025,1,LAS,DAL,240.16138469827587,4855.0,1078.0775862068965,87071.0,125613.0,881.0,729.0,1.0,10.859722222222222,0.012345679012345678,0.22633744855967078,2.2231333333333336,,,,,,,,,,,,,0.6931687006918074,,,,,,,LAS-DAL,0
2025,1,LAS,DFW,289.315818293056,12442.0,1094.3389415723464,222285.0,280089.0,1443.0,1484.0,3.0,12.051939058171746,0.027628032345013476,0.16711590296495957,2.2231333333333336,,,,,,,0.2062396282774643,0.03747759707932293,0.10718704340430481,0.1903530643250198,0.3470410781655484,0.3542601059847202,0.7936227413429303,0.2062396282774643,0.03747759707932293,0.10718704340430481,0.1903530643250198,0.3470410781655484,0.3542601059847202,LAS-DFW,0
2025,1,LAS,ELP,173.9776261682243,2414.0,617.9018691588785,34194.0,50548.0,306.0,303.0,3.0,8.996655518394649,0.0165016501650165,0.19801980198019803,2.2231333333333336,,,,,,,,,,,,,0.676465933370262,,,,,,,LAS-ELP,0
2025,1,LAS,FAT,141.69799265605874,2385.0,275.10526315789474,43200.0,65531.0,410.0,410.0,2.0,7.71882640586797,0.0024390243902439024,0.2048780487804878,2.2231333333333336,,,,,,,,,,,,,0.6592299827562528,,,,,,,LAS-FAT,0
2025,1,LAS,HOU,234.6131421446384,3945.0,1251.8983790523691,63670.0,79144.0,472.0,482.0,1.0,9.651162790697674,0.01867219917012448,0.2053941908713693,2.2231333333333336,,,,,,,,,,,,,0.8044829677549783,,,,,,,LAS-HOU,1
2025,1,LAS,HRL,206.73067226890757,271.0,1482.9033613445379,124.0,210.0,1.0,0.0,0.0,0.0,0.0,0.0,2.2231333333333336,,,,,,,,,,,,,0.5904761904761905,,,,,,,LAS-HRL,0
2025,1,LAS,IAH,279.72706958250495,8196.0,1268.7153081510935,134388.0,171753.0,932.0,946.0,3.0,3.5562700964630225,0.013742071881606765,0.11416490486257928,2.2231333333333336,,,,,,,0.16850534248952576,0.02717108362049731,0.06321467851469073,0.21375131175937725,0.3868472966603237,0.33570759355923724,0.7824492148608758,0.16850534248952576,0.02717108362049731,0.06321467851469073,0.21375131175937725,0.3868472966603237,0.33570759355923724,LAS-IAH,0
2025,1,LAS,LAX,156.6214882565492,17238.0,236.03748870822042,312080.0,419342.0,2844.0,2633.0,9.0,10.195419847328244,0.005317128750474744,0.1993923281428029,2.2231333333333336,,,,,,,0.1662822530232157,0.008191243991291414,0.06384287985231527,0.17061212978089035,0.33008563663401874,0.43409495483748084,0.7442135536149491,0.1662822530232157,0.008191243991291414,0.06384287985231527,0.17061212978089035,0.33008563663401874,0.43409495483748084,LAS-LAX,0
2025,1,LAS,LBB,266.32594594594593,664.0,923.2874692874693,9852.0,13303.0,89.0,0.0,0.0,0.0,0.0,0.0,2.2231333333333336,,,,,,,,,,,,,0.7405848304893633,,,,,,,LAS-LBB,0
2025,1,LAS,LGB,137.26902985074628,4204.0,231.03482587064676,61273.0,89834.0,574.0,0.0,0.0,0.0,0.0,0.0,2.2231333333333336,,,,,,,,,,,,,0.6820691497651223,,,,,,,LAS-LGB,0
2025,1,LAS,LRD,167.1398445595855,308.0,1212.4766839378237,2981.0,4104.0,26.0,0.0,0.0,0.0,0.0,0.0,2.2231333333333336,,,,,,,,,,,,,0.726364522417154,,,,,,,LAS-LRD,0
2025,1,LAS,MAF,288.7837915742794,728.0,989.7405764966741,9021.0,13079.0,89.0,90.0,1.0,3.3820224719101124,0.011111111111111112,0.14444444444444443,2.2231333333333336,,,,,,,,,,,,,0.6897316308586283,,,,,,,LAS-MAF,0
2025,1,LAS,MFE,184.25869120654397,1408.0,1316.7402862985684,13035.0,15396.0,98.0,0.0,0.0,0.0,0.0,0.0,2.2231333333333336,,,,,,,,,,,,,0.8466484801247077,,,,,,,LAS-MFE,1
2025,1,LAS,MRY,110.24878306878307,327.0,438.5238095238095,2703.0,4098.0,26.0,0.0,0.0,0.0,0.0,0.0,2.2231333333333336,,,,,,,,,,,,,0.6595900439238653,,,,,,,LAS-MRY,0
2025,1,LAS,OAK,154.9688295269168,9933.0,418.36990212071777,136457.0,179359.0,1198.0,1056.0,2.0,8.638095238095238,0.006628787878787879,0.22443181818181818,2.2231333333333336,,,,,,,,,,,,,0.7608037511359899,,,,,,,LAS-OAK,0
2025,1,LAS,ONT,136.65914678899082,3736.0,197.0,73146.0,107828.0,651.0,632.0,2.0,10.996810207336523,0.007911392405063292,0.2088607594936709,2.2231333333333336,,,,,,,,,,,,,0.6783581259042178,,,,,,,LAS-ONT,0
2025,1,LAS,PSP,207.60823717948716,553.0,175.77243589743588,25241.0,33415.0,203.0,203.0,1.0,9.900990099009901,0.0049261083743842365,0.22660098522167488,2.2231333333333336,,,,,,,,,,,,,0.7553793206643723,,,,,,,LAS-PSP,0
2025,1,LAS,SAN,135.50437863372093,12249.0,261.83793604651163,182300.0,249256.0,1809.0,1815.0,5.0,12.72216035634744,0.012672176308539946,0.23360881542699724,2.2231333333333336,,,,,,,0.20884454631252528,0.010516381286234326,0.06662806664762747,0.26037408113045896,0.37705046300462025,0.2940969356018669,0.7313765766922361,0.20884454631252528,0.010516381286234326,0.06662806664762747,0.26037408113045896,0.37705046300462025,0.2940969356018669,LAS-SAN,0
2025,1,LAS,SAT,220.46977979274612,5287.0,1126.6524179620035,69876.0,94613.0,542.0,549.0,3.0,7.456400742115028,0.018214936247723135,0.18032786885245902,2.2231333333333336,,,,,,,,,,,,,0.7385454430152305,,,,,,,LAS-SAT,0
2025,1,LAS,SBA,193.97367088607595,739.0,306.6886075949367,21544.0,30241.0,207.0,0.0,0.0,0.0,0.0,0.0,2.2231333333333336,,,,,,,,,,,,,0.712410303892067,,,,,,,LAS-SBA,0
2025,1,LAS,SBP,173.00024193548387,439.0,358.1491935483871,4262.0,6688.0,88.0,0.0,0.0,0.0,0.0,0.0,2.2231333333333336,,,,,,,,,,,,,0.6372607655502392,,,,,,,LAS-SBP,0
2025,1,LAS,SCK,65.636,789.0,359.0,9166.0,12771.0,81.0,0.0,0.0,0.0,0.0,0.0,2.2231333333333336,,,,,,,,,,,,,0.7177198339989037,,,,,,,LAS-SCK,0
2025,1,LAS,SFO,201.71110785198556,13354.0,423.0277527075812,197628.0,256861.0,1533.0,1530.0,6.0,11.89652914210871,0.00196078431372549,0.23790849673202613,2.2231333333333336,,,,,,,0.22080340516094707,0.00951789778605421,0.04750395680104273,0.43247928498277627,0.2687235825342147,0.25053346988176145,0.7693966775804812,0.22080340516094707,0.00951789778605421,0.04750395680104273,0.43247928498277627,0.2687235825342147,0.25053346988176145,LAS-SFO,0
2025,1,LAS,SJC,171.30263606071824,9652.0,396.6638282117734,127842.0,182889.0,1095.0,1096.0,6.0,7.294225481209899,0.004562043795620438,0.1760948905109489,2.2231333333333336,,,,,,,,,,,,,0.6990141561274872,,,,,,,LAS-SJC,0
2025,1,LAS,SMF,161.6154043026706,10152.0,411.6839762611276,142287.0,192755.0,1288.0,1290.0,4.0,8.212003117692907,0.005426356589147287,0.1930232558139535,2.2231333333333336,,,,,,,,,,,,,0.7381754040102722,,,,,,,LAS-SMF,0
2025,1,LAS,SMX,49.61068702290076,240.0,310.0,2638.0,3900.0,25.0,0.0,0.0,0.0,0.0,0.0,2.2231333333333336,,,,,,,,,,,,,0.6764102564102564,,,,,,,LAS-SMX,0
2025,1,LAS,SNA,150.5902634194831,7063.0,226.0213717693837,112942.0,154240.0,1436.0,0.0,0.0,0.0,0.0,0.0,2.2231333333333336,,,,,,,,,,,,,0.7322484439834025,,,,,,,LAS-SNA,0
2025,1,LAS,STS,129.61484581497797,960.0,474.29074889867843,10068.0,14211.0,138.0,0.0,0.0,0.0,0.0,0.0,2.2231333333333336,,,,,,,,,,,,,0.7084652733797763,,,,,,,LAS-STS,0
2025,1,LAW,DFW,280.4846153846154,17.0,140.0,8732.0,16283.0,250.0,270.0,1.0,12.235772357723578,0.08888888888888889,0.17407407407407408,2.2231333333333336,,,,,,,0.2062396282774643,0.03747759707932293,0.10718704340430481,0.1903530643250198,0.3470410781655484,0.3542601059847202,0.5362648160658355,0.2062396282774643,0.03747759707932293,0.10718704340430481,0.1903530643250198,0.3470410781655484,0.3542601059847202,LAW-DFW,0
2025,1,LAW,SAT,366.40909090909093,22.0,387.0,0.0,65.0,1.0,0.0,0.0,0.0,0.0,0.0,2.2231333333333336,,,,,,,,,,,,,0.0,,,,,,,LAW-SAT,0
2025,1,LAX,ABQ,222.21534841628957,1871.0,701.6678733031674,26287.0,44558.0,502.0,502.0,2.0,0.5289421157684631,0.00199203187250996,0.08964143426294821,2.2231333333333336,0.1662822530232157,0.008191243991291414,0.06384287985231527,0.17061212978089035,0.33008563663401874,0.43409495483748084,,,,,,,0.5899501772970062,0.1662822530232157,0.008191243991291414,0.06384287985231527,0.17061212978089035,0.33008563663401874,0.43409495483748084,LAX-ABQ,0
2025,1,LAX,ACV,221.25564814814814,300.0,582.2592592592592,4996.0,6526.0,91.0,90.0,1.0,5.7555555555555555,0.0,0.12222222222222222,2.2231333333333336,0.1662822530232157,0.008191243991291414,0.06384287985231527,0.17061212978089035,0.33008563663401874,0.43409495483748084,,,,,,,0.7655531719276739,0.1662822530232157,0.008191243991291414,0.06384287985231527,0.17061212978089035,0.33008563663401874,0.43409495483748084,LAX-ACV,0
2025,1,LAX,AMA,247.73975609756098,166.0,1398.3902439024391,340.0,392.0,2.0,0.0,0.0,0.0,0.0,0.0,2.2231333333333336,0.1662822530232157,0.008191243991291414,0.06384287985231527,0.17061212978089035,0.33008563663401874,0.43409495483748084,,,,,,,0.8673469387755102,0.1662822530232157,0.008191243991291414,0.06384287985231527,0.17061212978089035,0.33008563663401874,0.43409495483748084,LAX-AMA,1
2025,1,LAX,ANC,373.6773950617284,1140.0,2400.740740740741,11840.0,13887.0,127.0,78.0,1.0,5.782051282051282,0.0,0.23076923076923078,2.2231333333333336,0.1662822530232157,0.008191243991291414,0.06384287985231527,0.17061212978089035,0.33008563663401874,0.43409495483748084,,,,,,,0.8525959530496148,0.1662822530232157,0.008191243991291414,0.06384287985231527,0.17061212978089035,0.33008563663401874,0.43409495483748084,LAX-ANC,1
2025,1,LAX,ASE,360.6045802337938,1510.0,743.894792773645,18390.0,27496.0,404.0,438.0,1.0,38.1764705882353,0.02968036529680365,0.2625570776255708,2.2231333333333336,0.1662822530232157,0.008191243991291414,0.06384287985231527,0.17061212978089035,0.33008563663401874,0.43409495483748084,,,,,,,0.6688245562990981,0.1662822530232157,0.008191243991291414,0.06384287985231527,0.17061212978089035,0.33008563663401874,0.43409495483748084,LAX-ASE,0
2025,1,LAX,ATL,383.1137511071745,21820.0,2000.8024800708592,429568.0,506782.0,2444.0,1233.0,4.0,16.001642036124796,0.012165450121654502,0.2278994322789943,2.2231333333333336,0.1662822530232157,0.008191243991291414,0.06384287985231527,0.17061212978089035,0.33008563663401874,0.43409495483748084,0.18040542999599665,0.022200385777195474,0.07972794287792138,0.19235893028329643,0.3715323460381475,0.35574939671415823,0.8476386296277295,0.1733438415096062,0.015195814884243444,0.07178541136511832,0.1814855300320934,0.3508089913360831,0.39492217577581956,LAX-ATL,1
2025,1,LAX,AUS,286.234051494525,14328.0,1274.8535069547204,196086.0,298654.0,1946.0,977.0,6.0,5.068859198355601,0.0040941658137154556,0.13510747185261002,2.2231333333333336,0.1662822530232157,0.008191243991291414,0.06384287985231527,0.17061212978089035,0.33008563663401874,0.43409495483748084,0.18066105522479983,0.012779716690617943,0.0655739832334086,0.16405824184380596,0.40716516563281335,0.3620476351146755,0.6565657918527795,0.17347165412400778,0.01048548034095468,0.06470843154286193,0.16733518581234816,0.368625401133416,0.3980712949760782,LAX-AUS,0
2025,1,LAX,BIH,291.55,8.0,558.0,16.0,30.0,1.0,0.0,0.0,0.0,0.0,0.0,2.2231333333333336,0.1662822530232157,0.008191243991291414,0.06384287985231527,0.17061212978089035,0.33008563663401874,0.43409495483748084,,,,,,,0.5333333333333333,0.1662822530232157,0.008191243991291414,0.06384287985231527,0.17061212978089035,0.33008563663401874,0.43409495483748084,LAX-BIH,0
2025,1,LAX,BIL,257.1414492753623,148.0,1252.5289855072465,52.0,70.0,1.0,0.0,0.0,0.0,0.0,0.0,2.2231333333333336,0.1662822530232157,0.008191243991291414,0.06384287985231527,0.17061212978089035,0.33008563663401874,0.43409495483748084,,,,,,,0.7428571428571429,0.1662822530232157,0.008191243991291414,0.06384287985231527,0.17061212978089035,0.33008563663401874,0.43409495483748084,LAX-BIL,0
2025,1,LAX,BLI,128.97514150943397,365.0,1047.0094339622642,3315.0,4212.0,27.0,27.0,1.0,-0.2962962962962963,0.0,0.14814814814814814,2.2231333333333336,0.1662822530232157,0.008191243991291414,0.06384287985231527,0.17061212978089035,0.33008563663401874,0.43409495483748084,,,,,,,0.7870370370370371,0.1662822530232157,0.008191243991291414,0.06384287985231527,0.17061212978089035,0.33008563663401874,0.43409495483748084,LAX-BLI,0
2025,1,LAX,BNA,350.56968172888014,4428.0,1870.2157170923379,55233.0,72650.0,427.0,422.0,3.0,2.2768496420047732,0.0071090047393364926,0.0995260663507109,2.2231333333333336,0.1662822530232157,0.008191243991291414,0.06384287985231527,0.17061212978089035,0.33008563663401874,0.43409495483748084,,,,,,,0.7602615278733654,0.1662822530232157,0.008191243991291414,0.06384287985231527,0.17061212978089035,0.33008563663401874,0.43409495483748084,LAX-BNA,0
2025,1,LAX,BOI,205.16821124361158,1726.0,736.7572402044293,25685.0,33230.0,449.0,446.0,3.0,6.609865470852018,0.0,0.15695067264573992,2.2231333333333336,0.1662822530232157,0.008191243991291414,0.06384287985231527,0.17061212978089035,0.33008563663401874,0.43409495483748084,,,,,,,0.7729461330123383,0.1662822530232157,0.008191243991291414,0.06384287985231527,0.17061212978089035,0.33008563663401874,0.43409495483748084,LAX-BOI,0
2025,1,LAX,BOS,403.7050434614642,11985.0,2638.251690168051,126615.0,148419.0,963.0,968.0,4.0,7.904564315352697,0.004132231404958678,0.1487603305785124,2.2231333333333336,0.1662822530232157,0.008191243991291414,0.06384287985231527,0.17061212978089035,0.33008563663401874,0.43409495483748084,,,,,,,0.8530915853091585,0.1662822530232157,0.008191243991291414,0.06384287985231527,0.17061212978089035,0.33008563663401874,0.43409495483748084,LAX-BOS,1
2025,1,LAX,BRO,272.462,106.0,1705.3,242.0,712.0,4.0,0.0,0.0,0.0,0.0,0.0,2.2231333333333336,0.1662822530232157,0.008191243991291414,0.06384287985231527,0.17061212978089035,0.33008563663401874,0.43409495483748084,,,,,,,0.3398876404494382,0.1662822530232157,0.008191243991291414,0.06384287985231527,0.17061212978089035,0.33008563663401874,0.43409495483748084,LAX-BRO,0
2025,1,LAX,BTR,310.06103174603174,131.0,1732.3015873015872,68.0,68.0,1.0,0.0,0.0,0.0,0.0,0.0,2.2231333333333336,0.1662822530232157,0.008191243991291414,0.06384287985231527,0.17061212978089035,0.33008563663401874,0.43409495483748084,,,,,,,1.0,0.1662822530232157,0.008191243991291414,0.06384287985231527,0.17061212978089035,0.33008563663401874,0.43409495483748084,LAX-BTR,1
2025,1,LAX,BUF,255.88008771929827,831.0,2445.6725146198833,732.0,972.0,6.0,6.0,1.0,31.333333333333332,0.0,0.6666666666666666,2.2231333333333336,0.1662822530232157,0.008191243991291414,0.06384287985231527,0.17061212978089035,0.33008563663401874,0.43409495483748084,,,,,,,0.7530864197530864,0.1662822530232157,0.008191243991291414,0.06384287985231527,0.17061212978089035,0.33008563663401874,0.43409495483748084,LAX-BUF,0
2025,1,LAX,BWI,274.34958115183247,3655.0,2380.6950261780103,41504.0,55064.0,313.0,315.0,3.0,2.75,0.009523809523809525,0.09841269841269841,2.2231333333333336,0.1662822530232157,0.008191243991291414,0.06384287985231527,0.17061212978089035,0.33008563663401874,0.43409495483748084,,,,,,,0.7537411012639837,0.1662822530232157,0.008191243991291414,0.06384287985231527,0.17061212978089035,0.33008563663401874,0.43409495483748084,LAX-BWI,0
2025,1,LAX,BZN,294.24052700922266,976.0,975.536231884058,10334.0,14379.0,190.0,193.0,2.0,4.15625,0.0051813471502590676,0.11398963730569948,2.2231333333333336,0.1662822530232157,0.008191243991291414,0.06384287985231527,0.17061212978089035,0.33008563663401874,0.43409495483748084,,,,,,,0.7186869740593922,0.1662822530232157,0.008191243991291414,0.06384287985231527,0.17061212978089035,0.33008563663401874,0.43409495483748084,LAX-BZN,0
2025,1,LAX,CHA,319.9378217821782,207.0,2168.6881188118814,176.0,189.0,1.0,0.0,0.0,0.0,0.0,0.0,2.2231333333333336,0.1662822530232157,0.008191243991291414,0.06384287985231527,0.17061212978089035,0.33008563663401874,0.43409495483748084,,,,,,,0.9312169312169312,0.1662822530232157,0.008191243991291414,0.06384287985231527,0.17061212978089035,0.33008563663401874,0.43409495483748084,LAX-CHA,1
2025,1,LAX,CHS,327.0684411764706,776.0,2354.664705882353,727.0,822.0,6.0,0.0,0.0,0.0,0.0,0.0,2.2231333333333336,0.1662822530232157,0.008191243991291414,0.06384287985231527,0.17061212978089035,0.33008563663401874,0.43409495483748084,,,,,,,0.8844282238442822,0.1662822530232157,0.008191243991291414,0.06384287985231527,0.17061212978089035,0.33008563663401874,0.43409495483748084,LAX-CHS,1
2025,1,LAX,CID,297.2204219409283,256.0,1795.3206751054852,49.0,108.0,1.0,0.0,0.0,0.0,0.0,0.0,2.2231333333333336,0.1662822530232157,0.008191243991291414,0.06384287985231527,0.17061212978089035,0.33008563663401874,0.43409495483748084,,,,,,,0.4537037037037037,0.1662822530232157,0.008191243991291414,0.06384287985231527,0.17061212978089035,0.33008563663401874,0.43409495483748084,LAX-CID,0
2025,1,LAX,CLE,315.92040531561463,2461.0,2131.7282392026577,18774.0,26921.0,161.0,158.0,1.0,1.0379746835443038,0.0,0.08860759493670886,2.2231333333333336,0.1662822530232157,0.008191243991291414,0.06384287985231527,0.17061212978089035,0.33008563663401874,0.43409495483748084,,,,,,,0.6973737974072286,0.1662822530232157,0.008191243991291414,0.06384287985231527,0.17061212978089035,0.33008563663401874,0.43409495483748084,LAX-CLE,0
2025,1,LAX,CLT,365.9463588110403,3781.0,2189.731422505308,99192.0,116253.0,604.0,607.0,2.0,3.1245847176079735,0.008237232289950576,0.08896210873146623,2.2231333333333336,0.1662822530232157,0.008191243991291414,0.06384287985231527,0.17061212978089035,0.33008563663401874,0.43409495483748084,,,,,,,0.8532424969678202,0.1662822530232157,0.008191243991291414,0.06384287985231527,0.17061212978089035,0.33008563663401874,0.43409495483748084,LAX-CLT,1
2025,1,LAX,CMH,280.2446954140999,1742.0,2138.073237508556,7397.0,8518.0,47.0,38.0,4.0,17.763157894736842,0.0,0.34210526315789475,2.2231333333333336,0.1662822530232157,0.008191243991291414,0.06384287985231527,0.17061212978089035,0.33008563663401874,0.43409495483748084,,,,,,,0.8683963371683494,0.1662822530232157,0.008191243991291414,0.06384287985231527,0.17061212978089035,0.33008563663401874,0.43409495483748084,LAX-CMH,1
2025,1,LAX,CMI,344.0560869565217,74.0,1914.3333333333333,86.0,306.0,2.0,0.0,0.0,0.0,0.0,0.0,2.2231333333333336,0.1662822530232157,0.008191243991291414,0.06384287985231527,0.17061212978089035,0.33008563663401874,0.43409495483748084,,,,,,,0.28104575163398693,0.1662822530232157,0.008191243991291414,0.06384287985231527,0.17061212978089035,0.33008563663401874,0.43409495483748084,LAX-CMI,0
2025,1,LAX,COS,264.87610486891384,293.0,948.6554307116105,68.0,146.0,2.0,0.0,0.0,0.0,0.0,0.0,2.2231333333333336,0.1662822530232157,0.008191243991291414,0.06384287985231527,0.17061212978089035,0.33008563663401874,0.43409495483748084,,,,,,,0.4657534246575342,0.1662822530232157,0.008191243991291414,0.06384287985231527,0.17061212978089035,0.33008563663401874,0.43409495483748084,LAX-COS,0
2025,1,LAX,CRP,336.2727536231884,150.0,1589.3333333333333,348.0,350.0,2.0,0.0,0.0,0.0,0.0,0.0,2.2231333333333336,0.1662822530232157,0.008191243991291414,0.06384287985231527,0.17061212978089035,0.33008563663401874,0.43409495483748084,,,,,,,0.9942857142857143,0.1662822530232157,0.008191243991291414,0.06384287985231527,0.17061212978089035,0.33008563663401874,0.43409495483748084,LAX-CRP,1
2025,1,LAX,CVG,322.8934310344828,1543.0,2050.312068965517,9589.0,13483.0,297.0,71.0,2.0,3.085714285714286,0.014084507042253521,0.16901408450704225,2.2231333333333336,0.1662822530232157,0.008191243991291414,0.06384287985231527,0.17061212978089035,0.33008563663401874,0.43409495483748084,,,,,,,0.7111918712452718,0.1662822530232157,0.008191243991291414,0.06384287985231527,0.17061212978089035,0.33008563663401874,0.43409495483748084,LAX-CVG,0
2025,1,LAX,DAL,214.00626176218992,5584.0,1256.0786997433704,83766.0,121120.0,732.0,366.0,1.0,6.409972299168975,0.01366120218579235,0.15300546448087432,2.2231333333333336,0.1662822530232157,0.008191243991291414,0.06384287985231527,0.17061212978089035,0.33008563663401874,0.43409495483748084,,,,,,,0.6915951122853369,0.1662822530232157,0.008191243991291414,0.06384287985231527,0.17061212978089035,0.33008563663401874,0.43409495483748084,LAX-DAL,0
2025,1,LAX,DCA,376.3551055858311,5653.0,2368.7431880108993,53466.0,62931.0,349.0,360.0,3.0,15.471751412429379,0.019444444444444445,0.18888888888888888,2.2231333333333336,0.1662822530232157,0.008191243991291414,0.06384287985231527,0.17061212978089035,0.33008563663401874,0.43409495483748084,,,,,,,0.8495971778614673,0.1662822530232157,0.008191243991291414,0.06384287985231527,0.17061212978089035,0.33008563663401874,0.43409495483748084,LAX-DCA,1
2025,1,LAX,DEN,205.22571898734176,10875.0,877.7329113924051,210380.0,296309.0,1885.0,1861.0,5.0,5.507277628032345,0.0032240730789897904,0.13433637829124126,2.2231333333333336,0.1662822530232157,0.008191243991291414,0.06384287985231527,0.17061212978089035,0.33008563663401874,0.43409495483748084,,,,,,,0.7100020586617348,0.1662822530232157,0.008191243991291414,0.06384287985231527,0.17061212978089035,0.33008563663401874,0.43409495483748084,LAX-DEN,0
2025,1,LAX,DFW,264.33278034979423,26438.0,1272.7649176954733,486208.0,613938.0,3336.0,1669.0,4.0,8.022643818849449,0.022768124625524265,0.1695626123427202,2.2231333333333336,0.1662822530232157,0.008191243991291414,0.06384287985231527,0.17061212978089035,0.33008563663401874,0.43409495483748084,0.2062396282774643,0.03747759707932293,0.10718704340430481,0.1903530643250198,0.3470410781655484,0.3542601059847202,0.7919496757001522,0.18626094065034,0.022834420535307175,0.08551496162831004,0.18048259705295508,0.3385633573997836,0.3941775304111005,LAX-DFW,0
2025,1,LAX,DRO,245.25594202898552,72.0,988.0144927536232,0.0,65.0,1.0,0.0,0.0,0.0,0.0,0.0,2.2231333333333336,0.1662822530232157,0.008191243991291414,0.06384287985231527,0.17061212978089035,0.33008563663401874,0.43409495483748084,,,,,,,0.0,0.1662822530232157,0.008191243991291414,0.06384287985231527,0.17061212978089035,0.33008563663401874,0.43409495483748084,LAX-DRO,0
2025,1,LAX,DTW,333.8200308641975,6225.0,2048.3463648834017,96763.0,123828.0,614.0,615.0,2.0,7.876019575856444,0.0032520325203252032,0.16747967479674797,2.2231333333333336,0.1662822530232157,0.008191243991291414,0.06384287985231527,0.17061212978089035,0.33008563663401874,0.43409495483748084,,,,,,,0.7814306941887134,0.1662822530232157,0.008191243991291414,0.06384287985231527,0.17061212978089035,0.33008563663401874,0.43409495483748084,LAX-DTW,0
2025,1,LAX,EGE,336.05202469135804,557.0,796.6345679012346,5949.0,11538.0,169.0,173.0,1.0,3.606936416184971,0.0,0.1329479768786127,2.2231333333333336,0.1662822530232157,0.008191243991291414,0.06384287985231527,0.17061212978089035,0.33008563663401874,0.43409495483748084,,,,,,,0.515600624024961,0.1662822530232157,0.008191243991291414,0.06384287985231527,0.17061212978089035,0.33008563663401874,0.43409495483748084,LAX-EGE,0
2025,1,LAX,ELP,229.98347826086956,2762.0,772.4582843713279,34388.0,55528.0,538.0,271.0,3.0,-0.45149253731343286,0.01107011070110701,0.07011070110701106,2.2231333333333336,0.1662822530232157,0.008191243991291414,0.06384287985231527,0.17061212978089035,0.33008563663401874,0.43409495483748084,,,,,,,0.6192911684195361,0.1662822530232157,0.008191243991291414,0.06384287985231527,0.17061212978089035,0.33008563663401874,0.43409495483748084,LAX-ELP,0
2025,1,LAX,EUG,239.29314232902033,713.0,860.9482439926063,6448.0,7929.0,102.0,104.0,3.0,9.594059405940595,0.028846153846153848,0.21153846153846154,2.2231333333333336,0.1662822530232157,0.008191243991291414,0.06384287985231527,0.17061212978089035,0.33008563663401874,0.43409495483748084,,,,,,,0.8132173035691764,0.1662822530232157,0.008191243991291414,0.06384287985231527,0.17061212978089035,0.33008563663401874,0.43409495483748084,LAX-EUG,1
2025,1,LAX,EWR,506.6122476257475,15381.0,2486.3967639817097,183725.0,221036.0,1099.0,1034.0,3.0,11.34046692607004,0.006769825918762089,0.16344294003868473,2.2231333333333336,0.1662822530232157,0.008191243991291414,0.06384287985231527,0.17061212978089035,0.33008563663401874,0.43409495483748084,,,,,,,0.8311994426247308,0.1662822530232157,0.008191243991291414,0.06384287985231527,0.17061212978089035,0.33008563663401874,0.43409495483748084,LAX-EWR,1
2025,1,LAX,FAT,214.48511415525113,425.0,211.6118721461187,11998.0,17629.0,250.0,245.0,1.0,2.6448979591836737,0.0,0.09795918367346938,2.2231333333333336,0.1662822530232157,0.008191243991291414,0.06384287985231527,0.17061212978089035,0.33008563663401874,0.43409495483748084,,,,,,,0.6805831300697714,0.1662822530232157,0.008191243991291414,0.06384287985231527,0.17061212978089035,0.33008563663401874,0.43409495483748084,LAX-FAT,0
2025,1,LAX,FCA,196.11804953560372,477.0,1139.3684210526317,3702.0,5324.0,43.0,43.0,2.0,4.5813953488372094,0.0,0.06976744186046512,2.2231333333333336,0.1662822530232157,0.008191243991291414,0.06384287985231527,0.17061212978089035,0.33008563663401874,0.43409495483748084,,,,,,,0.6953418482344103,0.1662822530232157,0.008191243991291414,0.06384287985231527,0.17061212978089035,0.33008563663401874,0.43409495483748084,LAX-FCA,0
2025,1,LAX,FLG,233.05700000000002,51.0,477.0,101.0,325.0,5.0,5.0,1.0,-11.0,0.0,0.0,2.2231333333333336,0.1662822530232157,0.008191243991291414,0.06384287985231527,0.17061212978089035,0.33008563663401874,0.43409495483748084,,,,,,,0.31076923076923074,0.1662822530232157,0.008191243991291414,0.06384287985231527,0.17061212978089035,0.33008563663401874,0.43409495483748084,LAX-FLG,0
2025,1,LAX,FLL,370.64968992248066,8418.0,2443.5292459478505,76633.0,83889.0,503.0,503.0,4.0,10.013916500994036,0.0,0.19681908548707752,2.2231333333333336,0.1662822530232157,0.008191243991291414,0.06384287985231527,0.17061212978089035,0.33008563663401874,0.43409495483748084,,,,,,,0.913504750324834,0.1662822530232157,0.008191243991291414,0.06384287985231527,0.17061212978089035,0.33008563663401874,0.43409495483748084,LAX-FLL,1
2025,1,LAX,GEG,213.21961748633882,1666.0,1032.0746812386158,18278.0,22727.0,183.0,180.0,2.0,3.661111111111111,0.0,0.17777777777777778,2.2231333333333336,0.1662822530232157,0.008191243991291414,0.06384287985231527,0.17061212978089035,0.33008563663401874,0.43409495483748084,,,,,,,0.8042416508998108,0.1662822530232157,0.008191243991291414,0.06384287985231527,0.17061212978089035,0.33008563663401874,0.43409495483748084,LAX-GEG,1
2025,1,LAX,GJT,272.93030612244894,100.0,908.9387755102041,231.0,1270.0,19.0,0.0,0.0,0.0,0.0,0.0,2.2231333333333336,0.1662822530232157,0.008191243991291414,0.06384287985231527,0.17061212978089035,0.33008563663401874,0.43409495483748084,,,,,,,0.18188976377952756,0.1662822530232157,0.008191243991291414,0.06384287985231527,0.17061212978089035,0.33008563663401874,0.43409495483748084,LAX-GJT,0
2025,1,LAX,GSO,332.9873154362416,321.0,2267.0604026845635,67.0,156.0,1.0,0.0,0.0,0.0,0.0,0.0,2.2231333333333336,0.1662822530232157,0.008191243991291414,0.06384287985231527,0.17061212978089035,0.33008563663401874,0.43409495483748084,,,,,,,0.42948717948717946,0.1662822530232157,0.008191243991291414,0.06384287985231527,0.17061212978089035,0.33008563663401874,0.43409495483748084,LAX-GSO,0
2025,1,LAX,GTR,339.41133333333335,18.0,2274.733333333333,68.0,68.0,1.0,0.0,0.0,0.0,0.0,0.0,2.2231333333333336,0.1662822530232157,0.008191243991291414,0.06384287985231527,0.17061212978089035,0.33008563663401874,0.43409495483748084,,,,,,,1.0,0.1662822530232157,0.008191243991291414,0.06384287985231527,0.17061212978089035,0.33008563663401874,0.43409495483748084,LAX-GTR,1
2025,1,LAX,HDN,246.8644117647059,296.0,860.8151260504202,2781.0,3928.0,55.0,56.0,1.0,13.410714285714286,0.0,0.23214285714285715,2.2231333333333336,0.1662822530232157,0.008191243991291414,0.06384287985231527,0.17061212978089035,0.33008563663401874,0.43409495483748084,,,,,,,0.7079938900203666,0.1662822530232157,0.008191243991291414,0.06384287985231527,0.17061212978089035,0.33008563663401874,0.43409495483748084,LAX-HDN,0
2025,1,LAX,HLN,247.67935483870966,32.0,1244.6129032258063,0.0,70.0,1.0,0.0,0.0,0.0,0.0,0.0,2.2231333333333336,0.1662822530232157,0.008191243991291414,0.06384287985231527,0.17061212978089035,0.33008563663401874,0.43409495483748084,,,,,,,0.0,0.1662822530232157,0.008191243991291414,0.06384287985231527,0.17061212978089035,0.33008563663401874,0.43409495483748084,LAX-HLN,0
2025,1,LAX,HNL,332.1232717541437,15827.0,2570.5623273480664,258398.0,299923.0,1415.0,1247.0,6.0,6.52572347266881,0.007217321571772253,0.13071371291098638,2.2231333333333336,0.1662822530232157,0.008191243991291414,0.06384287985231527,0.17061212978089035,0.33008563663401874,0.43409495483748084,,,,,,,0.8615477972679655,0.1662822530232157,0.008191243991291414,0.06384287985231527,0.17061212978089035,0.33008563663401874,0.43409495483748084,LAX-HNL,1
2025,1,LAX,HOU,200.63033807829183,5092.0,1411.1450177935942,67198.0,80090.0,490.0,248.0,1.0,6.126530612244898,0.012096774193548387,0.12903225806451613,2.2231333333333336,0.1662822530232157,0.008191243991291414,0.06384287985231527,0.17061212978089035,0.33008563663401874,0.43409495483748084,,,,,,,0.8390310900237233,0.1662822530232157,0.008191243991291414,0.06384287985231527,0.17061212978089035,0.33008563663401874,0.43409495483748084,LAX-HOU,1
2025,1,LAX,HPN,290.75678899082567,116.0,2606.201834862385,47.0,186.0,1.0,0.0,0.0,0.0,0.0,0.0,2.2231333333333336,0.1662822530232157,0.008191243991291414,0.06384287985231527,0.17061212978089035,0.33008563663401874,0.43409495483748084,,,,,,,0.25268817204301075,0.1662822530232157,0.008191243991291414,0.06384287985231527,0.17061212978089035,0.33008563663401874,0.43409495483748084,LAX-HPN,0
2025,1,LAX,IAD,421.2116516985553,6419.0,2316.9972666926983,90190.0,102716.0,514.0,511.0,2.0,5.932938856015779,0.007827788649706457,0.17025440313111545,2.2231333333333336,0.1662822530232157,0.008191243991291414,0.06384287985231527,0.17061212978089035,0.33008563663401874,0.43409495483748084,,,,,,,0.8780521048327427,0.1662822530232157,0.008191243991291414,0.06384287985231527,0.17061212978089035,0.33008563663401874,0.43409495483748084,LAX-IAD,1
2025,1,LAX,IAH,246.91947851002865,20366.0,1406.9404011461318,369210.0,445530.0,2636.0,1337.0,5.0,3.598323170731707,0.018698578908002993,0.11667913238593867,2.2231333333333336,0.1662822530232157,0.008191243991291414,0.06384287985231527,0.17061212978089035,0.33008563663401874,0.43409495483748084,0.16850534248952576,0.02717108362049731,0.06321467851469073,0.21375131175937725,0.3868472966603237,0.33570759355923724,0.8286984041478689,0.16739379775637073,0.01768116380589436,0.063528779183503,0.1921817207701338,0.3584664666471712,0.38490127419835907,LAX-IAH,1
2025,1,LAX,IND,323.60381774865994,2418.0,1905.2209648600358,19985.0,25242.0,253.0,146.0,2.0,2.013793103448276,0.00684931506849315,0.11643835616438356,2.2231333333333336,0.1662822530232157,0.008191243991291414,0.06384287985231527,0.17061212978089035,0.33008563663401874,0.43409495483748084,,,,,,,0.7917359955629506,0.1662822530232157,0.008191243991291414,0.06384287985231527,0.17061212978089035,0.33008563663401874,0.43409495483748084,LAX-IND,0
2025,1,LAX,JAC,315.0888644688645,724.0,804.3168498168499,9131.0,17291.0,247.0,250.0,1.0,5.618473895582329,0.004,0.132,2.2231333333333336,0.1662822530232157,0.008191243991291414,0.06384287985231527,0.17061212978089035,0.33008563663401874,0.43409495483748084,,,,,,,0.5280781909663987,0.1662822530232157,0.008191243991291414,0.06384287985231527,0.17061212978089035,0.33008563663401874,0.43409495483748084,LAX-JAC,0
2025,1,LAX,JAN,352.09707547169813,225.0,1926.816037735849,78.0,160.0,1.0,0.0,0.0,0.0,0.0,0.0,2.2231333333333336,0.1662822530232157,0.008191243991291414,0.06384287985231527,0.17061212978089035,0.33008563663401874,0.43409495483748084,,,,,,,0.4875,0.1662822530232157,0.008191243991291414,0.06384287985231527,0.17061212978089035,0.33008563663401874,0.43409495483748084,LAX-JAN,0
2025,1,LAX,JAX,346.13172727272723,999.0,2370.059090909091,265.0,274.0,2.0,0.0,0.0,0.0,0.0,0.0,2.2231333333333336,0.1662822530232157,0.008191243991291414,0.06384287985231527,0.17061212978089035,0.33008563663401874,0.43409495483748084,,,,,,,0.9671532846715328,0.1662822530232157,0.008191243991291414,0.06384287985231527,0.17061212978089035,0.33008563663401874,0.43409495483748084,LAX-JAX,1
2025,1,LAX,JFK,649.4661780398765,27041.0,2499.53650659927,313520.0,368085.0,2302.0,2328.0,3.0,10.012981393336219,0.007731958762886598,0.14561855670103094,2.2231333333333336,0.1662822530232157,0.008191243991291414,0.06384287985231527,0.17061212978089035,0.33008563663401874,0.43409495483748084,,,,,,,0.8517597837456022,0.1662822530232157,0.008191243991291414,0.06384287985231527,0.17061212978089035,0.33008563663401874,0.43409495483748084,LAX-JFK,1
2025,1,LAX,KOA,360.80797739440806,2854.0,2527.8750743604996,59301.0,72352.0,398.0,371.0,5.0,8.381081081081081,0.0026954177897574125,0.14016172506738545,2.2231333333333336,0.1662822530232157,0.008191243991291414,0.06384287985231527,0.17061212978089035,0.33008563663401874,0.43409495483748084,,,,,,,0.8196179787704555,0.1662822530232157,0.008191243991291414,0.06384287985231527,0.17061212978089035,0.33008563663401874,0.43409495483748084,LAX-KOA,1
2025,1,LAX,LAF,277.5,2.0,1863.0,46.0,126.0,1.0,0.0,0.0,0.0,0.0,0.0,2.2231333333333336,0.1662822530232157,0.008191243991291414,0.06384287985231527,0.17061212978089035,0.33008563663401874,0.43409495483748084,,,,,,,0.36507936507936506,0.1662822530232157,0.008191243991291414,0.06384287985231527,0.17061212978089035,0.33008563663401874,0.43409495483748084,LAX-LAF,0
2025,1,LAX,LAN,386.2460416666667,48.0,2010.5,108.0,323.0,2.0,0.0,0.0,0.0,0.0,0.0,2.2231333333333336,0.1662822530232157,0.008191243991291414,0.06384287985231527,0.17061212978089035,0.33008563663401874,0.43409495483748084,,,,,,,0.33436532507739936,0.1662822530232157,0.008191243991291414,0.06384287985231527,0.17061212978089035,0.33008563663401874,0.43409495483748084,LAX-LAN,0
2025,1,LAX,LAS,149.85260631979094,16823.0,236.0487051556189,299675.0,419236.0,2826.0,2642.0,9.0,9.03850552802135,0.007191521574564724,0.18168054504163514,2.2231333333333336,0.1662822530232157,0.008191243991291414,0.06384287985231527,0.17061212978089035,0.33008563663401874,0.43409495483748084,,,,,,,0.714812182159929,0.1662822530232157,0.008191243991291414,0.06384287985231527,0.17061212978089035,0.33008563663401874,0.43409495483748084,LAX-LAS,0
2025,1,LAX,LBB,262.31564356435644,222.0,1370.3069306930693,0.0,136.0,2.0,0.0,0.0,0.0,0.0,0.0,2.2231333333333336,0.1662822530232157,0.008191243991291414,0.06384287985231527,0.17061212978089035,0.33008563663401874,0.43409495483748084,,,,,,,0.0,0.1662822530232157,0.008191243991291414,0.06384287985231527,0.17061212978089035,0.33008563663401874,0.43409495483748084,LAX-LBB,0
2025,1,LAX,LEX,388.77005952380955,173.0,2212.279761904762,105.0,177.0,1.0,0.0,0.0,0.0,0.0,0.0,2.2231333333333336,0.1662822530232157,0.008191243991291414,0.06384287985231527,0.17061212978089035,0.33008563663401874,0.43409495483748084,,,,,,,0.5932203389830508,0.1662822530232157,0.008191243991291414,0.06384287985231527,0.17061212978089035,0.33008563663401874,0.43409495483748084,LAX-LEX,0
2025,1,LAX,LIH,373.1371259351621,2601.0,2629.3036159600997,49218.0,58807.0,311.0,313.0,5.0,7.6923076923076925,0.009584664536741214,0.14376996805111822,2.2231333333333336,0.1662822530232157,0.008191243991291414,0.06384287985231527,0.17061212978089035,0.33008563663401874,0.43409495483748084,,,,,,,0.8369411804717125,0.1662822530232157,0.008191243991291414,0.06384287985231527,0.17061212978089035,0.33008563663401874,0.43409495483748084,LAX-LIH,1
2025,1,LAX,LNK,298.4328,50.0,1352.58,98.0,362.0,3.0,0.0,0.0,0.0,0.0,0.0,2.2231333333333336,0.1662822530232157,0.008191243991291414,0.06384287985231527,0.17061212978089035,0.33008563663401874,0.43409495483748084,,,,,,,0.27071823204419887,0.1662822530232157,0.008191243991291414,0.06384287985231527,0.17061212978089035,0.33008563663401874,0.43409495483748084,LAX-LNK,0
2025,1,LAX,MCI,281.9421485411141,2325.0,1455.4694960212203,23179.0,32671.0,198.0,203.0,3.0,6.693467336683417,0.019704433497536946,0.15270935960591134,2.2231333333333336,0.1662822530232157,0.008191243991291414,0.06384287985231527,0.17061212978089035,0.33008563663401874,0.43409495483748084,,,,,,,0.7094671115056166,0.1662822530232157,0.008191243991291414,0.06384287985231527,0.17061212978089035,0.33008563663401874,0.43409495483748084,LAX-MCI,0
2025,1,LAX,MCO,336.19910990712077,10951.0,2275.5561145510837,115591.0,133593.0,705.0,703.0,4.0,9.35135135135135,0.0,0.16642958748221906,2.2231333333333336,0.1662822530232157,0.008191243991291414,0.06384287985231527,0.17061212978089035,0.33008563663401874,0.43409495483748084,,,,,,,0.8652474306288503,0.1662822530232157,0.008191243991291414,0.06384287985231527,0.17061212978089035,0.33008563663401874,0.43409495483748084,LAX-MCO,1
2025,1,LAX,MDW,211.41713121434393,2714.0,1778.5541972290139,36407.0,45887.0,282.0,283.0,1.0,4.691489361702128,0.0035335689045936395,0.127208480565371,2.2231333333333336,0.1662822530232157,0.008191243991291414,0.06384287985231527,0.17061212978089035,0.33008563663401874,0.43409495483748084,,,,,,,0.7934055396953386,0.1662822530232157,0.008191243991291414,0.06384287985231527,0.17061212978089035,0.33008563663401874,0.43409495483748084,LAX-MDW,0
2025,1,LAX,MEM,275.74191929133855,1431.0,1773.3208661417323,7708.0,11235.0,431.0,70.0,2.0,8.285714285714286,0.0,0.18571428571428572,2.2231333333333336,0.1662822530232157,0.008191243991291414,0.06384287985231527,0.17061212978089035,0.33008563663401874,0.43409495483748084,,,,,,,0.6860703159768581,0.1662822530232157,0.008191243991291414,0.06384287985231527,0.17061212978089035,0.33008563663401874,0.43409495483748084,LAX-MEM,0
2025,1,LAX,MFR,216.53834757834758,464.0,765.7663817663818,5309.0,6460.0,85.0,90.0,1.0,22.057471264367816,0.03333333333333333,0.32222222222222224,2.2231333333333336,0.1662822530232157,0.008191243991291414,0.06384287985231527,0.17061212978089035,0.33008563663401874,0.43409495483748084,,,,,,,0.8218266253869969,0.1662822530232157,0.008191243991291414,0.06384287985231527,0.17061212978089035,0.33008563663401874,0.43409495483748084,LAX-MFR,1
2025,1,LAX,MIA,472.533215625,8388.0,2398.4221875,128526.0,148571.0,809.0,807.0,2.0,9.28287841191067,0.0012391573729863693,0.13506815365551425,2.2231333333333336,0.1662822530232157,0.008191243991291414,0.06384287985231527,0.17061212978089035,0.33008563663401874,0.43409495483748084,,,,,,,0.865081341580793,0.1662822530232157,0.008191243991291414,0.06384287985231527,0.17061212978089035,0.33008563663401874,0.43409495483748084,LAX-MIA,1
2025,1,LAX,MKE,305.4762451361868,549.0,1922.4571984435797,117.0,144.0,2.0,0.0,0.0,0.0,0.0,0.0,2.2231333333333336,0.1662822530232157,0.008191243991291414,0.06384287985231527,0.17061212978089035,0.33008563663401874,0.43409495483748084,,,,,,,0.8125,0.1662822530232157,0.008191243991291414,0.06384287985231527,0.17061212978089035,0.33008563663401874,0.43409495483748084,LAX-MKE,1
2025,1,LAX,MRY,232.16223880597016,601.0,268.85970149253734,9570.0,14232.0,200.0,199.0,1.0,3.4623115577889445,0.0,0.10552763819095477,2.2231333333333336,0.1662822530232157,0.008191243991291414,0.06384287985231527,0.17061212978089035,0.33008563663401874,0.43409495483748084,,,,,,,0.6724283305227656,0.1662822530232157,0.008191243991291414,0.06384287985231527,0.17061212978089035,0.33008563663401874,0.43409495483748084,LAX-MRY,0
2025,1,LAX,MSN,383.0503735632184,357.0,1890.8419540229886,72.0,186.0,1.0,0.0,0.0,0.0,0.0,0.0,2.2231333333333336,0.1662822530232157,0.008191243991291414,0.06384287985231527,0.17061212978089035,0.33008563663401874,0.43409495483748084,,,,,,,0.3870967741935484,0.1662822530232157,0.008191243991291414,0.06384287985231527,0.17061212978089035,0.33008563663401874,0.43409495483748084,LAX-MSN,0
2025,1,LAX,MSP,349.6927020447907,6328.0,1637.3003894839337,89521.0,109708.0,584.0,458.0,1.0,8.541484716157205,0.0,0.1615720524017467,2.2231333333333336,0.1662822530232157,0.008191243991291414,0.06384287985231527,0.17061212978089035,0.33008563663401874,0.43409495483748084,,,,,,,0.8159933642031575,0.1662822530232157,0.008191243991291414,0.06384287985231527,0.17061212978089035,0.33008563663401874,0.43409495483748084,LAX-MSP,1
2025,1,LAX,MSY,325.539373835259,5056.0,1706.2158032053671,55685.0,76184.0,461.0,475.0,5.0,5.356521739130435,0.031578947368421054,0.13263157894736843,2.2231333333333336,0.1662822530232157,0.008191243991291414,0.06384287985231527,0.17061212978089035,0.33008563663401874,0.43409495483748084,,,,,,,0.730927753859078,0.1662822530232157,0.008191243991291414,0.06384287985231527,0.17061212978089035,0.33008563663401874,0.43409495483748084,LAX-MSY,0
2025,1,LAX,MTJ,258.42167938931294,162.0,921.4809160305343,952.0,1746.0,24.0,24.0,1.0,1.2916666666666667,0.0,0.08333333333333333,2.2231333333333336,0.1662822530232157,0.008191243991291414,0.06384287985231527,0.17061212978089035,0.33008563663401874,0.43409495483748084,,,,,,,0.54524627720504,0.1662822530232157,0.008191243991291414,0.06384287985231527,0.17061212978089035,0.33008563663401874,0.43409495483748084,LAX-MTJ,0
2025,1,LAX,OAK,166.67047235023043,3683.0,345.9274193548387,46468.0,85705.0,673.0,553.0,1.0,4.1,0.0054249547920434,0.1518987341772152,2.2231333333333336,0.1662822530232157,0.008191243991291414,0.06384287985231527,0.17061212978089035,0.33008563663401874,0.43409495483748084,,,,,,,0.5421854034187037,0.1662822530232157,0.008191243991291414,0.06384287985231527,0.17061212978089035,0.33008563663401874,0.43409495483748084,LAX-OAK,0
2025,1,LAX,OGG,379.63603985692384,4373.0,2510.3597342871744,60123.0,80869.0,382.0,381.0,6.0,2.9473684210526314,0.0026246719160104987,0.10761154855643044,2.2231333333333336,0.1662822530232157,0.008191243991291414,0.06384287985231527,0.17061212978089035,0.33008563663401874,0.43409495483748084,,,,,,,0.743461647850227,0.1662822530232157,0.008191243991291414,0.06384287985231527,0.17061212978089035,0.33008563663401874,0.43409495483748084,LAX-OGG,0
2025,1,LAX,OKC,281.109987654321,1276.0,1273.9135802469136,11452.0,13728.0,180.0,179.0,1.0,-2.657303370786517,0.00558659217877095,0.061452513966480445,2.2231333333333336,0.1662822530232157,0.008191243991291414,0.06384287985231527,0.17061212978089035,0.33008563663401874,0.43409495483748084,,,,,,,0.8342074592074592,0.1662822530232157,0.008191243991291414,0.06384287985231527,0.17061212978089035,0.33008563663401874,0.43409495483748084,LAX-OKC,1
2025,1,LAX,OMA,248.06645247657298,989.0,1421.2663989290495,5815.0,6896.0,90.0,90.0,1.0,8.98876404494382,0.011111111111111112,0.06666666666666667,2.2231333333333336,0.1662822530232157,0.008191243991291414,0.06384287985231527,0.17061212978089035,0.33008563663401874,0.43409495483748084,,,,,,,0.8432424593967517,0.1662822530232157,0.008191243991291414,0.06384287985231527,0.17061212978089035,0.33008563663401874,0.43409495483748084,LAX-OMA,1
2025,1,LAX,ORD,317.63521767381417,14257.0,1792.414338314923,241226.0,305062.0,1551.0,1536.0,3.0,6.728161668839635,0.001953125,0.13216145833333334,2.2231333333333336,0.1662822530232157,0.008191243991291414,0.06384287985231527,0.17061212978089035,0.33008563663401874,0.43409495483748084,,,,,,,0.7907441765936105,0.1662822530232157,0.008191243991291414,0.06384287985231527,0.17061212978089035,0.33008563663401874,0.43409495483748084,LAX-ORD,0
2025,1,LAX,ORF,309.14251819505097,789.0,2474.5414847161574,250.0,274.0,2.0,0.0,0.0,0.0,0.0,0.0,2.2231333333333336,0.1662822530232157,0.008191243991291414,0.06384287985231527,0.17061212978089035,0.33008563663401874,0.43409495483748084,,,,,,,0.9124087591240876,0.1662822530232157,0.008191243991291414,0.06384287985231527,0.17061212978089035,0.33008563663401874,0.43409495483748084,LAX-ORF,1
2025,1,LAX,PAE,201.28266025641025,469.0,991.2179487179487,5288.0,6612.0,87.0,90.0,1.0,18.295454545454547,0.022222222222222223,0.28888888888888886,2.2231333333333336,0.1662822530232157,0.008191243991291414,0.06384287985231527,0.17061212978089035,0.33008563663401874,0.43409495483748084,,,,,,,0.7997580157289776,0.1662822530232157,0.008191243991291414,0.06384287985231527,0.17061212978089035,0.33008563663401874,0.43409495483748084,LAX-PAE,0
2025,1,LAX,PBI,418.38842105263154,1654.0,2522.4816933638444,11153.0,12907.0,91.0,90.0,1.0,1.5666666666666667,0.0,0.1111111111111111,2.2231333333333336,0.1662822530232157,0.008191243991291414,0.06384287985231527,0.17061212978089035,0.33008563663401874,0.43409495483748084,,,,,,,0.8641047493608119,0.1662822530232157,0.008191243991291414,0.06384287985231527,0.17061212978089035,0.33008563663401874,0.43409495483748084,LAX-PBI,1
2025,1,LAX,PDX,190.29275930324624,8468.0,851.8851939825812,124691.0,164687.0,1133.0,1119.0,5.0,3.146979260595131,0.008936550491510277,0.13672922252010725,2.2231333333333336,0.1662822530232157,0.008191243991291414,0.06384287985231527,0.17061212978089035,0.33008563663401874,0.43409495483748084,,,,,,,0.7571393006126774,0.1662822530232157,0.008191243991291414,0.06384287985231527,0.17061212978089035,0.33008563663401874,0.43409495483748084,LAX-PDX,0
2025,1,LAX,PHL,377.70626776365,6433.0,2437.065818997756,81222.0,104829.0,519.0,525.0,2.0,8.716216216216216,0.013333333333333334,0.13333333333333333,2.2231333333333336,0.1662822530232157,0.008191243991291414,0.06384287985231527,0.17061212978089035,0.33008563663401874,0.43409495483748084,,,,,,,0.77480468191054,0.1662822530232157,0.008191243991291414,0.06384287985231527,0.17061212978089035,0.33008563663401874,0.43409495483748084,LAX-PHL,0
2025,1,LAX,PHX,175.05744266666667,10559.0,371.5258666666667,190051.0,271819.0,2034.0,1886.0,6.0,5.785106382978723,0.003181336161187699,0.1320254506892895,2.2231333333333336,0.1662822530232157,0.008191243991291414,0.06384287985231527,0.17061212978089035,0.33008563663401874,0.43409495483748084,,,,,,,0.6991821763747199,0.1662822530232157,0.008191243991291414,0.06384287985231527,0.17061212978089035,0.33008563663401874,0.43409495483748084,LAX-PHX,0
2025,1,LAX,PIT,281.3422436849925,1515.0,2311.0505200594353,1347.0,1437.0,11.0,0.0,0.0,0.0,0.0,0.0,2.2231333333333336,0.1662822530232157,0.008191243991291414,0.06384287985231527,0.17061212978089035,0.33008563663401874,0.43409495483748084,,,,,,,0.9373695198329853,0.1662822530232157,0.008191243991291414,0.06384287985231527,0.17061212978089035,0.33008563663401874,0.43409495483748084,LAX-PIT,1
2025,1,LAX,PRC,140.642,5.0,346.0,2613.0,4400.0,88.0,90.0,1.0,56.82954545454545,0.022222222222222223,0.25555555555555554,2.2231333333333336,0.1662822530232157,0.008191243991291414,0.06384287985231527,0.17061212978089035,0.33008563663401874,0.43409495483748084,,,,,,,0.5938636363636364,0.1662822530232157,0.008191243991291414,0.06384287985231527,0.17061212978089035,0.33008563663401874,0.43409495483748084,LAX-PRC,0
2025,1,LAX,PSC,205.1913880126183,455.0,963.8611987381704,5779.0,6992.0,92.0,90.0,1.0,2.5444444444444443,0.0,0.12222222222222222,2.2231333333333336,0.1662822530232157,0.008191243991291414,0.06384287985231527,0.17061212978089035,0.33008563663401874,0.43409495483748084,,,,,,,0.8265160183066361,0.1662822530232157,0.008191243991291414,0.06384287985231527,0.17061212978089035,0.33008563663401874,0.43409495483748084,LAX-PSC,1
2025,1,LAX,PSP,262.97222222222223,41.0,110.0,4039.0,7977.0,106.0,90.0,1.0,4.988888888888889,0.0,0.18888888888888888,2.2231333333333336,0.1662822530232157,0.008191243991291414,0.06384287985231527,0.17061212978089035,0.33008563663401874,0.43409495483748084,,,,,,,0.5063307007646985,0.1662822530232157,0.008191243991291414,0.06384287985231527,0.17061212978089035,0.33008563663401874,0.43409495483748084,LAX-PSP,0
2025,1,LAX,PVU,128.169,10.0,838.0,53.0,137.0,1.0,0.0,0.0,0.0,0.0,0.0,2.2231333333333336,0.1662822530232157,0.008191243991291414,0.06384287985231527,0.17061212978089035,0.33008563663401874,0.43409495483748084,,,,,,,0.38686131386861317,0.1662822530232157,0.008191243991291414,0.06384287985231527,0.17061212978089035,0.33008563663401874,0.43409495483748084,LAX-PVU,0
2025,1,LAX,RAP,308.02964285714285,57.0,1301.5357142857142,148.0,156.0,1.0,1.0,1.0,-1.0,0.0,0.0,2.2231333333333336,0.1662822530232157,0.008191243991291414,0.06384287985231527,0.17061212978089035,0.33008563663401874,0.43409495483748084,,,,,,,0.9487179487179487,0.1662822530232157,0.008191243991291414,0.06384287985231527,0.17061212978089035,0.33008563663401874,0.43409495483748084,LAX-RAP,1
2025,1,LAX,RDD,217.29578125,292.0,522.328125,5074.0,6468.0,90.0,90.0,1.0,3.6444444444444444,0.0,0.13333333333333333,2.2231333333333336,0.1662822530232157,0.008191243991291414,0.06384287985231527,0.17061212978089035,0.33008563663401874,0.43409495483748084,,,,,,,0.7844774273345702,0.1662822530232157,0.008191243991291414,0.06384287985231527,0.17061212978089035,0.33008563663401874,0.43409495483748084,LAX-RDD,0
2025,1,LAX,RDM,211.6021689059501,756.0,786.2821497120922,10306.0,13338.0,177.0,180.0,2.0,7.391061452513966,0.005555555555555556,0.13333333333333333,2.2231333333333336,0.1662822530232157,0.008191243991291414,0.06384287985231527,0.17061212978089035,0.33008563663401874,0.43409495483748084,,,,,,,0.7726795621532464,0.1662822530232157,0.008191243991291414,0.06384287985231527,0.17061212978089035,0.33008563663401874,0.43409495483748084,LAX-RDM,0
2025,1,LAX,RDU,336.3339194915254,2824.0,2320.325211864407,23575.0,26431.0,150.0,149.0,2.0,6.574324324324325,0.006711409395973154,0.1476510067114094,2.2231333333333336,0.1662822530232157,0.008191243991291414,0.06384287985231527,0.17061212978089035,0.33008563663401874,0.43409495483748084,,,,,,,0.8919450645075858,0.1662822530232157,0.008191243991291414,0.06384287985231527,0.17061212978089035,0.33008563663401874,0.43409495483748084,LAX-RDU,1
2025,1,LAX,RIC,347.7921289355322,766.0,2445.04047976012,1167.0,1332.0,10.0,0.0,0.0,0.0,0.0,0.0,2.2231333333333336,0.1662822530232157,0.008191243991291414,0.06384287985231527,0.17061212978089035,0.33008563663401874,0.43409495483748084,,,,,,,0.8761261261261262,0.1662822530232157,0.008191243991291414,0.06384287985231527,0.17061212978089035,0.33008563663401874,0.43409495483748084,LAX-RIC,1
2025,1,LAX,RNO,146.9775951374207,3760.0,404.1860465116279,54434.0,70052.0,803.0,813.0,5.0,5.318295739348371,0.020910209102091022,0.14391143911439114,2.2231333333333336,0.1662822530232157,0.008191243991291414,0.06384287985231527,0.17061212978089035,0.33008563663401874,0.43409495483748084,,,,,,,0.7770513332952663,0.1662822530232157,0.008191243991291414,0.06384287985231527,0.17061212978089035,0.33008563663401874,0.43409495483748084,LAX-RNO,0
2025,1,LAX,RSW,371.92760583941606,806.0,2542.3474452554747,728.0,842.0,5.0,3.0,1.0,1.6666666666666667,0.0,0.0,2.2231333333333336,0.1662822530232157,0.008191243991291414,0.06384287985231527,0.17061212978089035,0.33008563663401874,0.43409495483748084,,,,,,,0.8646080760095012,0.1662822530232157,0.008191243991291414,0.06384287985231527,0.17061212978089035,0.33008563663401874,0.43409495483748084,LAX-RSW,1
2025,1,LAX,SAN,217.66847826086956,264.0,109.0,26908.0,41557.0,546.0,526.0,1.0,6.6,0.0019011406844106464,0.12927756653992395,2.2231333333333336,0.1662822530232157,0.008191243991291414,0.06384287985231527,0.17061212978089035,0.33008563663401874,0.43409495483748084,0.20884454631252528,0.010516381286234326,0.06662806664762747,0.26037408113045896,0.37705046300462025,0.2940969356018669,0.6474962100247852,0.1875633996678705,0.00935381263876287,0.06523547324997137,0.21549310545567466,0.3535680498193195,0.36409594521967387,LAX-SAN,0
2025,1,LAX,SAT,227.13850518006907,7216.0,1259.4819930932413,91580.0,123116.0,930.0,464.0,5.0,7.817391304347826,0.008620689655172414,0.15732758620689655,2.2231333333333336,0.1662822530232157,0.008191243991291414,0.06384287985231527,0.17061212978089035,0.33008563663401874,0.43409495483748084,,,,,,,0.7438513272036128,0.1662822530232157,0.008191243991291414,0.06384287985231527,0.17061212978089035,0.33008563663401874,0.43409495483748084,LAX-SAT,0
2025,1,LAX,SBA,166.28,20.0,89.0,6334.0,12418.0,167.0,163.0,1.0,10.074074074074074,0.006134969325153374,0.1411042944785276,2.2231333333333336,0.1662822530232157,0.008191243991291414,0.06384287985231527,0.17061212978089035,0.33008563663401874,0.43409495483748084,,,,,,,0.5100660331776453,0.1662822530232157,0.008191243991291414,0.06384287985231527,0.17061212978089035,0.33008563663401874,0.43409495483748084,LAX-SBA,0
2025,1,LAX,SBP,209.8904109589041,115.0,156.0,6570.0,12344.0,167.0,168.0,1.0,7.957831325301205,0.011904761904761904,0.13690476190476192,2.2231333333333336,0.1662822530232157,0.008191243991291414,0.06384287985231527,0.17061212978089035,0.33008563663401874,0.43409495483748084,,,,,,,0.5322423849643552,0.1662822530232157,0.008191243991291414,0.06384287985231527,0.17061212978089035,0.33008563663401874,0.43409495483748084,LAX-SBP,0
2025,1,LAX,SDF,332.1359025270758,596.0,2073.054151624549,0.0,0.0,201.0,0.0,0.0,0.0,0.0,0.0,2.2231333333333336,0.1662822530232157,0.008191243991291414,0.06384287985231527,0.17061212978089035,0.33008563663401874,0.43409495483748084,,,,,,,,0.1662822530232157,0.008191243991291414,0.06384287985231527,0.17061212978089035,0.33008563663401874,0.43409495483748084,LAX-SDF,0
2025,1,LAX,SEA,200.89805463966087,13573.0,968.0501648610457,214774.0,286274.0,1878.0,1812.0,7.0,5.031790295593977,0.011037527593818985,0.1545253863134658,2.2231333333333336,0.1662822530232157,0.008191243991291414,0.06384287985231527,0.17061212978089035,0.33008563663401874,0.43409495483748084,,,,,,,0.7502392812480351,0.1662822530232157,0.008191243991291414,0.06384287985231527,0.17061212978089035,0.33008563663401874,0.43409495483748084,LAX-SEA,0
2025,1,LAX,SFO,148.58626205928786,21090.0,339.3480091212068,312950.0,407064.0,2972.0,2889.0,8.0,11.5180681028492,0.004153686396677051,0.20733817930079612,2.2231333333333336,0.1662822530232157,0.008191243991291414,0.06384287985231527,0.17061212978089035,0.33008563663401874,0.43409495483748084,0.22080340516094707,0.00951789778605421,0.04750395680104273,0.43247928498277627,0.2687235825342147,0.25053346988176145,0.7687980268459014,0.19354282909208137,0.008854570888672812,0.055673418326679,0.3015457073818333,0.29940460958411674,0.3423142123596211,LAX-SFO,0
2025,1,LAX,SGF,251.63635135135135,249.0,1591.9774774774776,1388.0,1716.0,11.0,11.0,1.0,42.63636363636363,0.0,0.2727272727272727,2.2231333333333336,0.1662822530232157,0.008191243991291414,0.06384287985231527,0.17061212978089035,0.33008563663401874,0.43409495483748084,,,,,,,0.8088578088578089,0.1662822530232157,0.008191243991291414,0.06384287985231527,0.17061212978089035,0.33008563663401874,0.43409495483748084,LAX-SGF,1
2025,1,LAX,SGU,193.37115384615385,27.0,705.5,3370.0,4746.0,91.0,90.0,1.0,2.7666666666666666,0.0,0.06666666666666667,2.2231333333333336,0.1662822530232157,0.008191243991291414,0.06384287985231527,0.17061212978089035,0.33008563663401874,0.43409495483748084,,,,,,,0.7100716392751791,0.1662822530232157,0.008191243991291414,0.06384287985231527,0.17061212978089035,0.33008563663401874,0.43409495483748084,LAX-SGU,0
2025,1,LAX,SJC,136.93194687045124,9888.0,309.8475254730713,125430.0,169435.0,1511.0,1505.0,6.0,2.8949468085106385,0.000664451827242525,0.12890365448504984,2.2231333333333336,0.1662822530232157,0.008191243991291414,0.06384287985231527,0.17061212978089035,0.33008563663401874,0.43409495483748084,,,,,,,0.7402838846755393,0.1662822530232157,0.008191243991291414,0.06384287985231527,0.17061212978089035,0.33008563663401874,0.43409495483748084,LAX-SJC,0
2025,1,LAX,SLC,202.48458739783814,10590.0,612.4463485367783,148710.0,183041.0,1225.0,1191.0,6.0,3.5214105793450883,0.0,0.10411418975650713,2.2231333333333336,0.1662822530232157,0.008191243991291414,0.06384287985231527,0.17061212978089035,0.33008563663401874,0.43409495483748084,,,,,,,0.8124409285351369,0.1662822530232157,0.008191243991291414,0.06384287985231527,0.17061212978089035,0.33008563663401874,0.43409495483748084,LAX-SLC,1
2025,1,LAX,SMF,160.55897302001742,7100.0,376.4556135770235,98024.0,135140.0,1295.0,1280.0,3.0,5.427230046948357,0.0015625,0.15,2.2231333333333336,0.1662822530232157,0.008191243991291414,0.06384287985231527,0.17061212978089035,0.33008563663401874,0.43409495483748084,,,,,,,0.7253514873464555,0.1662822530232157,0.008191243991291414,0.06384287985231527,0.17061212978089035,0.33008563663401874,0.43409495483748084,LAX-SMF,0
2025,1,LAX,STL,299.79085585585585,2085.0,1685.4557057057057,20590.0,28382.0,185.0,187.0,2.0,7.950549450549451,0.026737967914438502,0.1711229946524064,2.2231333333333336,0.1662822530232157,0.008191243991291414,0.06384287985231527,0.17061212978089035,0.33008563663401874,0.43409495483748084,,,,,,,0.7254597984638151,0.1662822530232157,0.008191243991291414,0.06384287985231527,0.17061212978089035,0.33008563663401874,0.43409495483748084,LAX-STL,0
2025,1,LAX,STS,163.115479876161,732.0,401.07739938080493,9382.0,11932.0,157.0,161.0,1.0,7.3164556962025316,0.018633540372670808,0.20496894409937888,2.2231333333333336,0.1662822530232157,0.008191243991291414,0.06384287985231527,0.17061212978089035,0.33008563663401874,0.43409495483748084,,,,,,,0.7862889708347301,0.1662822530232157,0.008191243991291414,0.06384287985231527,0.17061212978089035,0.33008563663401874,0.43409495483748084,LAX-STS,0
2025,1,LAX,STT,518.4293296089386,191.0,3625.1620111731845,4.0,14.0,1.0,0.0,0.0,0.0,0.0,0.0,2.2231333333333336,0.1662822530232157,0.008191243991291414,0.06384287985231527,0.17061212978089035,0.33008563663401874,0.43409495483748084,,,,,,,0.2857142857142857,0.1662822530232157,0.008191243991291414,0.06384287985231527,0.17061212978089035,0.33008563663401874,0.43409495483748084,LAX-STT,0
2025,1,LAX,SUN,323.2328453038674,457.0,727.1878453038674,5069.0,8890.0,127.0,130.0,1.0,0.7984496124031008,0.007692307692307693,0.12307692307692308,2.2231333333333336,0.1662822530232157,0.008191243991291414,0.06384287985231527,0.17061212978089035,0.33008563663401874,0.43409495483748084,,,,,,,0.5701912260967379,0.1662822530232157,0.008191243991291414,0.06384287985231527,0.17061212978089035,0.33008563663401874,0.43409495483748084,LAX-SUN,0
2025,1,LAX,SYR,314.26568897637793,550.0,2558.665354330709,176.0,176.0,1.0,0.0,0.0,0.0,0.0,0.0,2.2231333333333336,0.1662822530232157,0.008191243991291414,0.06384287985231527,0.17061212978089035,0.33008563663401874,0.43409495483748084,,,,,,,1.0,0.1662822530232157,0.008191243991291414,0.06384287985231527,0.17061212978089035,0.33008563663401874,0.43409495483748084,LAX-SYR,1
2025,1,LAX,TEX,521.4166666666666,6.0,865.3333333333334,5.0,8.0,1.0,0.0,0.0,0.0,0.0,0.0,2.2231333333333336,0.1662822530232157,0.008191243991291414,0.06384287985231527,0.17061212978089035,0.33008563663401874,0.43409495483748084,,,,,,,0.625,0.1662822530232157,0.008191243991291414,0.06384287985231527,0.17061212978089035,0.33008563663401874,0.43409495483748084,LAX-TEX,0
2025,1,LAX,TPA,361.592810137839,3717.0,2259.4931080480214,31479.0,38323.0,209.0,208.0,2.0,7.6875,0.0,0.14903846153846154,2.2231333333333336,0.1662822530232157,0.008191243991291414,0.06384287985231527,0.17061212978089035,0.33008563663401874,0.43409495483748084,,,,,,,0.8214127286485923,0.1662822530232157,0.008191243991291414,0.06384287985231527,0.17061212978089035,0.33008563663401874,0.43409495483748084,LAX-TPA,1
2025,1,LAX,TUL,202.4386338797814,1014.0,1354.049180327869,8804.0,10648.0,118.0,116.0,3.0,13.086206896551724,0.0,0.16379310344827586,2.2231333333333336,0.1662822530232157,0.008191243991291414,0.06384287985231527,0.17061212978089035,0.33008563663401874,0.43409495483748084,,,,,,,0.8268219383921863,0.1662822530232157,0.008191243991291414,0.06384287985231527,0.17061212978089035,0.33008563663401874,0.43409495483748084,LAX-TUL,1
2025,1,LAX,TUS,203.14889923793396,2219.0,455.0533446232007,37001.0,58011.0,693.0,692.0,2.0,19.053623188405798,0.002890173410404624,0.2630057803468208,2.2231333333333336,0.1662822530232157,0.008191243991291414,0.06384287985231527,0.17061212978089035,0.33008563663401874,0.43409495483748084,,,,,,,0.6378273086138836,0.1662822530232157,0.008191243991291414,0.06384287985231527,0.17061212978089035,0.33008563663401874,0.43409495483748084,LAX-TUS,0
2025,1,LAX,XNA,305.4041078838174,673.0,1436.4709543568465,6586.0,8636.0,101.0,102.0,2.0,6.745098039215686,0.00980392156862745,0.16666666666666666,2.2231333333333336,0.1662822530232157,0.008191243991291414,0.06384287985231527,0.17061212978089035,0.33008563663401874,0.43409495483748084,,,,,,,0.7626215840666976,0.1662822530232157,0.008191243991291414,0.06384287985231527,0.17061212978089035,0.33008563663401874,0.43409495483748084,LAX-XNA,0
2025,1,LBB,ACT,234.3125,8.0,371.0,0.0,150.0,1.0,0.0,0.0,0.0,0.0,0.0,2.2231333333333336,,,,,,,,,,,,,0.0,,,,,,,LBB-ACT,0
2025,1,LBB,AUS,207.7101565995526,621.0,413.76062639821026,7299.0,12705.0,79.0,78.0,1.0,0.5512820512820513,0.0,0.0641025641025641,2.2231333333333336,,,,,,,0.18066105522479983,0.012779716690617943,0.0655739832334086,0.16405824184380596,0.40716516563281335,0.3620476351146755,0.5744982290436836,0.18066105522479983,0.012779716690617943,0.0655739832334086,0.16405824184380596,0.40716516563281335,0.3620476351146755,LBB-AUS,0
2025,1,LBB,COS,183.75,17.0,610.1764705882352,0.0,50.0,1.0,0.0,0.0,0.0,0.0,0.0,2.2231333333333336,,,,,,,,,,,,,0.0,,,,,,,LBB-COS,0
2025,1,LBB,CVG,230.73899999999998,25.0,1193.7,30.0,156.0,1.0,0.0,0.0,0.0,0.0,0.0,2.2231333333333336,,,,,,,,,,,,,0.19230769230769232,,,,,,,LBB-CVG,0
2025,1,LBB,DAL,178.70523255813953,1296.0,294.48671096345515,39106.0,58724.0,380.0,389.0,1.0,0.9238845144356955,0.02056555269922879,0.11053984575835475,2.2231333333333336,,,,,,,,,,,,,0.6659287514474491,,,,,,,LBB-DAL,0
2025,1,LBB,DEN,183.1490728476821,399.0,542.4569536423841,10952.0,16496.0,224.0,0.0,0.0,0.0,0.0,0.0,2.2231333333333336,,,,,,,,,,,,,0.6639185257032008,,,,,,,LBB-DEN,0
2025,1,LBB,DFW,226.40348088531186,679.0,282.0,38972.0,49701.0,598.0,596.0,3.0,12.403812824956672,0.031879194630872486,0.1761744966442953,2.2231333333333336,,,,,,,0.2062396282774643,0.03747759707932293,0.10718704340430481,0.1903530643250198,0.3470410781655484,0.3542601059847202,0.7841290919699805,0.2062396282774643,0.03747759707932293,0.10718704340430481,0.1903530643250198,0.3470410781655484,0.3542601059847202,LBB-DFW,0
2025,1,LBB,GNV,366.92857142857144,7.0,1182.0,57.0,137.0,1.0,0.0,0.0,0.0,0.0,0.0,2.2231333333333336,,,,,,,,,,,,,0.41605839416058393,,,,,,,LBB-GNV,0
2025,1,LBB,HOU,199.5079166666667,529.0,522.7333333333333,891.0,1712.0,11.0,10.0,1.0,5.3,0.0,0.3,2.2231333333333336,,,,,,,,,,,,,0.5204439252336449,,,,,,,LBB-HOU,0
2025,1,LBB,IAH,236.37341404358355,612.0,465.7675544794189,10228.0,11850.0,237.0,236.0,1.0,4.008658008658009,0.0211864406779661,0.11864406779661017,2.2231333333333336,,,,,,,0.16850534248952576,0.02717108362049731,0.06321467851469073,0.21375131175937725,0.3868472966603237,0.33570759355923724,0.8631223628691983,0.16850534248952576,0.02717108362049731,0.06321467851469073,0.21375131175937725,0.3868472966603237,0.33570759355923724,LBB-IAH,1
2025,1,LBB,ICT,231.16823529411766,17.0,629.4117647058823,132.0,150.0,1.0,0.0,0.0,0.0,0.0,0.0,2.2231333333333336,,,,,,,,,,,,,0.88,,,,,,,LBB-ICT,1
2025,1,LBB,JAN,401.46153846153845,13.0,723.7692307692307,0.0,50.0,1.0,0.0,0.0,0.0,0.0,0.0,2.2231333333333336,,,,,,,,,,,,,0.0,,,,,,,LBB-JAN,0
2025,1,LBB,LAS,265.5521804511278,646.0,935.6115288220551,8879.0,13591.0,89.0,0.0,0.0,0.0,0.0,0.0,2.2231333333333336,,,,,,,,,,,,,0.653299977926569,,,,,,,LBB-LAS,0
2025,1,LBB,LAX,265.34933333333333,252.0,1360.6857142857143,0.0,136.0,2.0,0.0,0.0,0.0,0.0,0.0,2.2231333333333336,,,,,,,0.1662822530232157,0.008191243991291414,0.06384287985231527,0.17061212978089035,0.33008563663401874,0.43409495483748084,0.0,0.1662822530232157,0.008191243991291414,0.06384287985231527,0.17061212978089035,0.33008563663401874,0.43409495483748084,LBB-LAX,0
2025,1,LBB,MCI,241.09904347826085,125.0,800.895652173913,81.0,160.0,1.0,0.0,0.0,0.0,0.0,0.0,2.2231333333333336,,,,,,,,,,,,,0.50625,,,,,,,LBB-MCI,0
2025,1,LBB,MEM,234.91629032258064,66.0,747.0645161290323,0.0,0.0,70.0,0.0,0.0,0.0,0.0,0.0,2.2231333333333336,,,,,,,,,,,,,,,,,,,,LBB-MEM,0
2025,1,LBB,MHK,344.981,10.0,713.0,59.0,186.0,1.0,0.0,0.0,0.0,0.0,0.0,2.2231333333333336,,,,,,,,,,,,,0.3172043010752688,,,,,,,LBB-MHK,0
2025,1,LBB,MKE,335.12739130434784,23.0,1200.6521739130435,0.0,50.0,1.0,0.0,0.0,0.0,0.0,0.0,2.2231333333333336,,,,,,,,,,,,,0.0,,,,,,,LBB-MKE,0
2025,1,LBB,MSP,302.46030769230765,67.0,1174.9538461538461,0.0,186.0,1.0,0.0,0.0,0.0,0.0,0.0,2.2231333333333336,,,,,,,,,,,,,0.0,,,,,,,LBB-MSP,0
2025,1,LBB,OAK,286.2625925925926,54.0,1299.6296296296296,208.0,216.0,2.0,0.0,0.0,0.0,0.0,0.0,2.2231333333333336,,,,,,,,,,,,,0.9629629629629629,,,,,,,LBB-OAK,1
2025,1,LBB,OKC,281.1338095238095,22.0,457.0,100.0,193.0,2.0,0.0,0.0,0.0,0.0,0.0,2.2231333333333336,,,,,,,,,,,,,0.5181347150259067,,,,,,,LBB-OKC,0
2025,1,LBB,PHX,239.4837125748503,410.0,940.8173652694611,4106.0,6005.0,102.0,0.0,0.0,0.0,0.0,0.0,2.2231333333333336,,,,,,,,,,,,,0.6837635303913405,,,,,,,LBB-PHX,0
2025,1,LBB,PVU,239.1966666666667,6.0,1178.6666666666667,70.0,108.0,1.0,0.0,0.0,0.0,0.0,0.0,2.2231333333333336,,,,,,,,,,,,,0.6481481481481481,,,,,,,LBB-PVU,0
2025,1,LBB,RNO,233.18238095238095,43.0,1278.452380952381,98.0,372.0,2.0,0.0,0.0,0.0,0.0,0.0,2.2231333333333336,,,,,,,,,,,,,0.26344086021505375,,,,,,,LBB-RNO,0
2025,1,LBB,SAT,240.84805555555556,222.0,541.1722222222222,0.0,186.0,1.0,0.0,0.0,0.0,0.0,0.0,2.2231333333333336,,,,,,,,,,,,,0.0,,,,,,,LBB-SAT,0
2025,1,LBB,SDF,306.0293181818182,46.0,1036.8863636363637,0.0,0.0,104.0,0.0,0.0,0.0,0.0,0.0,2.2231333333333336,,,,,,,,,,,,,,,,,,,,LBB-SDF,0
2025,1,LBB,SFO,303.91703125,130.0,1580.140625,262.0,354.0,2.0,0.0,0.0,0.0,0.0,0.0,2.2231333333333336,,,,,,,0.22080340516094707,0.00951789778605421,0.04750395680104273,0.43247928498277627,0.2687235825342147,0.25053346988176145,0.7401129943502824,0.22080340516094707,0.00951789778605421,0.04750395680104273,0.43247928498277627,0.2687235825342147,0.25053346988176145,LBB-SFO,0
2025,1,LBB,SGU,208.24666666666667,6.0,979.5,0.0,50.0,1.0,0.0,0.0,0.0,0.0,0.0,2.2231333333333336,,,,,,,,,,,,,0.0,,,,,,,LBB-SGU,0
2025,1,LBB,SWO,390.5,2.0,507.0,44.0,50.0,1.0,0.0,0.0,0.0,0.0,0.0,2.2231333333333336,,,,,,,,,,,,,0.88,,,,,,,LBB-SWO,1
2025,1,LBB,TUS,250.9697435897436,52.0,1071.3333333333333,59.0,254.0,2.0,0.0,0.0,0.0,0.0,0.0,2.2231333333333336,,,,,,,,,,,,,0.23228346456692914,,,,,,,LBB-TUS,0
2025,1,LCH,DFW,307.4583333333333,136.0,295.5833333333333,12283.0,16055.0,247.0,270.0,1.0,33.906122448979595,0.09259259259259259,0.22592592592592592,2.2231333333333336,,,,,,,0.2062396282774643,0.03747759707932293,0.10718704340430481,0.1903530643250198,0.3470410781655484,0.3542601059847202,0.765057614450327,0.2062396282774643,0.03747759707932293,0.10718704340430481,0.1903530643250198,0.3470410781655484,0.3542601059847202,LCH-DFW,0
2025,1,LCH,IAH,222.04176470588234,18.0,127.0,6932.0,8300.0,166.0,170.0,2.0,15.93939393939394,0.029411764705882353,0.12941176470588237,2.2231333333333336,,,,,,,0.16850534248952576,0.02717108362049731,0.06321467851469073,0.21375131175937725,0.3868472966603237,0.33570759355923724,0.8351807228915663,0.16850534248952576,0.02717108362049731,0.06321467851469073,0.21375131175937725,0.3868472966603237,0.33570759355923724,LCH-IAH,1
2025,1,LCK,SAV,62.27741935483871,317.0,539.0,3142.0,4680.0,30.0,31.0,1.0,-6.633333333333334,0.03225806451612903,0.06451612903225806,2.2231333333333336,,,,,,,,,,,,,0.6713675213675213,,,,,,,LCK-SAV,0
2025,1,LEX,ATL,270.86013856812934,565.0,306.81293302540416,48178.0,56463.0,548.0,563.0,3.0,10.661791590493602,0.03019538188277087,0.14742451154529307,2.2231333333333336,,,,,,,0.18040542999599665,0.022200385777195474,0.07972794287792138,0.19235893028329643,0.3715323460381475,0.35574939671415823,0.8532667410516621,0.18040542999599665,0.022200385777195474,0.07972794287792138,0.19235893028329643,0.3715323460381475,0.35574939671415823,LEX-ATL,1
2025,1,LEX,AUS,291.38746913580246,169.0,1177.6666666666667,67.0,108.0,1.0,0.0,0.0,0.0,0.0,0.0,2.2231333333333336,,,,,,,0.18066105522479983,0.012779716690617943,0.0655739832334086,0.16405824184380596,0.40716516563281335,0.3620476351146755,0.6203703703703703,0.18066105522479983,0.012779716690617943,0.0655739832334086,0.16405824184380596,0.40716516563281335,0.3620476351146755,LEX-AUS,0
2025,1,LEX,DFW,428.002492211838,478.0,860.0903426791277,14795.0,16785.0,221.0,232.0,2.0,5.806306306306307,0.04310344827586207,0.14224137931034483,2.2231333333333336,,,,,,,0.2062396282774643,0.03747759707932293,0.10718704340430481,0.1903530643250198,0.3470410781655484,0.3542601059847202,0.881441763479297,0.2062396282774643,0.03747759707932293,0.10718704340430481,0.1903530643250198,0.3470410781655484,0.3542601059847202,LEX-DFW,1
2025,1,LEX,LAX,423.09965909090903,187.0,2185.5454545454545,68.0,68.0,1.0,0.0,0.0,0.0,0.0,0.0,2.2231333333333336,,,,,,,0.1662822530232157,0.008191243991291414,0.06384287985231527,0.17061212978089035,0.33008563663401874,0.43409495483748084,1.0,0.1662822530232157,0.008191243991291414,0.06384287985231527,0.17061212978089035,0.33008563663401874,0.43409495483748084,LEX-LAX,1
2025,1,LFT,ATL,322.36069148936167,255.0,536.1170212765958,18711.0,23538.0,317.0,329.0,1.0,6.996845425867508,0.0364741641337386,0.1458966565349544,2.2231333333333336,,,,,,,0.18040542999599665,0.022200385777195474,0.07972794287792138,0.19235893028329643,0.3715323460381475,0.35574939671415823,0.7949273515166964,0.18040542999599665,0.022200385777195474,0.07972794287792138,0.19235893028329643,0.3715323460381475,0.35574939671415823,LFT-ATL,0
2025,1,LFT,DFW,310.2293442622951,313.0,356.12295081967216,21159.0,28095.0,406.0,432.0,3.0,22.342364532019705,0.06018518518518518,0.2152777777777778,2.2231333333333336,,,,,,,0.2062396282774643,0.03747759707932293,0.10718704340430481,0.1903530643250198,0.3470410781655484,0.3542601059847202,0.7531233315536572,0.2062396282774643,0.03747759707932293,0.10718704340430481,0.1903530643250198,0.3470410781655484,0.3542601059847202,LFT-DFW,0
2025,1,LFT,IAH,247.57093023255814,145.0,201.0,20209.0,25274.0,445.0,443.0,3.0,4.067441860465117,0.029345372460496615,0.11738148984198646,2.2231333333333336,,,,,,,0.16850534248952576,0.02717108362049731,0.06321467851469073,0.21375131175937725,0.3868472966603237,0.33570759355923724,0.7995964232017093,0.16850534248952576,0.02717108362049731,0.06321467851469073,0.21375131175937725,0.3868472966603237,0.33570759355923724,LFT-IAH,0
2025,1,LGA,ATL,236.82310477001704,16992.0,794.15800681431,238881.0,306732.0,1650.0,1683.0,4.0,12.837477258944816,0.020202020202020204,0.19667260843731432,2.2231333333333336,,,,,,,0.18040542999599665,0.022200385777195474,0.07972794287792138,0.19235893028329643,0.3715323460381475,0.35574939671415823,0.7787938656547083,0.18040542999599665,0.022200385777195474,0.07972794287792138,0.19235893028329643,0.3715323460381475,0.35574939671415823,LGA-ATL,0
2025,1,LGA,AUS,244.55175572519084,1369.0,1615.2332485156912,164.0,172.0,1.0,0.0,0.0,0.0,0.0,0.0,2.2231333333333336,,,,,,,0.18066105522479983,0.012779716690617943,0.0655739832334086,0.16405824184380596,0.40716516563281335,0.3620476351146755,0.9534883720930233,0.18066105522479983,0.012779716690617943,0.0655739832334086,0.16405824184380596,0.40716516563281335,0.3620476351146755,LGA-AUS,1
2025,1,LGA,CRP,281.3661728395062,91.0,1682.037037037037,88.0,109.0,1.0,0.0,0.0,0.0,0.0,0.0,2.2231333333333336,,,,,,,,,,,,,0.8073394495412844,,,,,,,LGA-CRP,1
2025,1,LGA,DAL,203.44785534062237,2663.0,1395.5525651808243,38845.0,53537.0,335.0,339.0,1.0,13.73873873873874,0.017699115044247787,0.1887905604719764,2.2231333333333336,,,,,,,,,,,,,0.7255729682275809,,,,,,,LGA-DAL,0
2025,1,LGA,DFW,290.77799410698094,13497.0,1407.4444696282865,189356.0,245342.0,1573.0,1631.0,4.0,12.482911392405063,0.03126916002452483,0.2004904966278357,2.2231333333333336,,,,,,,0.2062396282774643,0.03747759707932293,0.10718704340430481,0.1903530643250198,0.3470410781655484,0.3542601059847202,0.7718042569148372,0.2062396282774643,0.03747759707932293,0.10718704340430481,0.1903530643250198,0.3470410781655484,0.3542601059847202,LGA-DFW,0
2025,1,LGA,ELP,293.1542361111111,476.0,2007.6180555555557,137.0,172.0,1.0,0.0,0.0,0.0,0.0,0.0,2.2231333333333336,,,,,,,,,,,,,0.7965116279069767,,,,,,,LGA-ELP,0
2025,1,LGA,HOU,197.55851716581446,3236.0,1441.789627465303,39440.0,54875.0,325.0,336.0,1.0,8.975308641975309,0.03571428571428571,0.16964285714285715,2.2231333333333336,,,,,,,,,,,,,0.7187243735763098,,,,,,,LGA-HOU,0
2025,1,LGA,IAH,271.5303471882641,9553.0,1430.1293398533007,112278.0,139875.0,1080.0,1123.0,5.0,9.866300366300367,0.028495102404274265,0.1495992876224399,2.2231333333333336,,,,,,,0.16850534248952576,0.02717108362049731,0.06321467851469073,0.21375131175937725,0.3868472966603237,0.33570759355923724,0.8027024128686328,0.16850534248952576,0.02717108362049731,0.06321467851469073,0.21375131175937725,0.3868472966603237,0.33570759355923724,LGA-IAH,1
2025,1,LGA,SAV,210.03869300911853,1389.0,737.532928064843,14194.0,18337.0,245.0,257.0,2.0,8.06530612244898,0.04669260700389105,0.19066147859922178,2.2231333333333336,,,,,,,,,,,,,0.7740633691443529,,,,,,,LGA-SAV,0
2025,1,LGB,ABQ,184.22117117117116,503.0,697.7957957957958,5114.0,8522.0,54.0,0.0,0.0,0.0,0.0,0.0,2.2231333333333336,,,,,,,,,,,,,0.6000938746773058,,,,,,,LGB-ABQ,0
2025,1,LGB,AUS,233.13746317512275,2166.0,1238.847790507365,29902.0,43426.0,254.0,127.0,1.0,5.21259842519685,0.0,0.14960629921259844,2.2231333333333336,,,,,,,0.18066105522479983,0.012779716690617943,0.0655739832334086,0.16405824184380596,0.40716516563281335,0.3620476351146755,0.6885736655459863,0.18066105522479983,0.012779716690617943,0.0655739832334086,0.16405824184380596,0.40716516563281335,0.3620476351146755,LGB-AUS,0
2025,1,LGB,BNA,302.77859706362153,929.0,1807.3882544861337,13830.0,16098.0,94.0,0.0,0.0,0.0,0.0,0.0,2.2231333333333336,,,,,,,,,,,,,0.8591129332836377,,,,,,,LGB-BNA,1
2025,1,LGB,CMH,228.8929069767442,177.0,2073.5058139534885,332.0,386.0,1.0,0.0,0.0,0.0,0.0,0.0,2.2231333333333336,,,,,,,,,,,,,0.8601036269430051,,,,,,,LGB-CMH,1
2025,1,LGB,DAL,221.07438356164383,2688.0,1243.9630136986302,42004.0,55280.0,336.0,171.0,1.0,0.2976190476190476,0.017543859649122806,0.0935672514619883,2.2231333333333336,,,,,,,,,,,,,0.7598408104196817,,,,,,,LGB-DAL,0
2025,1,LGB,DEN,175.76218106995884,1518.0,869.3374485596707,24762.0,38503.0,233.0,0.0,0.0,0.0,0.0,0.0,2.2231333333333336,,,,,,,,,,,,,0.6431187180219723,,,,,,,LGB-DEN,0
2025,1,LGB,DTW,262.85561904761903,108.0,2024.3238095238096,48.0,78.0,1.0,0.0,0.0,0.0,0.0,0.0,2.2231333333333336,,,,,,,,,,,,,0.6153846153846154,,,,,,,LGB-DTW,0
2025,1,LGB,ELP,159.21475728155337,552.0,825.752427184466,6130.0,9954.0,62.0,33.0,1.0,16.65625,0.030303030303030304,0.21212121212121213,2.2231333333333336,,,,,,,,,,,,,0.6158328310227045,,,,,,,LGB-ELP,0
2025,1,LGB,HNL,283.1079012345679,2132.0,2576.7597340930674,27861.0,32193.0,177.0,0.0,0.0,0.0,0.0,0.0,2.2231333333333336,,,,,,,,,,,,,0.8654365855931414,,,,,,,LGB-HNL,1
2025,1,LGB,HOU,211.74931082981718,2258.0,1388.7524613220817,30268.0,36192.0,224.0,113.0,1.0,3.3839285714285716,0.008849557522123894,0.10619469026548672,2.2231333333333336,,,,,,,,,,,,,0.83631741821397,,,,,,,LGB-HOU,1
2025,1,LGB,LAS,134.9489438390612,4223.0,231.04107292539817,60396.0,92773.0,564.0,0.0,0.0,0.0,0.0,0.0,2.2231333333333336,,,,,,,,,,,,,0.6510083752816014,,,,,,,LGB-LAS,0
2025,1,LGB,MCI,269.2447755102041,279.0,1457.604081632653,1283.0,1637.0,11.0,0.0,0.0,0.0,0.0,0.0,2.2231333333333336,,,,,,,,,,,,,0.7837507635919365,,,,,,,LGB-MCI,0
2025,1,LGB,MCO,220.90173913043478,350.0,2304.692546583851,573.0,700.0,4.0,0.0,0.0,0.0,0.0,0.0,2.2231333333333336,,,,,,,,,,,,,0.8185714285714286,,,,,,,LGB-MCO,1
2025,1,LGB,MDW,215.03501326259945,633.0,1769.814323607427,9644.0,14508.0,84.0,0.0,0.0,0.0,0.0,0.0,2.2231333333333336,,,,,,,,,,,,,0.6647366969947615,,,,,,,LGB-MDW,0
2025,1,LGB,MSY,234.55691011235953,197.0,1716.7303370786517,218.0,572.0,4.0,0.0,0.0,0.0,0.0,0.0,2.2231333333333336,,,,,,,,,,,,,0.3811188811188811,,,,,,,LGB-MSY,0
2025,1,LGB,OAK,183.894266487214,2862.0,353.835800807537,34991.0,68588.0,436.0,438.0,1.0,0.43577981651376146,0.0045662100456621,0.0958904109589041,2.2231333333333336,,,,,,,,,,,,,0.5101621274858575,,,,,,,LGB-OAK,0
2025,1,LGB,OGG,326.0738360655738,1140.0,2522.793442622951,12732.0,17899.0,95.0,0.0,0.0,0.0,0.0,0.0,2.2231333333333336,,,,,,,,,,,,,0.7113246550086597,,,,,,,LGB-OGG,0
2025,1,LGB,ORD,213.55689655172412,29.0,1860.8620689655172,120.0,272.0,2.0,0.0,0.0,0.0,0.0,0.0,2.2231333333333336,,,,,,,,,,,,,0.4411764705882353,,,,,,,LGB-ORD,0
2025,1,LGB,PHX,150.76840646651272,2779.0,356.7771362586605,41968.0,64416.0,416.0,0.0,0.0,0.0,0.0,0.0,2.2231333333333336,,,,,,,,,,,,,0.6515151515151515,,,,,,,LGB-PHX,0
2025,1,LGB,RDU,207.74922330097087,105.0,2301.8446601941746,50.0,78.0,1.0,0.0,0.0,0.0,0.0,0.0,2.2231333333333336,,,,,,,,,,,,,0.6410256410256411,,,,,,,LGB-RDU,0
2025,1,LGB,RNO,165.68342424242425,1608.0,419.4848484848485,17096.0,27022.0,173.0,0.0,0.0,0.0,0.0,0.0,2.2231333333333336,,,,,,,,,,,,,0.6326696765598401,,,,,,,LGB-RNO,0
2025,1,LGB,SDF,258.8685542168675,87.0,1951.3975903614457,0.0,0.0,62.0,0.0,0.0,0.0,0.0,0.0,2.2231333333333336,,,,,,,,,,,,,,,,,,,,LGB-SDF,0
2025,1,LGB,SJC,160.08611635220126,2139.0,327.16037735849056,24574.0,46708.0,300.0,301.0,1.0,3.769230769230769,0.006644518272425249,0.1461794019933555,2.2231333333333336,,,,,,,,,,,,,0.5261197225314721,,,,,,,LGB-SJC,0
2025,1,LGB,SLC,208.87789605510332,3514.0,600.686286787727,38895.0,48195.0,407.0,0.0,0.0,0.0,0.0,0.0,2.2231333333333336,,,,,,,,,,,,,0.8070339246809834,,,,,,,LGB-SLC,1
2025,1,LGB,SMF,172.10118609406953,4097.0,387.72085889570553,49020.0,76875.0,485.0,487.0,1.0,3.1690721649484535,0.004106776180698152,0.13141683778234087,2.2231333333333336,,,,,,,,,,,,,0.6376585365853659,,,,,,,LGB-SMF,0
2025,1,LGB,STL,263.0212666666667,668.0,1609.6755555555555,10296.0,15317.0,91.0,0.0,0.0,0.0,0.0,0.0,2.2231333333333336,,,,,,,,,,,,,0.6721942939217862,,,,,,,LGB-STL,0
2025,1,LGB,TPA,218.06129032258065,174.0,2244.658064516129,46.0,72.0,1.0,0.0,0.0,0.0,0.0,0.0,2.2231333333333336,,,,,,,,,,,,,0.6388888888888888,,,,,,,LGB-TPA,0
2025,1,LGB,TUS,160.3156756756757,39.0,582.9459459459459,95.0,175.0,1.0,0.0,0.0,0.0,0.0,0.0,2.2231333333333336,,,,,,,,,,,,,0.5428571428571428,,,,,,,LGB-TUS,0
2025,1,LIH,LAX,401.27608540925263,2626.0,2636.913997627521,50212.0,58989.0,312.0,313.0,5.0,10.835483870967742,0.012779552715654952,0.23322683706070288,2.2231333333333336,,,,,,,0.1662822530232157,0.008191243991291414,0.06384287985231527,0.17061212978089035,0.33008563663401874,0.43409495483748084,0.8512095475427622,0.1662822530232157,0.008191243991291414,0.06384287985231527,0.17061212978089035,0.33008563663401874,0.43409495483748084,LIH-LAX,1
2025,1,LIH,OAK,326.295814889336,1677.0,2470.9476861167004,26395.0,32382.0,178.0,180.0,2.0,9.64245810055866,0.005555555555555556,0.17222222222222222,2.2231333333333336,,,,,,,,,,,,,0.8151133345685875,,,,,,,LIH-OAK,1
2025,1,LIH,ONT,305.41165289256196,133.0,2817.603305785124,0.0,0.0,3.0,0.0,0.0,0.0,0.0,0.0,2.2231333333333336,,,,,,,,,,,,,,,,,,,,LIH-ONT,0
2025,1,LIH,SAN,318.0136720867209,919.0,2763.445799457995,3408.0,4296.0,27.0,28.0,1.0,15.148148148148149,0.03571428571428571,0.2857142857142857,2.2231333333333336,,,,,,,0.20884454631252528,0.010516381286234326,0.06662806664762747,0.26037408113045896,0.37705046300462025,0.2940969356018669,0.7932960893854749,0.20884454631252528,0.010516381286234326,0.06662806664762747,0.26037408113045896,0.37705046300462025,0.2940969356018669,LIH-SAN,0
2025,1,LIH,SFO,413.6761358024691,1113.0,2526.143209876543,17574.0,19090.0,115.0,115.0,1.0,-3.245614035087719,0.008695652173913044,0.034782608695652174,2.2231333333333336,,,,,,,0.22080340516094707,0.00951789778605421,0.04750395680104273,0.43247928498277627,0.2687235825342147,0.25053346988176145,0.9205866946045049,0.22080340516094707,0.00951789778605421,0.04750395680104273,0.43247928498277627,0.2687235825342147,0.25053346988176145,LIH-SFO,1
2025,1,LIH,SJC,334.4893055555556,327.0,2603.659722222222,448.0,489.0,4.0,3.0,1.0,1.0,0.0,0.0,2.2231333333333336,,,,,,,,,,,,,0.9161554192229039,,,,,,,LIH-SJC,1
2025,1,LIH,SMF,341.5549361702128,986.0,2593.506382978723,6203.0,9450.0,50.0,51.0,1.0,30.48,0.0196078431372549,0.27450980392156865,2.2231333333333336,,,,,,,,,,,,,0.6564021164021164,,,,,,,LIH-SMF,0
2025,1,LIH,SNA,281.92,29.0,3016.185185185185,16.0,26.0,2.0,0.0,0.0,0.0,0.0,0.0,2.2231333333333336,,,,,,,,,,,,,0.6153846153846154,,,,,,,LIH-SNA,0
2025,1,LIT,ATL,263.05928695652176,946.0,508.46434782608696,50922.0,66845.0,551.0,559.0,2.0,11.26497277676951,0.014311270125223614,0.1771019677996422,2.2231333333333336,,,,,,,0.18040542999599665,0.022200385777195474,0.07972794287792138,0.19235893028329643,0.3715323460381475,0.35574939671415823,0.761792205849353,0.18040542999599665,0.022200385777195474,0.07972794287792138,0.19235893028329643,0.3715323460381475,0.35574939671415823,LIT-ATL,0
2025,1,LIT,DAL,158.2,626.0,296.49855072463765,24934.0,38470.0,250.0,254.0,1.0,4.107569721115538,0.015748031496062992,0.12992125984251968,2.2231333333333336,,,,,,,,,,,,,0.6481414088900442,,,,,,,LIT-DAL,0
2025,1,LIT,DFW,206.9268661417323,787.0,307.48976377952755,43427.0,54835.0,679.0,671.0,3.0,22.121451104100945,0.05663189269746647,0.22354694485842028,2.2231333333333336,,,,,,,0.2062396282774643,0.03747759707932293,0.10718704340430481,0.1903530643250198,0.3470410781655484,0.3542601059847202,0.7919576912555849,0.2062396282774643,0.03747759707932293,0.10718704340430481,0.1903530643250198,0.3470410781655484,0.3542601059847202,LIT-DFW,0
2025,1,LIT,HOU,172.74011904761906,221.0,521.9880952380952,0.0,186.0,1.0,0.0,0.0,0.0,0.0,0.0,2.2231333333333336,,,,,,,,,,,,,0.0,,,,,,,LIT-HOU,0
2025,1,LIT,IAH,221.99913188647747,688.0,387.6260434056761,18699.0,23822.0,383.0,391.0,3.0,6.428571428571429,0.03324808184143223,0.1329923273657289,2.2231333333333336,,,,,,,0.16850534248952576,0.02717108362049731,0.06321467851469073,0.21375131175937725,0.3868472966603237,0.33570759355923724,0.7849466879355218,0.16850534248952576,0.02717108362049731,0.06321467851469073,0.21375131175937725,0.3868472966603237,0.33570759355923724,LIT-IAH,0
2025,1,LIT,LBB,271.63302325581395,46.0,643.9767441860465,0.0,186.0,1.0,0.0,0.0,0.0,0.0,0.0,2.2231333333333336,,,,,,,,,,,,,0.0,,,,,,,LIT-LBB,0
2025,1,LIT,LRD,213.95454545454547,11.0,693.1818181818181,0.0,0.0,13.0,0.0,0.0,0.0,0.0,0.0,2.2231333333333336,,,,,,,,,,,,,,,,,,,,LIT-LRD,0
2025,1,LIT,OAK,264.7188235294118,72.0,1725.764705882353,0.0,0.0,1.0,0.0,0.0,0.0,0.0,0.0,2.2231333333333336,,,,,,,,,,,,,,,,,,,,LIT-OAK,0
2025,1,LIT,SAT,272.1677637130802,257.0,564.6244725738396,0.0,0.0,4.0,0.0,0.0,0.0,0.0,0.0,2.2231333333333336,,,,,,,,,,,,,,,,,,,,LIT-SAT,0
2025,1,LNK,IAH,312.92055555555555,36.0,1327.3333333333333,0.0,250.0,5.0,0.0,0.0,0.0,0.0,0.0,2.2231333333333336,,,,,,,0.16850534248952576,0.02717108362049731,0.06321467851469073,0.21375131175937725,0.3868472966603237,0.33570759355923724,0.0,0.16850534248952576,0.02717108362049731,0.06321467851469073,0.21375131175937725,0.3868472966603237,0.33570759355923724,LNK-IAH,0
2025,1,LNK,LAX,286.9683928571429,56.0,1320.5357142857142,117.0,254.0,2.0,0.0,0.0,0.0,0.0,0.0,2.2231333333333336,,,,,,,0.1662822530232157,0.008191243991291414,0.06384287985231527,0.17061212978089035,0.33008563663401874,0.43409495483748084,0.46062992125984253,0.1662822530232157,0.008191243991291414,0.06384287985231527,0.17061212978089035,0.33008563663401874,0.43409495483748084,LNK-LAX,0
2025,1,LNK,SFO,297.9684210526316,38.0,1392.2105263157894,1.0,70.0,1.0,0.0,0.0,0.0,0.0,0.0,2.2231333333333336,,,,,,,0.22080340516094707,0.00951789778605421,0.04750395680104273,0.43247928498277627,0.2687235825342147,0.25053346988176145,0.014285714285714285,0.22080340516094707,0.00951789778605421,0.04750395680104273,0.43247928498277627,0.2687235825342147,0.25053346988176145,LNK-SFO,0
2025,1,LNK,SJC,286.12166666666667,12.0,1371.0,0.0,178.0,1.0,0.0,0.0,0.0,0.0,0.0,2.2231333333333336,,,,,,,,,,,,,0.0,,,,,,,LNK-SJC,0
2025,1,LRD,ACT,319.0,1.0,485.0,54.0,65.0,1.0,0.0,0.0,0.0,0.0,0.0,2.2231333333333336,,,,,,,,,,,,,0.8307692307692308,,,,,,,LRD-ACT,1
2025,1,LRD,BMI,398.0,3.0,1086.0,0.0,0.0,4.0,0.0,0.0,0.0,0.0,0.0,2.2231333333333336,,,,,,,,,,,,,,,,,,,,LRD-BMI,0
2025,1,LRD,BUF,452.01,3.0,1792.0,0.0,0.0,1.0,0.0,0.0,0.0,0.0,0.0,2.2231333333333336,,,,,,,,,,,,,,,,,,,,LRD-BUF,0
2025,1,LRD,CHA,422.875,8.0,1091.0,0.0,0.0,3.0,0.0,0.0,0.0,0.0,0.0,2.2231333333333336,,,,,,,,,,,,,,,,,,,,LRD-CHA,0
2025,1,LRD,CLE,257.89,12.0,1417.0,0.0,0.0,3.0,0.0,0.0,0.0,0.0,0.0,2.2231333333333336,,,,,,,,,,,,,,,,,,,,LRD-CLE,0
2025,1,LRD,DFW,302.6812987012987,307.0,396.8376623376623,19542.0,29956.0,430.0,448.0,1.0,15.681603773584905,0.05357142857142857,0.13839285714285715,2.2231333333333336,,,,,,,0.2062396282774643,0.03747759707932293,0.10718704340430481,0.1903530643250198,0.3470410781655484,0.3542601059847202,0.6523567899586059,0.2062396282774643,0.03747759707932293,0.10718704340430481,0.1903530643250198,0.3470410781655484,0.3542601059847202,LRD-DFW,0
2025,1,LRD,ELP,295.67548387096775,72.0,964.2096774193549,144.0,324.0,3.0,0.0,0.0,0.0,0.0,0.0,2.2231333333333336,,,,,,,,,,,,,0.4444444444444444,,,,,,,LRD-ELP,0
2025,1,LRD,GSP,261.5,5.0,1186.0,0.0,0.0,21.0,0.0,0.0,0.0,0.0,0.0,2.2231333333333336,,,,,,,,,,,,,,,,,,,,LRD-GSP,0
2025,1,LRD,IAH,256.520390625,197.0,313.4609375,8827.0,13450.0,317.0,270.0,1.0,6.935361216730038,0.025925925925925925,0.09259259259259259,2.2231333333333336,,,,,,,0.16850534248952576,0.02717108362049731,0.06321467851469073,0.21375131175937725,0.3868472966603237,0.33570759355923724,0.6562825278810409,0.16850534248952576,0.02717108362049731,0.06321467851469073,0.21375131175937725,0.3868472966603237,0.33570759355923724,LRD-IAH,0
2025,1,LRD,IND,260.88235294117646,19.0,1154.8823529411766,0.0,0.0,1.0,0.0,0.0,0.0,0.0,0.0,2.2231333333333336,,,,,,,,,,,,,,,,,,,,LRD-IND,0
2025,1,LRD,LAS,167.78979487179487,312.0,1207.0051282051281,2934.0,4104.0,26.0,0.0,0.0,0.0,0.0,0.0,2.2231333333333336,,,,,,,,,,,,,0.7149122807017544,,,,,,,LRD-LAS,0
2025,1,LRD,MCI,265.725,20.0,873.6,0.0,0.0,8.0,0.0,0.0,0.0,0.0,0.0,2.2231333333333336,,,,,,,,,,,,,,,,,,,,LRD-MCI,0
2025,1,LRD,MEM,214.738,10.0,815.4,0.0,0.0,1.0,0.0,0.0,0.0,0.0,0.0,2.2231333333333336,,,,,,,,,,,,,,,,,,,,LRD-MEM,0
2025,1,LRD,MLU,198.5,1.0,689.0,0.0,0.0,2.0,0.0,0.0,0.0,0.0,0.0,2.2231333333333336,,,,,,,,,,,,,,,,,,,,LRD-MLU,0
2025,1,LRD,SAN,293.8826923076923,116.0,1578.3846153846155,58.0,2160.0,12.0,0.0,0.0,0.0,0.0,0.0,2.2231333333333336,,,,,,,0.20884454631252528,0.010516381286234326,0.06662806664762747,0.26037408113045896,0.37705046300462025,0.2940969356018669,0.026851851851851852,0.20884454631252528,0.010516381286234326,0.06662806664762747,0.26037408113045896,0.37705046300462025,0.2940969356018669,LRD-SAN,0
2025,1,LRD,SDF,253.05555555555554,9.0,1120.111111111111,0.0,0.0,77.0,0.0,0.0,0.0,0.0,0.0,2.2231333333333336,,,,,,,,,,,,,,,,,,,,LRD-SDF,0
2025,1,LRD,SHV,203.5,5.0,567.4,0.0,0.0,12.0,0.0,0.0,0.0,0.0,0.0,2.2231333333333336,,,,,,,,,,,,,,,,,,,,LRD-SHV,0
2025,1,LRD,STL,258.30375,26.0,947.8333333333334,0.0,0.0,2.0,0.0,0.0,0.0,0.0,0.0,2.2231333333333336,,,,,,,,,,,,,,,,,,,,LRD-STL,0
2025,1,MAF,AUS,143.1383896103896,692.0,368.87012987012986,12373.0,24178.0,253.0,258.0,2.0,11.490196078431373,0.011627906976744186,0.1937984496124031,2.2231333333333336,,,,,,,0.18066105522479983,0.012779716690617943,0.0655739832334086,0.16405824184380596,0.40716516563281335,0.3620476351146755,0.5117462155678716,0.18066105522479983,0.012779716690617943,0.0655739832334086,0.16405824184380596,0.40716516563281335,0.3620476351146755,MAF-AUS,0
2025,1,MAF,COS,235.60113636363639,44.0,819.75,0.0,50.0,1.0,0.0,0.0,0.0,0.0,0.0,2.2231333333333336,,,,,,,,,,,,,0.0,,,,,,,MAF-COS,0
2025,1,MAF,CRP,269.0482857142857,82.0,637.6857142857143,73.0,76.0,1.0,0.0,0.0,0.0,0.0,0.0,2.2231333333333336,,,,,,,,,,,,,0.9605263157894737,,,,,,,MAF-CRP,1
2025,1,MAF,DAL,192.15235867446395,1139.0,327.0448343079922,27050.0,50298.0,326.0,329.0,1.0,1.3292307692307692,0.0121580547112462,0.0911854103343465,2.2231333333333336,,,,,,,,,,,,,0.5377947433297546,,,,,,,MAF-DAL,0
2025,1,MAF,DEN,257.6380821917808,584.0,601.0068493150685,16881.0,24628.0,375.0,376.0,2.0,15.852150537634408,0.010638297872340425,0.2127659574468085,2.2231333333333336,,,,,,,,,,,,,0.6854393373396135,,,,,,,MAF-DEN,0
2025,1,MAF,DFW,265.6277251184834,627.0,312.78199052132703,35815.0,45757.0,638.0,655.0,2.0,9.525984251968504,0.030534351145038167,0.1618320610687023,2.2231333333333336,,,,,,,0.2062396282774643,0.03747759707932293,0.10718704340430481,0.1903530643250198,0.3470410781655484,0.3542601059847202,0.7827217693467666,0.2062396282774643,0.03747759707932293,0.10718704340430481,0.1903530643250198,0.3470410781655484,0.3542601059847202,MAF-DFW,0
2025,1,MAF,GPT,336.58263157894737,39.0,806.6842105263158,153.0,186.0,1.0,0.0,0.0,0.0,0.0,0.0,2.2231333333333336,,,,,,,,,,,,,0.8225806451612904,,,,,,,MAF-GPT,1
2025,1,MAF,HDN,236.185,18.0,899.5,83.0,166.0,1.0,0.0,0.0,0.0,0.0,0.0,2.2231333333333336,,,,,,,,,,,,,0.5,,,,,,,MAF-HDN,0
2025,1,MAF,HOU,203.38202733485195,1982.0,443.5455580865604,30324.0,50575.0,321.0,329.0,1.0,4.1152647975077885,0.0243161094224924,0.11854103343465046,2.2231333333333336,,,,,,,,,,,,,0.5995847750865052,,,,,,,MAF-HOU,0
2025,1,MAF,IAH,326.3866768292683,1672.0,430.7439024390244,32988.0,43184.0,557.0,569.0,4.0,7.6252252252252255,0.02460456942003515,0.14411247803163443,2.2231333333333336,,,,,,,0.16850534248952576,0.02717108362049731,0.06321467851469073,0.21375131175937725,0.3868472966603237,0.33570759355923724,0.763894034827714,0.16850534248952576,0.02717108362049731,0.06321467851469073,0.21375131175937725,0.3868472966603237,0.33570759355923724,MAF-IAH,0
2025,1,MAF,LAS,296.3942669584245,741.0,1010.1509846827133,8689.0,14807.0,89.0,90.0,1.0,6.797752808988764,0.011111111111111112,0.1111111111111111,2.2231333333333336,,,,,,,,,,,,,0.5868170459917607,,,,,,,MAF-LAS,0
2025,1,MAF,MSP,326.8377777777778,81.0,1286.3703703703704,0.0,186.0,1.0,0.0,0.0,0.0,0.0,0.0,2.2231333333333336,,,,,,,,,,,,,0.0,,,,,,,MAF-MSP,0
2025,1,MAF,OKC,345.5,47.0,487.73333333333335,0.0,76.0,1.0,0.0,0.0,0.0,0.0,0.0,2.2231333333333336,,,,,,,,,,,,,0.0,,,,,,,MAF-OKC,0
2025,1,MAF,PHX,263.95644549763034,230.0,932.3554502369668,4020.0,5807.0,89.0,90.0,1.0,24.40449438202247,0.011111111111111112,0.15555555555555556,2.2231333333333336,,,,,,,,,,,,,0.6922679524711555,,,,,,,MAF-PHX,0
2025,1,MAF,RNO,274.4384375,32.0,1258.8125,151.0,186.0,1.0,0.0,0.0,0.0,0.0,0.0,2.2231333333333336,,,,,,,,,,,,,0.8118279569892473,,,,,,,MAF-RNO,1
2025,1,MAF,SAT,285.18778688524594,135.0,601.7459016393443,0.0,186.0,1.0,0.0,0.0,0.0,0.0,0.0,2.2231333333333336,,,,,,,,,,,,,0.0,,,,,,,MAF-SAT,0
2025,1,MAF,TUL,293.3959016393443,127.0,611.3770491803278,65.0,143.0,1.0,0.0,0.0,0.0,0.0,0.0,2.2231333333333336,,,,,,,,,,,,,0.45454545454545453,,,,,,,MAF-TUL,0
2025,1,MAF,TUS,260.0712,25.0,1007.56,0.0,125.0,2.0,0.0,0.0,0.0,0.0,0.0,2.2231333333333336,,,,,,,,,,,,,0.0,,,,,,,MAF-TUS,0
2025,1,MCI,ATL,279.8441214057508,2758.0,744.6900958466454,95280.0,124337.0,721.0,738.0,2.0,9.315716272600834,0.025745257452574527,0.12330623306233063,2.2231333333333336,,,,,,,0.18040542999599665,0.022200385777195474,0.07972794287792138,0.19235893028329643,0.3715323460381475,0.35574939671415823,0.7663044789563846,0.18040542999599665,0.022200385777195474,0.07972794287792138,0.19235893028329643,0.3715323460381475,0.35574939671415823,MCI-ATL,0
2025,1,MCI,AUS,227.48207807118257,1638.0,688.0780711825488,18669.0,30064.0,189.0,194.0,1.0,8.32620320855615,0.03608247422680412,0.14432989690721648,2.2231333333333336,,,,,,,0.18066105522479983,0.012779716690617943,0.0655739832334086,0.16405824184380596,0.40716516563281335,0.3620476351146755,0.6209752527940394,0.18066105522479983,0.012779716690617943,0.0655739832334086,0.16405824184380596,0.40716516563281335,0.3620476351146755,MCI-AUS,0
2025,1,MCI,BUR,263.7870918367347,492.0,1409.7117346938776,4393.0,7150.0,50.0,51.0,1.0,9.26,0.0196078431372549,0.11764705882352941,2.2231333333333336,,,,,,,,,,,,,0.6144055944055944,,,,,,,MCI-BUR,0
2025,1,MCI,DAL,214.62830088495576,2890.0,468.4716814159292,49405.0,76982.0,481.0,500.0,1.0,11.36875,0.04,0.182,2.2231333333333336,,,,,,,,,,,,,0.641773401574394,,,,,,,MCI-DAL,0
2025,1,MCI,DFW,248.35740808823527,2140.0,467.6976102941176,65455.0,83070.0,563.0,600.0,4.0,20.281639928698752,0.065,0.20166666666666666,2.2231333333333336,,,,,,,0.2062396282774643,0.03747759707932293,0.10718704340430481,0.1903530643250198,0.3470410781655484,0.3542601059847202,0.7879499217527387,0.2062396282774643,0.03747759707932293,0.10718704340430481,0.1903530643250198,0.3470410781655484,0.3542601059847202,MCI-DFW,0
2025,1,MCI,ELP,259.2269483568075,231.0,1114.3849765258217,118.0,180.0,1.0,0.0,0.0,0.0,0.0,0.0,2.2231333333333336,,,,,,,,,,,,,0.6555555555555556,,,,,,,MCI-ELP,0
2025,1,MCI,HOU,245.50015576323986,1786.0,689.5898234683282,25959.0,35970.0,222.0,231.0,1.0,9.468468468468469,0.03896103896103896,0.15584415584415584,2.2231333333333336,,,,,,,,,,,,,0.7216847372810675,,,,,,,MCI-HOU,0
2025,1,MCI,HRL,171.8506923076923,150.0,940.623076923077,197.0,641.0,3.0,0.0,0.0,0.0,0.0,0.0,2.2231333333333336,,,,,,,,,,,,,0.3073322932917317,,,,,,,MCI-HRL,0
2025,1,MCI,IAH,302.37921524663676,1124.0,662.5515695067264,27789.0,35067.0,349.0,366.0,3.0,8.92816091954023,0.05191256830601093,0.12021857923497267,2.2231333333333336,,,,,,,0.16850534248952576,0.02717108362049731,0.06321467851469073,0.21375131175937725,0.3868472966603237,0.33570759355923724,0.7924544443493883,0.16850534248952576,0.02717108362049731,0.06321467851469073,0.21375131175937725,0.3868472966603237,0.33570759355923724,MCI-IAH,0
2025,1,MCI,LAX,280.3495054200542,2301.0,1423.3163956639567,23228.0,32939.0,200.0,203.0,3.0,12.627551020408163,0.034482758620689655,0.1625615763546798,2.2231333333333336,,,,,,,0.1662822530232157,0.008191243991291414,0.06384287985231527,0.17061212978089035,0.33008563663401874,0.43409495483748084,0.7051823066881204,0.1662822530232157,0.008191243991291414,0.06384287985231527,0.17061212978089035,0.33008563663401874,0.43409495483748084,MCI-LAX,0
2025,1,MCI,LBB,239.19933962264153,118.0,750.4716981132076,81.0,160.0,1.0,0.0,0.0,0.0,0.0,0.0,2.2231333333333336,,,,,,,,,,,,,0.50625,,,,,,,MCI-LBB,0
2025,1,MCI,LGB,275.3773170731708,269.0,1461.2886178861788,1286.0,2068.0,12.0,0.0,0.0,0.0,0.0,0.0,2.2231333333333336,,,,,,,,,,,,,0.6218568665377177,,,,,,,MCI-LGB,0
2025,1,MCI,LRD,218.0368181818182,33.0,864.0,0.0,0.0,7.0,0.0,0.0,0.0,0.0,0.0,2.2231333333333336,,,,,,,,,,,,,,,,,,,,MCI-LRD,0
2025,1,MCI,OAK,275.30493181818184,562.0,1522.6636363636364,8888.0,11665.0,80.0,81.0,1.0,16.734177215189874,0.024691358024691357,0.30864197530864196,2.2231333333333336,,,,,,,,,,,,,0.761937419631376,,,,,,,MCI-OAK,0
2025,1,MCI,ONT,277.101213592233,445.0,1470.4223300970873,0.0,0.0,48.0,0.0,0.0,0.0,0.0,0.0,2.2231333333333336,,,,,,,,,,,,,,,,,,,,MCI-ONT,0
2025,1,MCI,SAN,264.3432900763359,1720.0,1472.0786259541985,11171.0,14814.0,98.0,99.0,1.0,14.275510204081632,0.010101010101010102,0.18181818181818182,2.2231333333333336,,,,,,,0.20884454631252528,0.010516381286234326,0.06662806664762747,0.26037408113045896,0.37705046300462025,0.2940969356018669,0.754083974618604,0.20884454631252528,0.010516381286234326,0.06662806664762747,0.26037408113045896,0.37705046300462025,0.2940969356018669,MCI-SAN,0
2025,1,MCI,SAT,248.34515915119363,959.0,789.3050397877984,5816.0,8298.0,54.0,55.0,1.0,17.90740740740741,0.01818181818181818,0.32727272727272727,2.2231333333333336,,,,,,,,,,,,,0.7008917811520848,,,,,,,MCI-SAT,0
2025,1,MCI,SFO,336.12415881561236,852.0,1607.1520861372812,5698.0,7184.0,94.0,96.0,2.0,9.087912087912088,0.052083333333333336,0.16666666666666666,2.2231333333333336,,,,,,,0.22080340516094707,0.00951789778605421,0.04750395680104273,0.43247928498277627,0.2687235825342147,0.25053346988176145,0.7931514476614699,0.22080340516094707,0.00951789778605421,0.04750395680104273,0.43247928498277627,0.2687235825342147,0.25053346988176145,MCI-SFO,0
2025,1,MCI,SMF,247.68140518417462,845.0,1576.762619372442,5969.0,8379.0,53.0,55.0,1.0,14.264150943396226,0.03636363636363636,0.2545454545454545,2.2231333333333336,,,,,,,,,,,,,0.7123761785415921,,,,,,,MCI-SMF,0
2025,1,MCI,TYR,278.2814285714286,8.0,562.0,0.0,65.0,1.0,0.0,0.0,0.0,0.0,0.0,2.2231333333333336,,,,,,,,,,,,,0.0,,,,,,,MCI-TYR,0
2025,1,MCN,BWI,115.93,1.0,594.0,2826.0,4620.0,154.0,0.0,0.0,0.0,0.0,0.0,2.2231333333333336,,,,,,,,,,,,,0.6116883116883117,,,,,,,MCN-BWI,0
2025,1,MCO,ABY,322.55,13.0,549.0,0.0,0.0,1.0,0.0,0.0,0.0,0.0,0.0,2.2231333333333336,,,,,,,,,,,,,,,,,,,,MCO-ABY,0
2025,1,MCO,ATL,213.83788048277893,12882.0,412.8507506623491,340140.0,410788.0,2097.0,2093.0,4.0,16.63728813559322,0.013377926421404682,0.23268036311514573,2.2231333333333336,,,,,,,0.18040542999599665,0.022200385777195474,0.07972794287792138,0.19235893028329643,0.3715323460381475,0.35574939671415823,0.8280183452291693,0.18040542999599665,0.022200385777195474,0.07972794287792138,0.19235893028329643,0.3715323460381475,0.35574939671415823,MCO-ATL,1
2025,1,MCO,AUS,240.537794169301,5894.0,1050.681067790657,82045.0,96807.0,598.0,604.0,4.0,11.321666666666667,0.006622516556291391,0.20695364238410596,2.2231333333333336,,,,,,,0.18066105522479983,0.012779716690617943,0.0655739832334086,0.16405824184380596,0.40716516563281335,0.3620476351146755,0.847511027095148,0.18066105522479983,0.012779716690617943,0.0655739832334086,0.16405824184380596,0.40716516563281335,0.3620476351146755,MCO-AUS,1
2025,1,MCO,CRP,282.9439411764706,187.0,1115.7117647058824,333.0,341.0,2.0,0.0,0.0,0.0,0.0,0.0,2.2231333333333336,,,,,,,,,,,,,0.9765395894428153,,,,,,,MCO-CRP,1
2025,1,MCO,DAL,248.00442662779398,4909.0,991.798833819242,90345.0,108162.0,656.0,668.0,1.0,11.035168195718654,0.020958083832335328,0.20359281437125748,2.2231333333333336,,,,,,,,,,,,,0.8352748654795584,,,,,,,MCO-DAL,1
2025,1,MCO,DFW,254.00695125468704,11513.0,1024.7799250072107,204837.0,230624.0,1235.0,1243.0,3.0,13.733830845771145,0.032180209171359615,0.19469026548672566,2.2231333333333336,,,,,,,0.2062396282774643,0.03747759707932293,0.10718704340430481,0.1903530643250198,0.3470410781655484,0.3542601059847202,0.8881859650339947,0.2062396282774643,0.03747759707932293,0.10718704340430481,0.1903530643250198,0.3470410781655484,0.3542601059847202,MCO-DFW,1
2025,1,MCO,ELP,278.07259119496854,969.0,1623.1509433962265,174.0,175.0,1.0,1.0,1.0,4.0,0.0,0.0,2.2231333333333336,,,,,,,,,,,,,0.9942857142857143,,,,,,,MCO-ELP,1
2025,1,MCO,HOU,240.233391959799,3599.0,878.6476130653266,61859.0,71161.0,439.0,448.0,1.0,10.892938496583144,0.020089285714285716,0.22991071428571427,2.2231333333333336,,,,,,,,,,,,,0.8692823316142269,,,,,,,MCO-HOU,1
2025,1,MCO,IAH,231.1681146953405,8037.0,881.4189964157706,138033.0,163494.0,849.0,857.0,3.0,11.68639053254438,0.014002333722287048,0.176196032672112,2.2231333333333336,,,,,,,0.16850534248952576,0.02717108362049731,0.06321467851469073,0.21375131175937725,0.3868472966603237,0.33570759355923724,0.8442695144775955,0.16850534248952576,0.02717108362049731,0.06321467851469073,0.21375131175937725,0.3868472966603237,0.33570759355923724,MCO-IAH,1
2025,1,MCO,LAX,336.5654021012416,11006.0,2270.7562559694366,113682.0,133410.0,709.0,703.0,4.0,14.00284495021337,0.0,0.18492176386913228,2.2231333333333336,,,,,,,0.1662822530232157,0.008191243991291414,0.06384287985231527,0.17061212978089035,0.33008563663401874,0.43409495483748084,0.8521250281088374,0.1662822530232157,0.008191243991291414,0.06384287985231527,0.17061212978089035,0.33008563663401874,0.43409495483748084,MCO-LAX,1
2025,1,MCO,LGB,227.54578313253012,351.0,2305.4337349397592,505.0,700.0,4.0,0.0,0.0,0.0,0.0,0.0,2.2231333333333336,,,,,,,,,,,,,0.7214285714285714,,,,,,,MCO-LGB,0
2025,1,MCO,ONT,286.22591265397534,996.0,2269.7458006718925,107.0,179.0,1.0,0.0,0.0,0.0,0.0,0.0,2.2231333333333336,,,,,,,,,,,,,0.5977653631284916,,,,,,,MCO-ONT,0
2025,1,MCO,SAN,300.609212315074,3852.0,2263.827668932427,27381.0,31945.0,180.0,180.0,1.0,10.422222222222222,0.0,0.25555555555555554,2.2231333333333336,,,,,,,0.20884454631252528,0.010516381286234326,0.06662806664762747,0.26037408113045896,0.37705046300462025,0.2940969356018669,0.8571294412271091,0.20884454631252528,0.010516381286234326,0.06662806664762747,0.26037408113045896,0.37705046300462025,0.2940969356018669,MCO-SAN,1
2025,1,MCO,SAT,249.50671150971598,3182.0,1119.2914798206277,33985.0,44175.0,256.0,255.0,3.0,8.720472440944881,0.00392156862745098,0.21176470588235294,2.2231333333333336,,,,,,,,,,,,,0.7693265421618563,,,,,,,MCO-SAT,0
2025,1,MCO,SAV,314.72875,92.0,636.1125,180.0,190.0,1.0,0.0,0.0,0.0,0.0,0.0,2.2231333333333336,,,,,,,,,,,,,0.9473684210526315,,,,,,,MCO-SAV,1
2025,1,MCO,SFO,412.0753630705394,4959.0,2515.642807745505,51094.0,60810.0,344.0,344.0,2.0,8.895348837209303,0.0,0.17732558139534885,2.2231333333333336,,,,,,,0.22080340516094707,0.00951789778605421,0.04750395680104273,0.43247928498277627,0.2687235825342147,0.25053346988176145,0.8402236474264101,0.22080340516094707,0.00951789778605421,0.04750395680104273,0.43247928498277627,0.2687235825342147,0.25053346988176145,MCO-SFO,1
2025,1,MCO,SMF,255.56099408919937,2433.0,2489.9645351961312,7397.0,9626.0,56.0,57.0,2.0,7.071428571428571,0.017543859649122806,0.21052631578947367,2.2231333333333336,,,,,,,,,,,,,0.7684396426345315,,,,,,,MCO-SMF,0
2025,1,MCO,SPS,322.3636363636364,11.0,1098.0,168.0,190.0,1.0,0.0,0.0,0.0,0.0,0.0,2.2231333333333336,,,,,,,,,,,,,0.8842105263157894,,,,,,,MCO-SPS,1
2025,1,MDT,ATL,354.4992142857143,733.0,642.3714285714286,23992.0,26443.0,250.0,254.0,2.0,9.08433734939759,0.01968503937007874,0.16535433070866143,2.2231333333333336,,,,,,,0.18040542999599665,0.022200385777195474,0.07972794287792138,0.19235893028329643,0.3715323460381475,0.35574939671415823,0.9073100631547101,0.18040542999599665,0.022200385777195474,0.07972794287792138,0.19235893028329643,0.3715323460381475,0.35574939671415823,MDT-ATL,1
2025,1,MDT,DFW,394.3272658227848,481.0,1302.607594936709,12362.0,14960.0,88.0,90.0,1.0,4.613636363636363,0.022222222222222223,0.1111111111111111,2.2231333333333336,,,,,,,0.2062396282774643,0.03747759707932293,0.10718704340430481,0.1903530643250198,0.3470410781655484,0.3542601059847202,0.8263368983957219,0.2062396282774643,0.03747759707932293,0.10718704340430481,0.1903530643250198,0.3470410781655484,0.3542601059847202,MDT-DFW,1
2025,1,MDT,GRK,494.1914285714286,7.0,1404.142857142857,139.0,180.0,1.0,0.0,0.0,0.0,0.0,0.0,2.2231333333333336,,,,,,,,,,,,,0.7722222222222223,,,,,,,MDT-GRK,0
2025,1,MDT,HRL,296.07,4.0,1731.0,285.0,324.0,2.0,0.0,0.0,0.0,0.0,0.0,2.2231333333333336,,,,,,,,,,,,,0.8796296296296297,,,,,,,MDT-HRL,1
2025,1,MDT,IAH,336.20166666666665,184.0,1391.896551724138,147.0,205.0,2.0,0.0,0.0,0.0,0.0,0.0,2.2231333333333336,,,,,,,0.16850534248952576,0.02717108362049731,0.06321467851469073,0.21375131175937725,0.3868472966603237,0.33570759355923724,0.7170731707317073,0.16850534248952576,0.02717108362049731,0.06321467851469073,0.21375131175937725,0.3868472966603237,0.33570759355923724,MDT-IAH,0
2025,1,MDT,SAT,298.9620987654321,181.0,1529.320987654321,230.0,507.0,3.0,0.0,0.0,0.0,0.0,0.0,2.2231333333333336,,,,,,,,,,,,,0.4536489151873767,,,,,,,MDT-SAT,0
2025,1,MDW,ATL,189.1574193548387,5639.0,600.6178315412186,88828.0,117248.0,804.0,818.0,3.0,9.117794486215539,0.02444987775061125,0.17237163814180928,2.2231333333333336,,,,,,,0.18040542999599665,0.022200385777195474,0.07972794287792138,0.19235893028329643,0.3715323460381475,0.35574939671415823,0.7576078056768559,0.18040542999599665,0.022200385777195474,0.07972794287792138,0.19235893028329643,0.3715323460381475,0.35574939671415823,MDW-ATL,0
2025,1,MDW,AUS,225.34376595744683,2071.0,1018.2127659574468,30505.0,46803.0,285.0,287.0,1.0,7.440559440559441,0.003484320557491289,0.16376306620209058,2.2231333333333336,,,,,,,0.18066105522479983,0.012779716690617943,0.0655739832334086,0.16405824184380596,0.40716516563281335,0.3620476351146755,0.6517744589022071,0.18066105522479983,0.012779716690617943,0.0655739832334086,0.16405824184380596,0.40716516563281335,0.3620476351146755,MDW-AUS,0
2025,1,MDW,BUR,236.7358265582656,502.0,1779.6124661246613,6231.0,8866.0,62.0,62.0,1.0,0.04838709677419355,0.0,0.03225806451612903,2.2231333333333336,,,,,,,,,,,,,0.7027972027972028,,,,,,,MDW-BUR,0
2025,1,MDW,DAL,208.23026081424933,3803.0,821.3581424936386,53477.0,77982.0,474.0,479.0,1.0,7.148619957537155,0.016701461377870562,0.18580375782881003,2.2231333333333336,,,,,,,,,,,,,0.6857608165987022,,,,,,,MDW-DAL,0
2025,1,MDW,DFW,108.37182370820669,813.0,845.9817629179331,9828.0,13206.0,71.0,74.0,1.0,13.126760563380282,0.04054054054054054,0.16216216216216217,2.2231333333333336,,,,,,,0.2062396282774643,0.03747759707932293,0.10718704340430481,0.1903530643250198,0.3470410781655484,0.3542601059847202,0.7442071785552021,0.2062396282774643,0.03747759707932293,0.10718704340430481,0.1903530643250198,0.3470410781655484,0.3542601059847202,MDW-DFW,0
2025,1,MDW,ELP,205.50425454545453,367.0,1319.2,5793.0,8887.0,57.0,57.0,1.0,2.6140350877192984,0.0,0.14035087719298245,2.2231333333333336,,,,,,,,,,,,,0.6518510183413976,,,,,,,MDW-ELP,0
2025,1,MDW,HOU,211.7576624203822,3529.0,964.6636942675159,49656.0,63202.0,391.0,394.0,1.0,6.475452196382429,0.02030456852791878,0.15736040609137056,2.2231333333333336,,,,,,,,,,,,,0.7856713395145724,,,,,,,MDW-HOU,0
2025,1,MDW,IAH,127.6951282051282,436.0,968.4957264957264,5020.0,8184.0,44.0,45.0,1.0,0.8409090909090909,0.022222222222222223,0.17777777777777778,2.2231333333333336,,,,,,,0.16850534248952576,0.02717108362049731,0.06321467851469073,0.21375131175937725,0.3868472966603237,0.33570759355923724,0.6133919843597263,0.16850534248952576,0.02717108362049731,0.06321467851469073,0.21375131175937725,0.3868472966603237,0.33570759355923724,MDW-IAH,0
2025,1,MDW,LAX,210.72578282828283,2652.0,1787.4335016835016,35881.0,46822.0,277.0,276.0,1.0,8.352727272727273,0.0036231884057971015,0.19202898550724637,2.2231333333333336,,,,,,,0.1662822530232157,0.008191243991291414,0.06384287985231527,0.17061212978089035,0.33008563663401874,0.43409495483748084,0.7663277946264576,0.1662822530232157,0.008191243991291414,0.06384287985231527,0.17061212978089035,0.33008563663401874,0.43409495483748084,MDW-LAX,0
2025,1,MDW,LBB,235.16985074626865,74.0,1164.910447761194,0.0,144.0,1.0,0.0,0.0,0.0,0.0,0.0,2.2231333333333336,,,,,,,,,,,,,0.0,,,,,,,MDW-LBB,0
2025,1,MDW,LGB,209.26807692307693,597.0,1765.6208791208792,10794.0,14826.0,86.0,0.0,0.0,0.0,0.0,0.0,2.2231333333333336,,,,,,,,,,,,,0.7280453257790368,,,,,,,MDW-LGB,0
2025,1,MDW,OAK,221.5494879518072,995.0,1883.0015060240964,13484.0,15486.0,98.0,98.0,1.0,14.53061224489796,0.0,0.25510204081632654,2.2231333333333336,,,,,,,,,,,,,0.8707219423995867,,,,,,,MDW-OAK,1
2025,1,MDW,ONT,248.91678861788617,694.0,1764.7784552845528,9844.0,14235.0,85.0,85.0,1.0,3.2857142857142856,0.011764705882352941,0.11764705882352941,2.2231333333333336,,,,,,,,,,,,,0.6915349490691957,,,,,,,MDW-ONT,0
2025,1,MDW,PSP,251.9791044776119,364.0,1682.3283582089553,4815.0,5547.0,37.0,38.0,1.0,3.9210526315789473,0.0,0.07894736842105263,2.2231333333333336,,,,,,,,,,,,,0.8680367766360195,,,,,,,MDW-PSP,1
2025,1,MDW,SAN,241.75526005888125,1866.0,1755.4249263984298,25766.0,33985.0,207.0,208.0,1.0,5.302884615384615,0.0,0.15865384615384615,2.2231333333333336,,,,,,,0.20884454631252528,0.010516381286234326,0.06662806664762747,0.26037408113045896,0.37705046300462025,0.2940969356018669,0.7581580108871561,0.20884454631252528,0.010516381286234326,0.06662806664762747,0.26037408113045896,0.37705046300462025,0.2940969356018669,MDW-SAN,0
2025,1,MDW,SAT,256.3117310664606,1075.0,1084.8639876352395,17918.0,26705.0,171.0,171.0,1.0,8.388235294117647,0.005847953216374269,0.18128654970760233,2.2231333333333336,,,,,,,,,,,,,0.6709604942894589,,,,,,,MDW-SAT,0
2025,1,MDW,SAV,191.91089686098653,653.0,772.3071748878924,10538.0,15494.0,98.0,101.0,2.0,8.642857142857142,0.0297029702970297,0.19801980198019803,2.2231333333333336,,,,,,,,,,,,,0.6801342455143927,,,,,,,MDW-SAV,0
2025,1,MDW,SFO,200.2918069815195,785.0,1907.347022587269,8741.0,10274.0,62.0,62.0,1.0,31.838709677419356,0.0,0.3387096774193548,2.2231333333333336,,,,,,,0.22080340516094707,0.00951789778605421,0.04750395680104273,0.43247928498277627,0.2687235825342147,0.25053346988176145,0.8507883978976056,0.22080340516094707,0.00951789778605421,0.04750395680104273,0.43247928498277627,0.2687235825342147,0.25053346988176145,MDW-SFO,1
2025,1,MDW,SJC,259.88341346153845,575.0,1879.329326923077,9652.0,14039.0,89.0,90.0,1.0,5.797752808988764,0.011111111111111112,0.12222222222222222,2.2231333333333336,,,,,,,,,,,,,0.687513355652112,,,,,,,MDW-SJC,0
2025,1,MDW,SMF,266.3825282167043,632.0,1843.1331828442437,11456.0,15187.0,93.0,93.0,1.0,5.021505376344086,0.0,0.12903225806451613,2.2231333333333336,,,,,,,,,,,,,0.7543293606373872,,,,,,,MDW-SMF,0
2025,1,MEI,IAH,118.0718918918919,40.0,422.0,4359.0,7500.0,150.0,155.0,1.0,16.655629139072847,0.025806451612903226,0.17419354838709677,2.2231333333333336,,,,,,,0.16850534248952576,0.02717108362049731,0.06321467851469073,0.21375131175937725,0.3868472966603237,0.33570759355923724,0.5812,0.16850534248952576,0.02717108362049731,0.06321467851469073,0.21375131175937725,0.3868472966603237,0.33570759355923724,MEI-IAH,0
2025,1,MEM,AGS,256.4428571428571,35.0,520.2571428571429,0.0,186.0,1.0,0.0,0.0,0.0,0.0,0.0,2.2231333333333336,,,,,,,,,,,,,0.0,,,,,,,MEM-AGS,0
2025,1,MEM,ATL,236.915590778098,1905.0,338.80115273775215,102212.0,126124.0,882.0,779.0,3.0,7.963494132985659,0.01540436456996149,0.12708600770218229,2.2231333333333336,,,,,,,0.18040542999599665,0.022200385777195474,0.07972794287792138,0.19235893028329643,0.3715323460381475,0.35574939671415823,0.8104088040341252,0.18040542999599665,0.022200385777195474,0.07972794287792138,0.19235893028329643,0.3715323460381475,0.35574939671415823,MEM-ATL,1
2025,1,MEM,AUS,259.89006896551723,479.0,698.9241379310345,0.0,0.0,120.0,0.0,0.0,0.0,0.0,0.0,2.2231333333333336,,,,,,,0.18066105522479983,0.012779716690617943,0.0655739832334086,0.16405824184380596,0.40716516563281335,0.3620476351146755,,0.18066105522479983,0.012779716690617943,0.0655739832334086,0.16405824184380596,0.40716516563281335,0.3620476351146755,MEM-AUS,0
2025,1,MEM,BUR,325.9434,52.0,1695.7,0.0,0.0,46.0,0.0,0.0,0.0,0.0,0.0,2.2231333333333336,,,,,,,,,,,,,,,,,,,,MEM-BUR,0
2025,1,MEM,CSG,308.3333333333333,3.0,415.0,0.0,0.0,51.0,0.0,0.0,0.0,0.0,0.0,2.2231333333333336,,,,,,,,,,,,,,,,,,,,MEM-CSG,0
2025,1,MEM,DAL,186.28387820512822,529.0,442.24038461538464,11975.0,18485.0,113.0,109.0,1.0,8.807339449541285,0.0,0.1743119266055046,2.2231333333333336,,,,,,,,,,,,,0.647822558831485,,,,,,,MEM-DAL,0
2025,1,MEM,DFW,251.08961871750432,1830.0,437.91421143847487,54313.0,70452.0,689.0,553.0,3.0,16.09640831758034,0.04701627486437613,0.2115732368896926,2.2231333333333336,,,,,,,0.2062396282774643,0.03747759707932293,0.10718704340430481,0.1903530643250198,0.3470410781655484,0.3542601059847202,0.7709220462158632,0.2062396282774643,0.03747759707932293,0.10718704340430481,0.1903530643250198,0.3470410781655484,0.3542601059847202,MEM-DFW,0
2025,1,MEM,ELP,276.5856896551724,122.0,1116.2241379310344,74.0,76.0,115.0,0.0,0.0,0.0,0.0,0.0,2.2231333333333336,,,,,,,,,,,,,0.9736842105263158,,,,,,,MEM-ELP,1
2025,1,MEM,HOU,173.57621160409556,983.0,523.9436860068259,18104.0,27838.0,180.0,184.0,1.0,5.325842696629214,0.03260869565217391,0.14130434782608695,2.2231333333333336,,,,,,,,,,,,,0.6503340757238307,,,,,,,MEM-HOU,0
2025,1,MEM,HRL,209.91326086956522,50.0,807.6521739130435,0.0,248.0,59.0,0.0,0.0,0.0,0.0,0.0,2.2231333333333336,,,,,,,,,,,,,0.0,,,,,,,MEM-HRL,0
2025,1,MEM,IAH,236.0126845637584,1114.0,491.15212527964206,25079.0,33902.0,481.0,375.0,4.0,9.89041095890411,0.02666666666666667,0.15733333333333333,2.2231333333333336,,,,,,,0.16850534248952576,0.02717108362049731,0.06321467851469073,0.21375131175937725,0.3868472966603237,0.33570759355923724,0.7397498672644681,0.16850534248952576,0.02717108362049731,0.06321467851469073,0.21375131175937725,0.3868472966603237,0.33570759355923724,MEM-IAH,0
2025,1,MEM,LAX,272.5669479882237,1416.0,1775.306182531894,7087.0,11412.0,333.0,70.0,2.0,1.4142857142857144,0.0,0.11428571428571428,2.2231333333333336,,,,,,,0.1662822530232157,0.008191243991291414,0.06384287985231527,0.17061212978089035,0.33008563663401874,0.43409495483748084,0.6210129688047669,0.1662822530232157,0.008191243991291414,0.06384287985231527,0.17061212978089035,0.33008563663401874,0.43409495483748084,MEM-LAX,0
2025,1,MEM,LBB,239.98298507462687,73.0,796.4179104477612,0.0,0.0,85.0,0.0,0.0,0.0,0.0,0.0,2.2231333333333336,,,,,,,,,,,,,,,,,,,,MEM-LBB,0
2025,1,MEM,LRD,280.44444444444446,21.0,807.6666666666666,0.0,0.0,53.0,0.0,0.0,0.0,0.0,0.0,2.2231333333333336,,,,,,,,,,,,,,,,,,,,MEM-LRD,0
2025,1,MEM,MAF,289.67804347826086,48.0,796.2826086956521,0.0,186.0,1.0,0.0,0.0,0.0,0.0,0.0,2.2231333333333336,,,,,,,,,,,,,0.0,,,,,,,MEM-MAF,0
2025,1,MEM,OAK,330.56016000000005,128.0,1886.12,0.0,0.0,272.0,0.0,0.0,0.0,0.0,0.0,2.2231333333333336,,,,,,,,,,,,,,,,,,,,MEM-OAK,0
2025,1,MEM,ONT,312.2754166666667,183.0,1731.7440476190477,0.0,0.0,130.0,0.0,0.0,0.0,0.0,0.0,2.2231333333333336,,,,,,,,,,,,,,,,,,,,MEM-ONT,0
2025,1,MEM,SAN,307.91109170305674,493.0,1780.7903930131004,0.0,180.0,63.0,0.0,0.0,0.0,0.0,0.0,2.2231333333333336,,,,,,,0.20884454631252528,0.010516381286234326,0.06662806664762747,0.26037408113045896,0.37705046300462025,0.2940969356018669,0.0,0.20884454631252528,0.010516381286234326,0.06662806664762747,0.26037408113045896,0.37705046300462025,0.2940969356018669,MEM-SAN,0
2025,1,MEM,SAT,271.96671717171716,448.0,735.39898989899,59.0,335.0,113.0,0.0,0.0,0.0,0.0,0.0,2.2231333333333336,,,,,,,,,,,,,0.1761194029850746,,,,,,,MEM-SAT,0
2025,1,MEM,SAV,288.5469784172662,153.0,595.9424460431654,0.0,0.0,44.0,0.0,0.0,0.0,0.0,0.0,2.2231333333333336,,,,,,,,,,,,,,,,,,,,MEM-SAV,0
2025,1,MEM,SFO,335.28514435695536,404.0,2027.1233595800525,0.0,0.0,59.0,0.0,0.0,0.0,0.0,0.0,2.2231333333333336,,,,,,,0.22080340516094707,0.00951789778605421,0.04750395680104273,0.43247928498277627,0.2687235825342147,0.25053346988176145,,0.22080340516094707,0.00951789778605421,0.04750395680104273,0.43247928498277627,0.2687235825342147,0.25053346988176145,MEM-SFO,0
2025,1,MEM,SJC,338.12117647058824,159.0,1887.6601307189542,0.0,0.0,13.0,0.0,0.0,0.0,0.0,0.0,2.2231333333333336,,,,,,,,,,,,,,,,,,,,MEM-SJC,0
2025,1,MEM,SMF,312.8403162055336,263.0,1914.7509881422925,70.0,72.0,62.0,0.0,0.0,0.0,0.0,0.0,2.2231333333333336,,,,,,,,,,,,,0.9722222222222222,,,,,,,MEM-SMF,1
2025,1,MFE,ACT,249.125,4.0,558.0,73.0,76.0,1.0,0.0,0.0,0.0,0.0,0.0,2.2231333333333336,,,,,,,,,,,,,0.9605263157894737,,,,,,,MFE-ACT,1
2025,1,MFE,AUS,147.71362903225807,530.0,330.06451612903226,12547.0,17540.0,244.0,250.0,1.0,8.549180327868852,0.024,0.168,2.2231333333333336,,,,,,,0.18066105522479983,0.012779716690617943,0.0655739832334086,0.16405824184380596,0.40716516563281335,0.3620476351146755,0.7153363740022805,0.18066105522479983,0.012779716690617943,0.0655739832334086,0.16405824184380596,0.40716516563281335,0.3620476351146755,MFE-AUS,0
2025,1,MFE,DFW,322.73006134969324,786.0,471.9120654396728,64246.0,82702.0,662.0,685.0,3.0,23.11631419939577,0.033576642335766425,0.1897810218978102,2.2231333333333336,,,,,,,0.2062396282774643,0.03747759707932293,0.10718704340430481,0.1903530643250198,0.3470410781655484,0.3542601059847202,0.7768373195327803,0.2062396282774643,0.03747759707932293,0.10718704340430481,0.1903530643250198,0.3470410781655484,0.3542601059847202,MFE-DFW,0
2025,1,MFE,GPT,212.23166666666665,6.0,830.5,508.0,558.0,3.0,0.0,0.0,0.0,0.0,0.0,2.2231333333333336,,,,,,,,,,,,,0.910394265232975,,,,,,,MFE-GPT,1
2025,1,MFE,GSP,240.35526315789474,38.0,1308.5526315789473,0.0,0.0,1.0,0.0,0.0,0.0,0.0,0.0,2.2231333333333336,,,,,,,,,,,,,,,,,,,,MFE-GSP,0
2025,1,MFE,HOU,127.3125,10.0,716.0,0.0,186.0,1.0,0.0,0.0,0.0,0.0,0.0,2.2231333333333336,,,,,,,,,,,,,0.0,,,,,,,MFE-HOU,0
2025,1,MFE,IAH,182.79588770864947,901.0,328.0470409711684,38525.0,50813.0,583.0,594.0,4.0,5.906896551724138,0.02356902356902357,0.11616161616161616,2.2231333333333336,,,,,,,0.16850534248952576,0.02717108362049731,0.06321467851469073,0.21375131175937725,0.3868472966603237,0.33570759355923724,0.7581721213075394,0.16850534248952576,0.02717108362049731,0.06321467851469073,0.21375131175937725,0.3868472966603237,0.33570759355923724,MFE-IAH,0
2025,1,MFE,LAS,182.29709125475287,1464.0,1318.9296577946768,12932.0,15396.0,98.0,0.0,0.0,0.0,0.0,0.0,2.2231333333333336,,,,,,,,,,,,,0.8399584307612367,,,,,,,MFE-LAS,1
2025,1,MFE,LIT,214.11363636363637,22.0,746.5909090909091,0.0,0.0,11.0,0.0,0.0,0.0,0.0,0.0,2.2231333333333336,,,,,,,,,,,,,,,,,,,,MFE-LIT,0
2025,1,MFE,MAF,187.81568047337277,204.0,740.396449704142,48.0,186.0,1.0,0.0,0.0,0.0,0.0,0.0,2.2231333333333336,,,,,,,,,,,,,0.25806451612903225,,,,,,,MFE-MAF,0
2025,1,MFE,PIE,52.898648648648646,196.0,966.0,2117.0,4263.0,26.0,0.0,0.0,0.0,0.0,0.0,2.2231333333333336,,,,,,,,,,,,,0.4965986394557823,,,,,,,MFE-PIE,0
2025,1,MFE,RDU,259.56,102.0,1470.091836734694,0.0,70.0,1.0,0.0,0.0,0.0,0.0,0.0,2.2231333333333336,,,,,,,,,,,,,0.0,,,,,,,MFE-RDU,0
2025,1,MFE,RNO,311.70217391304345,23.0,1853.695652173913,92.0,186.0,1.0,0.0,0.0,0.0,0.0,0.0,2.2231333333333336,,,,,,,,,,,,,0.4946236559139785,,,,,,,MFE-RNO,0
2025,1,MFE,ROA,294.7471428571429,7.0,1801.7142857142858,0.0,0.0,2.0,0.0,0.0,0.0,0.0,0.0,2.2231333333333336,,,,,,,,,,,,,,,,,,,,MFE-ROA,0
2025,1,MFE,SAN,251.0742105263158,292.0,1638.5413533834587,26.0,440.0,2.0,0.0,0.0,0.0,0.0,0.0,2.2231333333333336,,,,,,,0.20884454631252528,0.010516381286234326,0.06662806664762747,0.26037408113045896,0.37705046300462025,0.2940969356018669,0.05909090909090909,0.20884454631252528,0.010516381286234326,0.06662806664762747,0.26037408113045896,0.37705046300462025,0.2940969356018669,MFE-SAN,0
2025,1,MFE,SAT,272.19444444444446,18.0,507.0,0.0,372.0,2.0,0.0,0.0,0.0,0.0,0.0,2.2231333333333336,,,,,,,,,,,,,0.0,,,,,,,MFE-SAT,0
2025,1,MFE,SDF,273.4186046511628,43.0,1196.2093023255813,0.0,0.0,51.0,0.0,0.0,0.0,0.0,0.0,2.2231333333333336,,,,,,,,,,,,,,,,,,,,MFE-SDF,0
2025,1,MFE,SFB,76.56906077348066,341.0,1059.0,3543.0,4622.0,26.0,0.0,0.0,0.0,0.0,0.0,2.2231333333333336,,,,,,,,,,,,,0.766551276503678,,,,,,,MFE-SFB,0
2025,1,MFE,TUL,220.27551020408163,53.0,716.3469387755102,33.0,128.0,1.0,0.0,0.0,0.0,0.0,0.0,2.2231333333333336,,,,,,,,,,,,,0.2578125,,,,,,,MFE-TUL,0
2025,1,MFR,BUR,109.64660493827161,315.0,675.0802469135803,2857.0,3725.0,25.0,0.0,0.0,0.0,0.0,0.0,2.2231333333333336,,,,,,,,,,,,,0.7669798657718121,,,,,,,MFR-BUR,0
2025,1,MFR,LAX,217.93743869209808,498.0,779.1634877384196,5603.0,6536.0,86.0,90.0,1.0,0.2413793103448276,0.044444444444444446,0.07777777777777778,2.2231333333333336,,,,,,,0.1662822530232157,0.008191243991291414,0.06384287985231527,0.17061212978089035,0.33008563663401874,0.43409495483748084,0.8572521419828641,0.1662822530232157,0.008191243991291414,0.06384287985231527,0.17061212978089035,0.33008563663401874,0.43409495483748084,MFR-LAX,1
2025,1,MFR,MRY,233.0,3.0,406.0,0.0,70.0,1.0,0.0,0.0,0.0,0.0,0.0,2.2231333333333336,,,,,,,,,,,,,0.0,,,,,,,MFR-MRY,0
2025,1,MFR,ONT,232.1316504854369,104.0,1036.4466019417475,94.0,149.0,1.0,0.0,0.0,0.0,0.0,0.0,2.2231333333333336,,,,,,,,,,,,,0.6308724832214765,,,,,,,MFR-ONT,0
2025,1,MFR,SFO,210.14183520599252,334.0,329.0,16555.0,22457.0,201.0,205.0,2.0,14.835820895522389,0.01951219512195122,0.17073170731707318,2.2231333333333336,,,,,,,0.22080340516094707,0.00951789778605421,0.04750395680104273,0.43247928498277627,0.2687235825342147,0.25053346988176145,0.7371866233245759,0.22080340516094707,0.00951789778605421,0.04750395680104273,0.43247928498277627,0.2687235825342147,0.25053346988176145,MFR-SFO,0
2025,1,MFR,SNA,156.21961977186314,394.0,798.0114068441064,3090.0,3978.0,25.0,0.0,0.0,0.0,0.0,0.0,2.2231333333333336,,,,,,,,,,,,,0.7767722473604827,,,,,,,MFR-SNA,0
2025,1,MGM,ATL,247.0476666666667,30.0,147.0,21288.0,27312.0,393.0,406.0,2.0,19.208651399491096,0.03201970443349754,0.19458128078817735,2.2231333333333336,,,,,,,0.18040542999599665,0.022200385777195474,0.07972794287792138,0.19235893028329643,0.3715323460381475,0.35574939671415823,0.7794376098418277,0.18040542999599665,0.022200385777195474,0.07972794287792138,0.19235893028329643,0.3715323460381475,0.35574939671415823,MGM-ATL,0
2025,1,MGM,DFW,306.08042635658916,337.0,634.6511627906976,13566.0,17916.0,245.0,267.0,2.0,25.080321285140563,0.06741573033707865,0.2546816479400749,2.2231333333333336,,,,,,,0.2062396282774643,0.03747759707932293,0.10718704340430481,0.1903530643250198,0.3470410781655484,0.3542601059847202,0.7572002679169457,0.2062396282774643,0.03747759707932293,0.10718704340430481,0.1903530643250198,0.3470410781655484,0.3542601059847202,MGM-DFW,0
2025,1,MGM,SPS,240.5,3.0,735.0,53.0,76.0,1.0,0.0,0.0,0.0,0.0,0.0,2.2231333333333336,,,,,,,,,,,,,0.6973684210526315,,,,,,,MGM-SPS,0
2025,1,MGM,TYR,406.0,1.0,724.0,0.0,65.0,1.0,0.0,0.0,0.0,0.0,0.0,2.2231333333333336,,,,,,,,,,,,,0.0,,,,,,,MGM-TYR,0
2025,1,MHK,ACT,296.2,5.0,520.0,90.0,218.0,3.0,0.0,0.0,0.0,0.0,0.0,2.2231333333333336,,,,,,,,,,,,,0.41284403669724773,,,,,,,MHK-ACT,0
2025,1,MHK,DFW,266.2086394557823,189.0,431.0,13868.0,17263.0,249.0,270.0,1.0,14.456,0.07777777777777778,0.16666666666666666,2.2231333333333336,,,,,,,0.2062396282774643,0.03747759707932293,0.10718704340430481,0.1903530643250198,0.3470410781655484,0.3542601059847202,0.8033366158836819,0.2062396282774643,0.03747759707932293,0.10718704340430481,0.1903530643250198,0.3470410781655484,0.3542601059847202,MHK-DFW,1
2025,1,MHK,HRL,168.5,1.0,892.0,0.0,174.0,1.0,0.0,0.0,0.0,0.0,0.0,2.2231333333333336,,,,,,,,,,,,,0.0,,,,,,,MHK-HRL,0
2025,1,MHK,LBB,348.88599999999997,10.0,713.0,58.0,186.0,1.0,0.0,0.0,0.0,0.0,0.0,2.2231333333333336,,,,,,,,,,,,,0.3118279569892473,,,,,,,MHK-LBB,0
2025,1,MIA,ATL,228.45609474292317,11244.0,607.3229347198152,235762.0,293166.0,1629.0,1634.0,6.0,23.301498127340825,0.019583843329253364,0.2827417380660955,2.2231333333333336,,,,,,,0.18040542999599665,0.022200385777195474,0.07972794287792138,0.19235893028329643,0.3715323460381475,0.35574939671415823,0.8041928463737268,0.18040542999599665,0.022200385777195474,0.07972794287792138,0.19235893028329643,0.3715323460381475,0.35574939671415823,MIA-ATL,1
2025,1,MIA,AUS,298.95775684931505,3268.0,1147.9937214611873,61587.0,70887.0,446.0,450.0,3.0,20.335585585585587,0.013333333333333334,0.2288888888888889,2.2231333333333336,,,,,,,0.18066105522479983,0.012779716690617943,0.0655739832334086,0.16405824184380596,0.40716516563281335,0.3620476351146755,0.8688052816454357,0.18066105522479983,0.012779716690617943,0.0655739832334086,0.16405824184380596,0.40716516563281335,0.3620476351146755,MIA-AUS,1
2025,1,MIA,BRO,269.58911764705886,34.0,1456.9705882352941,68.0,218.0,2.0,0.0,0.0,0.0,0.0,0.0,2.2231333333333336,,,,,,,,,,,,,0.3119266055045872,,,,,,,MIA-BRO,0
2025,1,MIA,CRP,300.69364864864866,77.0,1317.1351351351352,166.0,166.0,1.0,0.0,0.0,0.0,0.0,0.0,2.2231333333333336,,,,,,,,,,,,,1.0,,,,,,,MIA-CRP,1
2025,1,MIA,CSG,345.9890909090909,11.0,677.0,49.0,174.0,1.0,0.0,0.0,0.0,0.0,0.0,2.2231333333333336,,,,,,,,,,,,,0.28160919540229884,,,,,,,MIA-CSG,0
2025,1,MIA,DAL,247.15054229934924,639.0,1240.70715835141,13245.0,15880.0,97.0,98.0,1.0,12.59375,0.02040816326530612,0.17346938775510204,2.2231333333333336,,,,,,,,,,,,,0.8340680100755667,,,,,,,MIA-DAL,1
2025,1,MIA,DFW,330.4581207366985,6510.0,1174.281377899045,187974.0,229617.0,1212.0,1189.0,3.0,13.70557939914163,0.021026072329688814,0.2111017661900757,2.2231333333333336,,,,,,,0.2062396282774643,0.03747759707932293,0.10718704340430481,0.1903530643250198,0.3470410781655484,0.3542601059847202,0.8186414768941324,0.2062396282774643,0.03747759707932293,0.10718704340430481,0.1903530643250198,0.3470410781655484,0.3542601059847202,MIA-DFW,1
2025,1,MIA,ELP,316.04771241830065,345.0,1746.68954248366,490.0,646.0,4.0,0.0,0.0,0.0,0.0,0.0,2.2231333333333336,,,,,,,,,,,,,0.7585139318885449,,,,,,,MIA-ELP,0
2025,1,MIA,HOU,220.3444210526316,391.0,1136.3859649122808,5069.0,6249.0,39.0,39.0,1.0,25.435897435897434,0.0,0.358974358974359,2.2231333333333336,,,,,,,,,,,,,0.8111697871659466,,,,,,,MIA-HOU,1
2025,1,MIA,HRL,234.98363636363638,63.0,1426.8727272727272,1557.0,2610.0,14.0,0.0,0.0,0.0,0.0,0.0,2.2231333333333336,,,,,,,,,,,,,0.596551724137931,,,,,,,MIA-HRL,0
2025,1,MIA,IAH,241.48451984126984,6020.0,978.6948412698413,116071.0,153388.0,921.0,936.0,5.0,16.646673936750272,0.021367521367521368,0.2264957264957265,2.2231333333333336,,,,,,,0.16850534248952576,0.02717108362049731,0.06321467851469073,0.21375131175937725,0.3868472966603237,0.33570759355923724,0.7567149972618458,0.16850534248952576,0.02717108362049731,0.06321467851469073,0.21375131175937725,0.3868472966603237,0.33570759355923724,MIA-IAH,0
2025,1,MIA,LAX,468.59361177884614,8435.0,2405.0712139423076,119862.0,148633.0,805.0,803.0,2.0,9.978802992518704,0.0012453300124533001,0.17310087173100872,2.2231333333333336,,,,,,,0.1662822530232157,0.008191243991291414,0.06384287985231527,0.17061212978089035,0.33008563663401874,0.43409495483748084,0.8064292586437736,0.1662822530232157,0.008191243991291414,0.06384287985231527,0.17061212978089035,0.33008563663401874,0.43409495483748084,MIA-LAX,1
2025,1,MIA,LRD,273.31666666666666,30.0,1483.9666666666667,16.0,220.0,2.0,0.0,0.0,0.0,0.0,0.0,2.2231333333333336,,,,,,,,,,,,,0.07272727272727272,,,,,,,MIA-LRD,0
2025,1,MIA,OAK,243.57173913043476,102.0,2697.467391304348,70.0,218.0,2.0,0.0,0.0,0.0,0.0,0.0,2.2231333333333336,,,,,,,,,,,,,0.3211009174311927,,,,,,,MIA-OAK,0
2025,1,MIA,SAN,368.10052352551355,2449.0,2335.1988071570577,28169.0,33829.0,183.0,186.0,1.0,15.616216216216216,0.005376344086021506,0.24731182795698925,2.2231333333333336,,,,,,,0.20884454631252528,0.010516381286234326,0.06662806664762747,0.26037408113045896,0.37705046300462025,0.2940969356018669,0.8326879304738538,0.20884454631252528,0.010516381286234326,0.06662806664762747,0.26037408113045896,0.37705046300462025,0.2940969356018669,MIA-SAN,1
2025,1,MIA,SAT,296.2558860103627,1206.0,1294.360621761658,14847.0,18787.0,144.0,145.0,3.0,20.676056338028168,0.020689655172413793,0.2689655172413793,2.2231333333333336,,,,,,,,,,,,,0.790280513120775,,,,,,,MIA-SAT,0
2025,1,MIA,SAV,305.92461300309594,569.0,506.1393188854489,14449.0,19684.0,259.0,270.0,1.0,2.359073359073359,0.040740740740740744,0.1259259259259259,2.2231333333333336,,,,,,,,,,,,,0.7340479577321682,,,,,,,MIA-SAV,0
2025,1,MIA,SFO,404.21065764750097,5259.0,2623.2243517474635,67836.0,78629.0,430.0,432.0,2.0,20.208333333333332,0.0,0.24074074074074073,2.2231333333333336,,,,,,,0.22080340516094707,0.00951789778605421,0.04750395680104273,0.43247928498277627,0.2687235825342147,0.25053346988176145,0.8627351231733839,0.22080340516094707,0.00951789778605421,0.04750395680104273,0.43247928498277627,0.2687235825342147,0.25053346988176145,MIA-SFO,1
2025,1,MIA,SMF,322.4338017565872,933.0,2628.5746549560854,7190.0,9332.0,54.0,53.0,1.0,11.981132075471699,0.0,0.2830188679245283,2.2231333333333336,,,,,,,,,,,,,0.7704672096013716,,,,,,,MIA-SMF,0
2025,1,MKE,ATL,260.50767970882623,2032.0,713.3393994540492,74981.0,91900.0,552.0,558.0,2.0,7.342440801457195,0.01971326164874552,0.11827956989247312,2.2231333333333336,,,,,,,0.18040542999599665,0.022200385777195474,0.07972794287792138,0.19235893028329643,0.3715323460381475,0.35574939671415823,0.8158977149075082,0.18040542999599665,0.022200385777195474,0.07972794287792138,0.19235893028329643,0.3715323460381475,0.35574939671415823,MKE-ATL,1
2025,1,MKE,AUS,248.13384778012684,517.0,1190.2642706131078,1935.0,2620.0,18.0,18.0,1.0,-2.5555555555555554,0.05555555555555555,0.05555555555555555,2.2231333333333336,,,,,,,0.18066105522479983,0.012779716690617943,0.0655739832334086,0.16405824184380596,0.40716516563281335,0.3620476351146755,0.7385496183206107,0.18066105522479983,0.012779716690617943,0.0655739832334086,0.16405824184380596,0.40716516563281335,0.3620476351146755,MKE-AUS,0
2025,1,MKE,CRP,267.27415094339625,56.0,1229.3207547169811,43.0,70.0,1.0,0.0,0.0,0.0,0.0,0.0,2.2231333333333336,,,,,,,,,,,,,0.6142857142857143,,,,,,,MKE-CRP,0
2025,1,MKE,DAL,239.94442408376963,548.0,901.2958115183246,9916.0,14239.0,86.0,85.0,1.0,6.240963855421687,0.023529411764705882,0.11764705882352941,2.2231333333333336,,,,,,,,,,,,,0.6963972189058221,,,,,,,MKE-DAL,0
2025,1,MKE,DFW,311.2630434782609,1375.0,912.6265984654732,32936.0,41034.0,292.0,302.0,2.0,19.040816326530614,0.026490066225165563,0.2052980132450331,2.2231333333333336,,,,,,,0.2062396282774643,0.03747759707932293,0.10718704340430481,0.1903530643250198,0.3470410781655484,0.3542601059847202,0.8026514597650729,0.2062396282774643,0.03747759707932293,0.10718704340430481,0.1903530643250198,0.3470410781655484,0.3542601059847202,MKE-DFW,1
2025,1,MKE,HOU,228.8685714285714,310.0,1277.7821428571428,123.0,194.0,3.0,0.0,0.0,0.0,0.0,0.0,2.2231333333333336,,,,,,,,,,,,,0.634020618556701,,,,,,,MKE-HOU,0
2025,1,MKE,IAH,299.4096569468267,693.0,1060.221269296741,5490.0,6628.0,89.0,91.0,1.0,9.247191011235955,0.02197802197802198,0.10989010989010989,2.2231333333333336,,,,,,,0.16850534248952576,0.02717108362049731,0.06321467851469073,0.21375131175937725,0.3868472966603237,0.33570759355923724,0.8283041641520821,0.16850534248952576,0.02717108362049731,0.06321467851469073,0.21375131175937725,0.3868472966603237,0.33570759355923724,MKE-IAH,1
2025,1,MKE,LAX,297.338665377176,551.0,1887.193423597679,121.0,284.0,4.0,0.0,0.0,0.0,0.0,0.0,2.2231333333333336,,,,,,,0.1662822530232157,0.008191243991291414,0.06384287985231527,0.17061212978089035,0.33008563663401874,0.43409495483748084,0.426056338028169,0.1662822530232157,0.008191243991291414,0.06384287985231527,0.17061212978089035,0.33008563663401874,0.43409495483748084,MKE-LAX,0
2025,1,MKE,LBB,311.6118518518519,27.0,1199.7037037037037,0.0,50.0,1.0,0.0,0.0,0.0,0.0,0.0,2.2231333333333336,,,,,,,,,,,,,0.0,,,,,,,MKE-LBB,0
2025,1,MKE,SFO,310.8097746478873,385.0,1975.887323943662,67.0,72.0,1.0,0.0,0.0,0.0,0.0,0.0,2.2231333333333336,,,,,,,0.22080340516094707,0.00951789778605421,0.04750395680104273,0.43247928498277627,0.2687235825342147,0.25053346988176145,0.9305555555555556,0.22080340516094707,0.00951789778605421,0.04750395680104273,0.43247928498277627,0.2687235825342147,0.25053346988176145,MKE-SFO,1
2025,1,MKE,SMF,280.8062132352941,294.0,1923.8419117647059,57.0,72.0,1.0,0.0,0.0,0.0,0.0,0.0,2.2231333333333336,,,,,,,,,,,,,0.7916666666666666,,,,,,,MKE-SMF,0
2025,1,MLB,ATL,278.7463663663664,598.0,444.25525525525524,31149.0,35241.0,320.0,329.0,1.0,15.278125,0.02735562310030395,0.1702127659574468,2.2231333333333336,,,,,,,0.18040542999599665,0.022200385777195474,0.07972794287792138,0.19235893028329643,0.3715323460381475,0.35574939671415823,0.8838852472971822,0.18040542999599665,0.022200385777195474,0.07972794287792138,0.19235893028329643,0.3715323460381475,0.35574939671415823,MLB-ATL,1
2025,1,MLI,ATL,295.62497630331757,288.0,643.3222748815166,10504.0,13212.0,177.0,180.0,1.0,6.440677966101695,0.016666666666666666,0.12777777777777777,2.2231333333333336,,,,,,,0.18040542999599665,0.022200385777195474,0.07972794287792138,0.19235893028329643,0.3715323460381475,0.35574939671415823,0.795034816833182,0.18040542999599665,0.022200385777195474,0.07972794287792138,0.19235893028329643,0.3715323460381475,0.35574939671415823,MLI-ATL,0
2025,1,MLI,DFW,319.1169264069264,296.0,725.4545454545455,12016.0,13288.0,176.0,180.0,1.0,5.386363636363637,0.022222222222222223,0.09444444444444444,2.2231333333333336,,,,,,,0.2062396282774643,0.03747759707932293,0.10718704340430481,0.1903530643250198,0.3470410781655484,0.3542601059847202,0.9042745334136063,0.2062396282774643,0.03747759707932293,0.10718704340430481,0.1903530643250198,0.3470410781655484,0.3542601059847202,MLI-DFW,1
2025,1,MLU,ATL,276.93337748344373,183.0,448.0,11168.0,17638.0,247.0,253.0,1.0,12.241935483870968,0.019762845849802372,0.18972332015810275,2.2231333333333336,,,,,,,0.18040542999599665,0.022200385777195474,0.07972794287792138,0.19235893028329643,0.3715323460381475,0.35574939671415823,0.6331783648939789,0.18040542999599665,0.022200385777195474,0.07972794287792138,0.19235893028329643,0.3715323460381475,0.35574939671415823,MLU-ATL,0
2025,1,MLU,DFW,222.35061855670102,115.0,293.0618556701031,11282.0,17726.0,259.0,270.0,1.0,24.00769230769231,0.040740740740740744,0.17407407407407408,2.2231333333333336,,,,,,,0.2062396282774643,0.03747759707932293,0.10718704340430481,0.1903530643250198,0.3470410781655484,0.3542601059847202,0.6364662078303057,0.2062396282774643,0.03747759707932293,0.10718704340430481,0.1903530643250198,0.3470410781655484,0.3542601059847202,MLU-DFW,0
2025,1,MOB,ATL,280.38436974789914,291.0,302.8655462184874,29505.0,35484.0,472.0,491.0,3.0,5.692796610169491,0.038696537678207736,0.17718940936863545,2.2231333333333336,,,,,,,0.18040542999599665,0.022200385777195474,0.07972794287792138,0.19235893028329643,0.3715323460381475,0.35574939671415823,0.8315015218126479,0.18040542999599665,0.022200385777195474,0.07972794287792138,0.19235893028329643,0.3715323460381475,0.35574939671415823,MOB-ATL,1
2025,1,MOB,DFW,301.2040133779264,355.0,563.1538461538462,15524.0,18337.0,242.0,269.0,2.0,18.795081967213115,0.09293680297397769,0.20446096654275092,2.2231333333333336,,,,,,,0.2062396282774643,0.03747759707932293,0.10718704340430481,0.1903530643250198,0.3470410781655484,0.3542601059847202,0.8465943175001364,0.2062396282774643,0.03747759707932293,0.10718704340430481,0.1903530643250198,0.3470410781655484,0.3542601059847202,MOB-DFW,1
2025,1,MOB,IAH,251.53393678160919,503.0,438.5919540229885,14207.0,16388.0,320.0,330.0,3.0,5.300632911392405,0.04242424242424243,0.12424242424242424,2.2231333333333336,,,,,,,0.16850534248952576,0.02717108362049731,0.06321467851469073,0.21375131175937725,0.3868472966603237,0.33570759355923724,0.8669148157188187,0.16850534248952576,0.02717108362049731,0.06321467851469073,0.21375131175937725,0.3868472966603237,0.33570759355923724,MOB-IAH,1
2025,1,MOB,SPS,281.5,1.0,652.0,75.0,76.0,1.0,0.0,0.0,0.0,0.0,0.0,2.2231333333333336,,,,,,,,,,,,,0.9868421052631579,,,,,,,MOB-SPS,1
2025,1,MOT,IAH,327.6722368421053,77.0,1505.9736842105262,279.0,1150.0,23.0,0.0,0.0,0.0,0.0,0.0,2.2231333333333336,,,,,,,0.16850534248952576,0.02717108362049731,0.06321467851469073,0.21375131175937725,0.3868472966603237,0.33570759355923724,0.2426086956521739,0.16850534248952576,0.02717108362049731,0.06321467851469073,0.21375131175937725,0.3868472966603237,0.33570759355923724,MOT-IAH,0
2025,1,MRY,COS,300.93176470588236,17.0,1041.9411764705883,0.0,76.0,1.0,0.0,0.0,0.0,0.0,0.0,2.2231333333333336,,,,,,,,,,,,,0.0,,,,,,,MRY-COS,0
2025,1,MRY,DEN,248.46492307692307,370.0,991.0115384615384,10473.0,13134.0,180.0,0.0,0.0,0.0,0.0,0.0,2.2231333333333336,,,,,,,,,,,,,0.797396071265418,,,,,,,MRY-DEN,0
2025,1,MRY,DFW,421.67780104712045,540.0,1443.4869109947645,14342.0,18176.0,142.0,73.0,1.0,15.28169014084507,0.0273972602739726,0.3013698630136986,2.2231333333333336,,,,,,,0.2062396282774643,0.03747759707932293,0.10718704340430481,0.1903530643250198,0.3470410781655484,0.3542601059847202,0.7890625,0.2062396282774643,0.03747759707932293,0.10718704340430481,0.1903530643250198,0.3470410781655484,0.3542601059847202,MRY-DFW,0
2025,1,MRY,LAS,110.2163184079602,341.0,467.5422885572139,2600.0,4098.0,26.0,0.0,0.0,0.0,0.0,0.0,2.2231333333333336,,,,,,,,,,,,,0.634455832113226,,,,,,,MRY-LAS,0
2025,1,MRY,LAX,228.48580357142856,596.0,269.0833333333333,8862.0,14133.0,198.0,198.0,1.0,2.00507614213198,0.005050505050505051,0.09090909090909091,2.2231333333333336,,,,,,,0.1662822530232157,0.008191243991291414,0.06384287985231527,0.17061212978089035,0.33008563663401874,0.43409495483748084,0.6270430906389302,0.1662822530232157,0.008191243991291414,0.06384287985231527,0.17061212978089035,0.33008563663401874,0.43409495483748084,MRY-LAX,0
2025,1,MRY,PHX,242.2269722814499,630.0,599.3965884861407,20226.0,29962.0,384.0,0.0,0.0,0.0,0.0,0.0,2.2231333333333336,,,,,,,,,,,,,0.675055069755023,,,,,,,MRY-PHX,0
2025,1,MRY,SAN,165.89080188679245,841.0,384.92452830188677,9612.0,13224.0,174.0,179.0,1.0,8.60344827586207,0.027932960893854747,0.17318435754189945,2.2231333333333336,,,,,,,0.20884454631252528,0.010516381286234326,0.06662806664762747,0.26037408113045896,0.37705046300462025,0.2940969356018669,0.7268602540834845,0.20884454631252528,0.010516381286234326,0.06662806664762747,0.26037408113045896,0.37705046300462025,0.2940969356018669,MRY-SAN,0
2025,1,MRY,SEA,203.43019607843138,192.0,847.7581699346405,1832.0,2432.0,32.0,0.0,0.0,0.0,0.0,0.0,2.2231333333333336,,,,,,,,,,,,,0.7532894736842105,,,,,,,MRY-SEA,0
2025,1,MRY,SFO,214.55555555555554,11.0,77.0,6129.0,11028.0,161.0,162.0,1.0,10.596273291925465,0.006172839506172839,0.1728395061728395,2.2231333333333336,,,,,,,0.22080340516094707,0.00951789778605421,0.04750395680104273,0.43247928498277627,0.2687235825342147,0.25053346988176145,0.5557671381936888,0.22080340516094707,0.00951789778605421,0.04750395680104273,0.43247928498277627,0.2687235825342147,0.25053346988176145,MRY-SFO,0
2025,1,MRY,SNA,192.43894736842105,20.0,449.0,6.0,15.0,1.0,0.0,0.0,0.0,0.0,0.0,2.2231333333333336,,,,,,,,,,,,,0.4,,,,,,,MRY-SNA,0
2025,1,MRY,TUS,271.0486440677966,62.0,710.0338983050848,65.0,76.0,1.0,0.0,0.0,0.0,0.0,0.0,2.2231333333333336,,,,,,,,,,,,,0.8552631578947368,,,,,,,MRY-TUS,1
2025,1,MSN,ATL,337.8135322195704,565.0,747.2983293556086,23451.0,27116.0,249.0,254.0,2.0,6.461847389558233,0.01968503937007874,0.11023622047244094,2.2231333333333336,,,,,,,0.18040542999599665,0.022200385777195474,0.07972794287792138,0.19235893028329643,0.3715323460381475,0.35574939671415823,0.8648399468948222,0.18040542999599665,0.022200385777195474,0.07972794287792138,0.19235893028329643,0.3715323460381475,0.35574939671415823,MSN-ATL,1
2025,1,MSN,AUS,253.61507598784195,360.0,1183.5744680851064,121.0,128.0,1.0,0.0,0.0,0.0,0.0,0.0,2.2231333333333336,,,,,,,0.18066105522479983,0.012779716690617943,0.0655739832334086,0.16405824184380596,0.40716516563281335,0.3620476351146755,0.9453125,0.18066105522479983,0.012779716690617943,0.0655739832334086,0.16405824184380596,0.40716516563281335,0.3620476351146755,MSN-AUS,1
2025,1,MSN,DFW,334.30721212121216,774.0,880.929292929293,30754.0,35304.0,257.0,270.0,1.0,16.344827586206897,0.03333333333333333,0.14074074074074075,2.2231333333333336,,,,,,,0.2062396282774643,0.03747759707932293,0.10718704340430481,0.1903530643250198,0.3470410781655484,0.3542601059847202,0.8711194198957625,0.2062396282774643,0.03747759707932293,0.10718704340430481,0.1903530643250198,0.3470410781655484,0.3542601059847202,MSN-DFW,1
2025,1,MSN,IAH,289.32354304635766,313.0,1134.4039735099338,119.0,150.0,1.0,0.0,0.0,0.0,0.0,0.0,2.2231333333333336,,,,,,,0.16850534248952576,0.02717108362049731,0.06321467851469073,0.21375131175937725,0.3868472966603237,0.33570759355923724,0.7933333333333333,0.16850534248952576,0.02717108362049731,0.06321467851469073,0.21375131175937725,0.3868472966603237,0.33570759355923724,MSN-IAH,0
2025,1,MSN,LAX,367.7464576802508,332.0,1862.2758620689656,96.0,312.0,2.0,0.0,0.0,0.0,0.0,0.0,2.2231333333333336,,,,,,,0.1662822530232157,0.008191243991291414,0.06384287985231527,0.17061212978089035,0.33008563663401874,0.43409495483748084,0.3076923076923077,0.1662822530232157,0.008191243991291414,0.06384287985231527,0.17061212978089035,0.33008563663401874,0.43409495483748084,MSN-LAX,0
2025,1,MSO,DFW,358.77040909090914,266.0,1419.6545454545455,6496.0,7329.0,89.0,90.0,2.0,41.93258426966292,0.011111111111111112,0.32222222222222224,2.2231333333333336,,,,,,,0.2062396282774643,0.03747759707932293,0.10718704340430481,0.1903530643250198,0.3470410781655484,0.3542601059847202,0.8863419293218721,0.2062396282774643,0.03747759707932293,0.10718704340430481,0.1903530643250198,0.3470410781655484,0.3542601059847202,MSO-DFW,1
2025,1,MSP,ATL,309.41185876993165,4812.0,981.569020501139,139016.0,167720.0,864.0,853.0,3.0,14.994082840236686,0.009378663540445486,0.18053927315357562,2.2231333333333336,,,,,,,0.18040542999599665,0.022200385777195474,0.07972794287792138,0.19235893028329643,0.3715323460381475,0.35574939671415823,0.8288576198425948,0.18040542999599665,0.022200385777195474,0.07972794287792138,0.19235893028329643,0.3715323460381475,0.35574939671415823,MSP-ATL,1
2025,1,MSP,AUS,286.174365942029,2543.0,1101.776268115942,37235.0,52102.0,335.0,327.0,2.0,9.776758409785932,0.0,0.17737003058103976,2.2231333333333336,,,,,,,0.18066105522479983,0.012779716690617943,0.0655739832334086,0.16405824184380596,0.40716516563281335,0.3620476351146755,0.7146558673371464,0.18066105522479983,0.012779716690617943,0.0655739832334086,0.16405824184380596,0.40716516563281335,0.3620476351146755,MSP-AUS,0
2025,1,MSP,CLL,319.55,10.0,1016.0,0.0,186.0,1.0,0.0,0.0,0.0,0.0,0.0,2.2231333333333336,,,,,,,,,,,,,0.0,,,,,,,MSP-CLL,0
2025,1,MSP,DAL,210.1663829787234,205.0,1160.063829787234,1572.0,2183.0,13.0,11.0,1.0,9.454545454545455,0.0,0.18181818181818182,2.2231333333333336,,,,,,,,,,,,,0.7201099404489235,,,,,,,MSP-DAL,0
2025,1,MSP,DFW,297.15351101321585,5815.0,887.1123348017621,102686.0,128013.0,808.0,793.0,3.0,10.76061776061776,0.0201765447667087,0.16897856242118536,2.2231333333333336,,,,,,,0.2062396282774643,0.03747759707932293,0.10718704340430481,0.1903530643250198,0.3470410781655484,0.3542601059847202,0.8021529063454493,0.2062396282774643,0.03747759707932293,0.10718704340430481,0.1903530643250198,0.3470410781655484,0.3542601059847202,MSP-DFW,1
2025,1,MSP,ELP,299.890572519084,290.0,1528.026717557252,148.0,186.0,1.0,0.0,0.0,0.0,0.0,0.0,2.2231333333333336,,,,,,,,,,,,,0.7956989247311828,,,,,,,MSP-ELP,0
2025,1,MSP,HOU,209.42200626959246,392.0,1276.58934169279,785.0,1489.0,10.0,0.0,0.0,0.0,0.0,0.0,2.2231333333333336,,,,,,,,,,,,,0.5271994627266622,,,,,,,MSP-HOU,0
2025,1,MSP,HRL,198.6145724907063,1908.0,1323.7100371747213,19774.0,22997.0,135.0,0.0,0.0,0.0,0.0,0.0,2.2231333333333336,,,,,,,,,,,,,0.8598512849502109,,,,,,,MSP-HRL,1
2025,1,MSP,IAH,279.68976327944574,3383.0,1093.8088914549653,48721.0,58000.0,486.0,494.0,3.0,6.166324435318275,0.01417004048582996,0.15587044534412955,2.2231333333333336,,,,,,,0.16850534248952576,0.02717108362049731,0.06321467851469073,0.21375131175937725,0.3868472966603237,0.33570759355923724,0.8400172413793103,0.16850534248952576,0.02717108362049731,0.06321467851469073,0.21375131175937725,0.3868472966603237,0.33570759355923724,MSP-IAH,1
2025,1,MSP,LAX,348.8993943870015,6308.0,1609.8902018709996,92091.0,109589.0,584.0,459.0,1.0,6.784313725490196,0.0,0.14814814814814814,2.2231333333333336,,,,,,,0.1662822530232157,0.008191243991291414,0.06384287985231527,0.17061212978089035,0.33008563663401874,0.43409495483748084,0.8403306901240089,0.1662822530232157,0.008191243991291414,0.06384287985231527,0.17061212978089035,0.33008563663401874,0.43409495483748084,MSP-LAX,1
2025,1,MSP,OAK,240.29313725490195,165.0,1710.1437908496732,162.0,228.0,3.0,0.0,0.0,0.0,0.0,0.0,2.2231333333333336,,,,,,,,,,,,,0.7105263157894737,,,,,,,MSP-OAK,0
2025,1,MSP,ONT,286.59486013986015,312.0,1641.8461538461538,611.0,678.0,4.0,0.0,0.0,0.0,0.0,0.0,2.2231333333333336,,,,,,,,,,,,,0.9011799410029498,,,,,,,MSP-ONT,1
2025,1,MSP,PSP,366.47915957446804,3148.0,1474.372340425532,37965.0,43663.0,243.0,163.0,1.0,3.1411042944785277,0.0,0.09202453987730061,2.2231333333333336,,,,,,,,,,,,,0.8695004924077594,,,,,,,MSP-PSP,1
2025,1,MSP,SAN,321.0407640297498,4525.0,1574.3515889114267,56036.0,66451.0,352.0,284.0,1.0,6.197183098591549,0.0,0.11267605633802817,2.2231333333333336,,,,,,,0.20884454631252528,0.010516381286234326,0.06662806664762747,0.26037408113045896,0.37705046300462025,0.2940969356018669,0.8432679718890611,0.20884454631252528,0.010516381286234326,0.06662806664762747,0.26037408113045896,0.37705046300462025,0.2940969356018669,MSP-SAN,1
2025,1,MSP,SAT,331.75835084033616,1551.0,1237.392857142857,16471.0,20713.0,167.0,165.0,1.0,14.792682926829269,0.006060606060606061,0.24242424242424243,2.2231333333333336,,,,,,,,,,,,,0.7952010814464346,,,,,,,MSP-SAT,0
2025,1,MSP,SAV,298.8458609794629,819.0,1160.8530805687203,5769.0,6232.0,82.0,84.0,1.0,15.682926829268293,0.023809523809523808,0.19047619047619047,2.2231333333333336,,,,,,,,,,,,,0.9257060333761232,,,,,,,MSP-SAV,1
2025,1,MSP,SFO,343.72770696843355,4203.0,1642.8892197736748,57723.0,68245.0,444.0,414.0,3.0,10.031400966183575,0.0,0.19082125603864733,2.2231333333333336,,,,,,,0.22080340516094707,0.00951789778605421,0.04750395680104273,0.43247928498277627,0.2687235825342147,0.25053346988176145,0.8458202066085427,0.22080340516094707,0.00951789778605421,0.04750395680104273,0.43247928498277627,0.2687235825342147,0.25053346988176145,MSP-SFO,1
2025,1,MSP,SJC,350.0267217630854,405.0,1674.749311294766,7417.0,10120.0,78.0,76.0,1.0,16.355263157894736,0.0,0.27631578947368424,2.2231333333333336,,,,,,,,,,,,,0.732905138339921,,,,,,,MSP-SJC,0
2025,1,MSP,SMF,312.0542296511628,944.0,1636.0712209302326,11380.0,15204.0,96.0,95.0,1.0,9.863157894736842,0.0,0.21052631578947367,2.2231333333333336,,,,,,,,,,,,,0.7484872401999474,,,,,,,MSP-SMF,0
2025,1,MSP,SNA,415.7863421418637,1144.0,1576.3393602225312,13232.0,15081.0,134.0,0.0,0.0,0.0,0.0,0.0,2.2231333333333336,,,,,,,,,,,,,0.8773953981831444,,,,,,,MSP-SNA,1
2025,1,MSY,ABY,350.375,8.0,570.0,0.0,0.0,2.0,0.0,0.0,0.0,0.0,0.0,2.2231333333333336,,,,,,,,,,,,,,,,,,,,MSY-ABY,0
2025,1,MSY,ATL,228.7842998585573,4899.0,431.2267798208392,154139.0,209817.0,1128.0,1164.0,3.0,8.913004484304933,0.04209621993127148,0.19158075601374572,2.2231333333333336,,,,,,,0.18040542999599665,0.022200385777195474,0.07972794287792138,0.19235893028329643,0.3715323460381475,0.35574939671415823,0.7346354203901495,0.18040542999599665,0.022200385777195474,0.07972794287792138,0.19235893028329643,0.3715323460381475,0.35574939671415823,MSY-ATL,0
2025,1,MSY,AUS,200.89465220643234,2769.0,451.9072550486163,40285.0,63005.0,424.0,435.0,3.0,12.421800947867299,0.029885057471264367,0.2206896551724138,2.2231333333333336,,,,,,,0.18066105522479983,0.012779716690617943,0.0655739832334086,0.16405824184380596,0.40716516563281335,0.3620476351146755,0.6393936989127847,0.18066105522479983,0.012779716690617943,0.0655739832334086,0.16405824184380596,0.40716516563281335,0.3620476351146755,MSY-AUS,0
2025,1,MSY,BUR,307.78822641509436,281.0,1768.332075471698,2053.0,2574.0,18.0,18.0,1.0,9.38888888888889,0.0,0.2777777777777778,2.2231333333333336,,,,,,,,,,,,,0.7975912975912975,,,,,,,MSY-BUR,0
2025,1,MSY,CRP,257.39853658536583,199.0,539.390243902439,97.0,124.0,1.0,0.0,0.0,0.0,0.0,0.0,2.2231333333333336,,,,,,,,,,,,,0.782258064516129,,,,,,,MSY-CRP,0
2025,1,MSY,DAL,188.95373306233063,3516.0,440.25,61030.0,96040.0,587.0,603.0,1.0,8.639032815198618,0.03980099502487562,0.20729684908789386,2.2231333333333336,,,,,,,,,,,,,0.6354643898375677,,,,,,,MSY-DAL,0
2025,1,MSY,DFW,237.81797986154817,3058.0,450.8508495909377,79844.0,103404.0,706.0,746.0,4.0,20.94167852062589,0.057640750670241284,0.24396782841823056,2.2231333333333336,,,,,,,0.2062396282774643,0.03747759707932293,0.10718704340430481,0.1903530643250198,0.3470410781655484,0.3542601059847202,0.772155816022591,0.2062396282774643,0.03747759707932293,0.10718704340430481,0.1903530643250198,0.3470410781655484,0.3542601059847202,MSY-DFW,0
2025,1,MSY,HOU,180.3904942339374,3062.0,304.74629324546953,57849.0,90515.0,553.0,570.0,1.0,7.657559198542805,0.03684210526315789,0.19473684210526315,2.2231333333333336,,,,,,,,,,,,,0.6391095398552726,,,,,,,MSY-HOU,0
2025,1,MSY,IAH,208.9800081300813,2919.0,308.64552845528453,87876.0,130180.0,793.0,799.0,4.0,1.9352331606217616,0.03379224030037547,0.10638297872340426,2.2231333333333336,,,,,,,0.16850534248952576,0.02717108362049731,0.06321467851469073,0.21375131175937725,0.3868472966603237,0.33570759355923724,0.6750345675218927,0.16850534248952576,0.02717108362049731,0.06321467851469073,0.21375131175937725,0.3868472966603237,0.33570759355923724,MSY-IAH,0
2025,1,MSY,LAX,349.4783167587477,4882.0,1709.4011049723756,53618.0,76431.0,461.0,476.0,5.0,13.609544468546638,0.031512605042016806,0.23739495798319327,2.2231333333333336,,,,,,,0.1662822530232157,0.008191243991291414,0.06384287985231527,0.17061212978089035,0.33008563663401874,0.43409495483748084,0.7015216338920072,0.1662822530232157,0.008191243991291414,0.06384287985231527,0.17061212978089035,0.33008563663401874,0.43409495483748084,MSY-LAX,0
2025,1,MSY,LGB,251.63392857142858,183.0,1735.7738095238096,470.0,700.0,4.0,0.0,0.0,0.0,0.0,0.0,2.2231333333333336,,,,,,,,,,,,,0.6714285714285714,,,,,,,MSY-LGB,0
2025,1,MSY,OAK,223.63533333333334,623.0,1977.0877192982457,171.0,175.0,1.0,1.0,1.0,13.0,0.0,0.0,2.2231333333333336,,,,,,,,,,,,,0.9771428571428571,,,,,,,MSY-OAK,1
2025,1,MSY,SAN,309.4316181506849,1431.0,1697.7303082191781,9836.0,12640.0,83.0,85.0,1.0,14.914634146341463,0.03529411764705882,0.2823529411764706,2.2231333333333336,,,,,,,0.20884454631252528,0.010516381286234326,0.06662806664762747,0.26037408113045896,0.37705046300462025,0.2940969356018669,0.7781645569620254,0.20884454631252528,0.010516381286234326,0.06662806664762747,0.26037408113045896,0.37705046300462025,0.2940969356018669,MSY-SAN,0
2025,1,MSY,SAT,220.7924340527578,1221.0,516.5083932853717,14011.0,21836.0,136.0,135.0,2.0,12.280303030303031,0.022222222222222223,0.17777777777777778,2.2231333333333336,,,,,,,,,,,,,0.6416468217622275,,,,,,,MSY-SAT,0
2025,1,MSY,SFO,354.96058252427184,2227.0,1983.6608009708739,16893.0,22277.0,140.0,144.0,1.0,11.892857142857142,0.027777777777777776,0.1875,2.2231333333333336,,,,,,,0.22080340516094707,0.00951789778605421,0.04750395680104273,0.43247928498277627,0.2687235825342147,0.25053346988176145,0.7583157516721282,0.22080340516094707,0.00951789778605421,0.04750395680104273,0.43247928498277627,0.2687235825342147,0.25053346988176145,MSY-SFO,0
2025,1,MSY,SMF,261.33753071253074,866.0,1988.7641277641278,35.0,72.0,1.0,0.0,0.0,0.0,0.0,0.0,2.2231333333333336,,,,,,,,,,,,,0.4861111111111111,,,,,,,MSY-SMF,0
2025,1,MTJ,ATL,427.0320930232558,414.0,1367.8046511627906,9249.0,12769.0,80.0,83.0,1.0,8.25925925925926,0.024096385542168676,0.21686746987951808,2.2231333333333336,,,,,,,0.18040542999599665,0.022200385777195474,0.07972794287792138,0.19235893028329643,0.3715323460381475,0.35574939671415823,0.7243323674524238,0.18040542999599665,0.022200385777195474,0.07972794287792138,0.19235893028329643,0.3715323460381475,0.35574939671415823,MTJ-ATL,0
2025,1,MTJ,AUS,262.50498207885306,344.0,978.0179211469534,478.0,572.0,4.0,4.0,1.0,14.75,0.0,0.5,2.2231333333333336,,,,,,,0.18066105522479983,0.012779716690617943,0.0655739832334086,0.16405824184380596,0.40716516563281335,0.3620476351146755,0.8356643356643356,0.18066105522479983,0.012779716690617943,0.0655739832334086,0.16405824184380596,0.40716516563281335,0.3620476351146755,MTJ-AUS,1
2025,1,MTJ,DAL,206.4040776699029,146.0,774.9029126213592,3808.0,5201.0,31.0,31.0,1.0,8.258064516129032,0.0,0.22580645161290322,2.2231333333333336,,,,,,,,,,,,,0.7321668909825033,,,,,,,MTJ-DAL,0
2025,1,MTJ,DFW,311.4908133971292,633.0,729.3732057416267,16767.0,19343.0,183.0,187.0,2.0,30.743169398907103,0.0213903743315508,0.20855614973262032,2.2231333333333336,,,,,,,0.2062396282774643,0.03747759707932293,0.10718704340430481,0.1903530643250198,0.3470410781655484,0.3542601059847202,0.8668252080856124,0.2062396282774643,0.03747759707932293,0.10718704340430481,0.1903530643250198,0.3470410781655484,0.3542601059847202,MTJ-DFW,1
2025,1,MTJ,IAH,369.5589338235294,364.0,964.1066176470588,5474.0,6434.0,86.0,88.0,1.0,9.44186046511628,0.022727272727272728,0.20454545454545456,2.2231333333333336,,,,,,,0.16850534248952576,0.02717108362049731,0.06321467851469073,0.21375131175937725,0.3868472966603237,0.33570759355923724,0.8507926639726453,0.16850534248952576,0.02717108362049731,0.06321467851469073,0.21375131175937725,0.3868472966603237,0.33570759355923724,MTJ-IAH,1
2025,1,MTJ,LAX,276.993671875,150.0,904.84375,1165.0,1746.0,24.0,24.0,1.0,0.041666666666666664,0.0,0.16666666666666666,2.2231333333333336,,,,,,,0.1662822530232157,0.008191243991291414,0.06384287985231527,0.17061212978089035,0.33008563663401874,0.43409495483748084,0.6672394043528064,0.1662822530232157,0.008191243991291414,0.06384287985231527,0.17061212978089035,0.33008563663401874,0.43409495483748084,MTJ-LAX,0
2025,1,MTJ,SFO,315.6885123966942,137.0,991.2644628099174,1690.0,2138.0,29.0,29.0,1.0,40.689655172413794,0.0,0.1724137931034483,2.2231333333333336,,,,,,,0.22080340516094707,0.00951789778605421,0.04750395680104273,0.43247928498277627,0.2687235825342147,0.25053346988176145,0.7904583723105706,0.22080340516094707,0.00951789778605421,0.04750395680104273,0.43247928498277627,0.2687235825342147,0.25053346988176145,MTJ-SFO,0
2025,1,MTJ,SNA,136.645390070922,286.0,722.2836879432624,2404.0,6576.0,48.0,0.0,0.0,0.0,0.0,0.0,2.2231333333333336,,,,,,,,,,,,,0.3655717761557178,,,,,,,MTJ-SNA,0
2025,1,MYR,ACT,250.33333333333334,6.0,1144.5,73.0,76.0,1.0,0.0,0.0,0.0,0.0,0.0,2.2231333333333336,,,,,,,,,,,,,0.9605263157894737,,,,,,,MYR-ACT,1
2025,1,MYR,ATL,244.97866242038216,484.0,322.99044585987264,32997.0,38267.0,322.0,329.0,1.0,10.975077881619939,0.0243161094224924,0.1458966565349544,2.2231333333333336,,,,,,,0.18040542999599665,0.022200385777195474,0.07972794287792138,0.19235893028329643,0.3715323460381475,0.35574939671415823,0.8622834295868503,0.18040542999599665,0.022200385777195474,0.07972794287792138,0.19235893028329643,0.3715323460381475,0.35574939671415823,MYR-ATL,1
2025,1,MYR,DFW,276.5019387755102,331.0,1148.0408163265306,4592.0,5703.0,60.0,63.0,2.0,1.2131147540983607,0.031746031746031744,0.14285714285714285,2.2231333333333336,,,,,,,0.2062396282774643,0.03747759707932293,0.10718704340430481,0.1903530643250198,0.3470410781655484,0.3542601059847202,0.8051902507452218,0.2062396282774643,0.03747759707932293,0.10718704340430481,0.1903530643250198,0.3470410781655484,0.3542601059847202,MYR-DFW,1
2025,1,OAJ,ATL,182.4268115942029,286.0,400.0676328502415,15976.0,23853.0,319.0,328.0,1.0,6.304075235109718,0.03048780487804878,0.125,2.2231333333333336,,,,,,,0.18040542999599665,0.022200385777195474,0.07972794287792138,0.19235893028329643,0.3715323460381475,0.35574939671415823,0.6697690018027083,0.18040542999599665,0.022200385777195474,0.07972794287792138,0.19235893028329643,0.3715323460381475,0.35574939671415823,OAJ-ATL,0
2025,1,OAK,ABQ,214.5426935483871,825.0,925.7467741935484,7756.0,12142.0,83.0,83.0,1.0,7.121951219512195,0.012048192771084338,0.21686746987951808,2.2231333333333336,,,,,,,,,,,,,0.6387745017295339,,,,,,,OAK-ABQ,0
2025,1,OAK,ANC,367.26095238095235,68.0,2122.746031746032,0.0,0.0,163.0,0.0,0.0,0.0,0.0,0.0,2.2231333333333336,,,,,,,,,,,,,,,,,,,,OAK-ANC,0
2025,1,OAK,AUS,246.15201729106627,1876.0,1539.1873198847263,22902.0,26614.0,174.0,85.0,1.0,1.5411764705882354,0.0,0.058823529411764705,2.2231333333333336,,,,,,,0.18066105522479983,0.012779716690617943,0.0655739832334086,0.16405824184380596,0.40716516563281335,0.3620476351146755,0.8605245359585181,0.18066105522479983,0.012779716690617943,0.0655739832334086,0.16405824184380596,0.40716516563281335,0.3620476351146755,OAK-AUS,1
2025,1,OAK,BLI,78.93782383419689,345.0,764.0621761658031,3674.0,4212.0,27.0,27.0,1.0,39.22222222222222,0.0,0.1111111111111111,2.2231333333333336,,,,,,,,,,,,,0.872269705603039,,,,,,,OAK-BLI,1
2025,1,OAK,BNA,244.00988290398126,449.0,2075.304449648712,140.0,143.0,1.0,1.0,1.0,-1.0,0.0,0.0,2.2231333333333336,,,,,,,,,,,,,0.9790209790209791,,,,,,,OAK-BNA,1
2025,1,OAK,BOI,167.1635909090909,875.0,528.4068181818182,18480.0,26328.0,180.0,168.0,1.0,3.375,0.0,0.1488095238095238,2.2231333333333336,,,,,,,,,,,,,0.7019143117593437,,,,,,,OAK-BOI,0
2025,1,OAK,BUF,238.12271186440677,62.0,2398.35593220339,34.0,68.0,1.0,0.0,0.0,0.0,0.0,0.0,2.2231333333333336,,,,,,,,,,,,,0.5,,,,,,,OAK-BUF,0
2025,1,OAK,BUR,168.33485198555957,5412.0,328.3956678700361,67970.0,122022.0,1112.0,784.0,2.0,2.244155844155844,0.01913265306122449,0.13520408163265307,2.2231333333333336,,,,,,,,,,,,,0.5570306993820786,,,,,,,OAK-BUR,0
2025,1,OAK,BWI,271.1497802197802,297.0,2562.5824175824177,531.0,700.0,4.0,4.0,1.0,2.0,0.0,0.0,2.2231333333333336,,,,,,,,,,,,,0.7585714285714286,,,,,,,OAK-BWI,0
2025,1,OAK,BZN,204.61983333333333,65.0,1170.7666666666667,7.0,14.0,2.0,0.0,0.0,0.0,0.0,0.0,2.2231333333333336,,,,,,,,,,,,,0.5,,,,,,,OAK-BZN,0
2025,1,OAK,CLE,234.16753086419752,91.0,2242.9876543209875,103.0,137.0,1.0,0.0,0.0,0.0,0.0,0.0,2.2231333333333336,,,,,,,,,,,,,0.7518248175182481,,,,,,,OAK-CLE,0
2025,1,OAK,DAL,208.98768072289158,3052.0,1497.75,40396.0,48932.0,284.0,143.0,1.0,10.338028169014084,0.006993006993006993,0.20279720279720279,2.2231333333333336,,,,,,,,,,,,,0.8255538298046269,,,,,,,OAK-DAL,1
2025,1,OAK,DEN,205.44528584817243,2226.0,978.7769447047798,45917.0,61828.0,389.0,388.0,1.0,7.719072164948454,0.0,0.17783505154639176,2.2231333333333336,,,,,,,,,,,,,0.742657048586401,,,,,,,OAK-DEN,0
2025,1,OAK,DFW,188.084375,142.0,1536.015625,0.0,0.0,72.0,0.0,0.0,0.0,0.0,0.0,2.2231333333333336,,,,,,,0.2062396282774643,0.03747759707932293,0.10718704340430481,0.1903530643250198,0.3470410781655484,0.3542601059847202,,0.2062396282774643,0.03747759707932293,0.10718704340430481,0.1903530643250198,0.3470410781655484,0.3542601059847202,OAK-DFW,0
2025,1,OAK,ELP,230.59512987012988,344.0,1042.577922077922,0.0,0.0,2.0,0.0,0.0,0.0,0.0,0.0,2.2231333333333336,,,,,,,,,,,,,,,,,,,,OAK-ELP,0
2025,1,OAK,EUG,171.90777777777777,357.0,458.969696969697,10091.0,14694.0,90.0,90.0,1.0,10.088888888888889,0.0,0.25555555555555554,2.2231333333333336,,,,,,,,,,,,,0.686742888253709,,,,,,,OAK-EUG,0
2025,1,OAK,EWR,174.28724137931033,66.0,2657.103448275862,0.0,0.0,12.0,0.0,0.0,0.0,0.0,0.0,2.2231333333333336,,,,,,,,,,,,,,,,,,,,OAK-EWR,0
2025,1,OAK,GEG,181.5256109725686,682.0,757.5336658354115,16147.0,21154.0,126.0,126.0,1.0,4.976190476190476,0.0,0.1746031746031746,2.2231333333333336,,,,,,,,,,,,,0.7633071759478113,,,,,,,OAK-GEG,0
2025,1,OAK,HNL,277.50696764484576,2628.0,2438.2768999247555,40095.0,46792.0,370.0,242.0,2.0,3.7510373443983402,0.004132231404958678,0.15289256198347106,2.2231333333333336,,,,,,,,,,,,,0.8568772439733288,,,,,,,OAK-HNL,1
2025,1,OAK,HOU,257.4843621399177,2094.0,1667.0164609053497,22536.0,27782.0,180.0,90.0,1.0,2.3820224719101124,0.011111111111111112,0.07777777777777778,2.2231333333333336,,,,,,,,,,,,,0.8111727017493341,,,,,,,OAK-HOU,1
2025,1,OAK,HRL,205.11296296296297,66.0,1911.0740740740741,0.0,600.0,4.0,0.0,0.0,0.0,0.0,0.0,2.2231333333333336,,,,,,,,,,,,,0.0,,,,,,,OAK-HRL,0
2025,1,OAK,IND,224.47068825910932,271.0,2020.5748987854251,46.0,294.0,138.0,0.0,0.0,0.0,0.0,0.0,2.2231333333333336,,,,,,,,,,,,,0.1564625850340136,,,,,,,OAK-IND,0
2025,1,OAK,ITO,276.75878787878787,119.0,2629.5858585858587,162.0,175.0,1.0,0.0,0.0,0.0,0.0,0.0,2.2231333333333336,,,,,,,,,,,,,0.9257142857142857,,,,,,,OAK-ITO,1
2025,1,OAK,KOA,253.61268170426067,632.0,2438.7117794486217,11730.0,14576.0,111.0,64.0,1.0,1.125,0.0,0.078125,2.2231333333333336,,,,,,,,,,,,,0.8047475301866082,,,,,,,OAK-KOA,1
2025,1,OAK,LAS,151.82194455768445,9772.0,418.3322462291072,133841.0,182332.0,1258.0,1057.0,2.0,7.215574548907882,0.003784295175023652,0.17407757805108798,2.2231333333333336,,,,,,,,,,,,,0.7340510716714564,,,,,,,OAK-LAS,0
2025,1,OAK,LAX,169.03508177570095,3741.0,348.1647196261682,47211.0,89791.0,687.0,567.0,2.0,3.3470483005366725,0.014109347442680775,0.13756613756613756,2.2231333333333336,,,,,,,0.1662822530232157,0.008191243991291414,0.06384287985231527,0.17061212978089035,0.33008563663401874,0.43409495483748084,0.5257876624606029,0.1662822530232157,0.008191243991291414,0.06384287985231527,0.17061212978089035,0.33008563663401874,0.43409495483748084,OAK-LAX,0
2025,1,OAK,LBB,266.3310714285714,58.0,1303.2142857142858,206.0,216.0,2.0,0.0,0.0,0.0,0.0,0.0,2.2231333333333336,,,,,,,,,,,,,0.9537037037037037,,,,,,,OAK-LBB,1
2025,1,OAK,LGB,180.3386141304348,2893.0,354.0951086956522,34038.0,70995.0,437.0,438.0,1.0,2.6392694063926943,0.0,0.1278538812785388,2.2231333333333336,,,,,,,,,,,,,0.4794422142404395,,,,,,,OAK-LGB,0
2025,1,OAK,LIH,307.52596234309624,1630.0,2466.652719665272,27009.0,32889.0,181.0,180.0,2.0,-1.8156424581005586,0.005555555555555556,0.06111111111111111,2.2231333333333336,,,,,,,,,,,,,0.8212168202134452,,,,,,,OAK-LIH,1
2025,1,OAK,MCI,276.62973273942094,565.0,1541.423162583519,8310.0,12001.0,79.0,81.0,1.0,4.177215189873418,0.024691358024691357,0.16049382716049382,2.2231333333333336,,,,,,,,,,,,,0.6924422964752938,,,,,,,OAK-MCI,0
2025,1,OAK,MDW,221.27224582701064,997.0,1894.660091047041,14440.0,16194.0,94.0,95.0,1.0,5.648936170212766,0.010526315789473684,0.14736842105263157,2.2231333333333336,,,,,,,,,,,,,0.891688279609732,,,,,,,OAK-MDW,1
2025,1,OAK,MEM,263.4681981981982,113.0,1871.918918918919,0.0,0.0,232.0,0.0,0.0,0.0,0.0,0.0,2.2231333333333336,,,,,,,,,,,,,,,,,,,,OAK-MEM,0
2025,1,OAK,MFE,541.0,2.0,1953.0,0.0,0.0,4.0,0.0,0.0,0.0,0.0,0.0,2.2231333333333336,,,,,,,,,,,,,,,,,,,,OAK-MFE,0
2025,1,OAK,MIA,232.72941860465116,99.0,2724.813953488372,75.0,136.0,2.0,0.0,0.0,0.0,0.0,0.0,2.2231333333333336,,,,,,,,,,,,,0.5514705882352942,,,,,,,OAK-MIA,0
2025,1,OAK,MSY,216.5903417266187,605.0,1975.3741007194244,168.0,175.0,1.0,1.0,1.0,7.0,0.0,0.0,2.2231333333333336,,,,,,,,,,,,,0.96,,,,,,,OAK-MSY,1
2025,1,OAK,OGG,308.698050397878,1500.0,2369.1737400530506,24323.0,29547.0,163.0,164.0,2.0,-2.228395061728395,0.012195121951219513,0.04878048780487805,2.2231333333333336,,,,,,,,,,,,,0.8231969404677294,,,,,,,OAK-OGG,1
2025,1,OAK,ONT,187.39020278833968,2425.0,363.33713561470216,30946.0,61612.0,555.0,372.0,1.0,3.1913746630727764,0.005376344086021506,0.14516129032258066,2.2231333333333336,,,,,,,,,,,,,0.5022722846198793,,,,,,,OAK-ONT,0
2025,1,OAK,PAE,259.9,2.0,704.0,40.0,76.0,1.0,0.0,0.0,0.0,0.0,0.0,2.2231333333333336,,,,,,,,,,,,,0.5263157894736842,,,,,,,OAK-PAE,0
2025,1,OAK,PDX,159.3055946791862,3137.0,545.6893583724569,42759.0,59597.0,511.0,452.0,2.0,3.6080178173719375,0.008849557522123894,0.16371681415929204,2.2231333333333336,,,,,,,,,,,,,0.7174690001174556,,,,,,,OAK-PDX,0
2025,1,OAK,PHL,228.7653684210526,113.0,2551.557894736842,0.0,0.0,33.0,0.0,0.0,0.0,0.0,0.0,2.2231333333333336,,,,,,,,,,,,,,,,,,,,OAK-PHL,0
2025,1,OAK,PHX,189.3161748958953,4786.0,657.2897085068412,62768.0,79984.0,587.0,496.0,1.0,6.294949494949495,0.0020161290322580645,0.1592741935483871,2.2231333333333336,,,,,,,,,,,,,0.784756951390278,,,,,,,OAK-PHX,0
2025,1,OAK,PIT,252.37556701030928,99.0,2393.40206185567,37.0,108.0,1.0,0.0,0.0,0.0,0.0,0.0,2.2231333333333336,,,,,,,,,,,,,0.3425925925925926,,,,,,,OAK-PIT,0
2025,1,OAK,PSP,219.60184615384617,1209.0,422.9299145299145,17796.0,28754.0,174.0,174.0,1.0,5.540229885057471,0.0,0.16666666666666666,2.2231333333333336,,,,,,,,,,,,,0.6189051957988454,,,,,,,OAK-PSP,0
2025,1,OAK,RDU,231.0445205479452,161.0,2496.123287671233,0.0,149.0,1.0,0.0,0.0,0.0,0.0,0.0,2.2231333333333336,,,,,,,,,,,,,0.0,,,,,,,OAK-RDU,0
2025,1,OAK,RNO,160.3651269035533,370.0,181.0,12092.0,17601.0,184.0,113.0,1.0,10.50909090909091,0.02654867256637168,0.23893805309734514,2.2231333333333336,,,,,,,,,,,,,0.6870064200897676,,,,,,,OAK-RNO,0
2025,1,OAK,SAN,162.75046885035326,5868.0,454.76429030186256,70023.0,114802.0,799.0,757.0,2.0,5.384203480589023,0.013210039630118891,0.14663143989431968,2.2231333333333336,,,,,,,0.20884454631252528,0.010516381286234326,0.06662806664762747,0.26037408113045896,0.37705046300462025,0.2940969356018669,0.6099458197592377,0.20884454631252528,0.010516381286234326,0.06662806664762747,0.26037408113045896,0.37705046300462025,0.2940969356018669,OAK-SAN,0
2025,1,OAK,SBA,171.38201716738197,426.0,263.0,6524.0,14142.0,90.0,90.0,1.0,0.8,0.0,0.08888888888888889,2.2231333333333336,,,,,,,,,,,,,0.4613208881346344,,,,,,,OAK-SBA,0
2025,1,OAK,SDF,256.7133333333333,103.0,2112.8602150537636,0.0,144.0,256.0,0.0,0.0,0.0,0.0,0.0,2.2231333333333336,,,,,,,,,,,,,0.0,,,,,,,OAK-SDF,0
2025,1,OAK,SEA,183.5036,3866.0,675.2114285714285,50801.0,68832.0,595.0,511.0,3.0,3.844488188976378,0.005870841487279843,0.13894324853228962,2.2231333333333336,,,,,,,,,,,,,0.7380433519293352,,,,,,,OAK-SEA,0
2025,1,OAK,SLC,182.43953505535055,2679.0,602.5202952029521,42035.0,58020.0,540.0,463.0,3.0,2.250539956803456,0.0,0.12095032397408208,2.2231333333333336,,,,,,,,,,,,,0.7244915546363323,,,,,,,OAK-SLC,0
2025,1,OAK,SNA,189.8817940953823,5127.0,376.4277062831188,56688.0,93144.0,629.0,637.0,2.0,1.245253164556962,0.007849293563579277,0.11773940345368916,2.2231333333333336,,,,,,,,,,,,,0.6086060293738728,,,,,,,OAK-SNA,0
2025,1,OAK,STL,243.32678391959797,212.0,1820.8492462311558,444.0,700.0,4.0,4.0,1.0,-3.5,0.0,0.0,2.2231333333333336,,,,,,,,,,,,,0.6342857142857142,,,,,,,OAK-STL,0
2025,1,OAK,SYR,347.0,1.0,2787.0,48.0,186.0,1.0,0.0,0.0,0.0,0.0,0.0,2.2231333333333336,,,,,,,,,,,,,0.25806451612903225,,,,,,,OAK-SYR,0
2025,1,OAK,TLH,653.0,1.0,2401.0,34.0,108.0,1.0,0.0,0.0,0.0,0.0,0.0,2.2231333333333336,,,,,,,,,,,,,0.3148148148148148,,,,,,,OAK-TLH,0
2025,1,OGD,SNA,88.03571428571429,306.0,610.0,3081.0,3562.0,26.0,0.0,0.0,0.0,0.0,0.0,2.2231333333333336,,,,,,,,,,,,,0.864963503649635,,,,,,,OGD-SNA,1
2025,1,OGG,ATL,732.09625,297.0,4491.1125,13692.0,15258.0,71.0,72.0,1.0,13.8,0.027777777777777776,0.2361111111111111,2.2231333333333336,,,,,,,0.18040542999599665,0.022200385777195474,0.07972794287792138,0.19235893028329643,0.3715323460381475,0.35574939671415823,0.8973653165552498,0.18040542999599665,0.022200385777195474,0.07972794287792138,0.19235893028329643,0.3715323460381475,0.35574939671415823,OGG-ATL,1
2025,1,OGG,DFW,707.2825399644761,930.0,3830.378330373002,27077.0,29420.0,114.0,114.0,1.0,20.43859649122807,0.0,0.12280701754385964,2.2231333333333336,,,,,,,0.2062396282774643,0.03747759707932293,0.10718704340430481,0.1903530643250198,0.3470410781655484,0.3542601059847202,0.9203602991162475,0.2062396282774643,0.03747759707932293,0.10718704340430481,0.1903530643250198,0.3470410781655484,0.3542601059847202,OGG-DFW,1
2025,1,OGG,LAX,408.1390056550424,4312.0,2518.0136663524977,66324.0,79808.0,379.0,381.0,6.0,7.822751322751323,0.010498687664041995,0.11811023622047244,2.2231333333333336,,,,,,,0.1662822530232157,0.008191243991291414,0.06384287985231527,0.17061212978089035,0.33008563663401874,0.43409495483748084,0.8310445068163592,0.1662822530232157,0.008191243991291414,0.06384287985231527,0.17061212978089035,0.33008563663401874,0.43409495483748084,OGG-LAX,1
2025,1,OGG,LGB,327.4371879936809,1193.0,2520.955766192733,12897.0,17710.0,94.0,0.0,0.0,0.0,0.0,0.0,2.2231333333333336,,,,,,,,,,,,,0.7282326369282891,,,,,,,OGG-LGB,0
2025,1,OGG,OAK,320.74027465667916,1532.0,2371.7278401997505,25164.0,29736.0,164.0,164.0,2.0,3.176829268292683,0.0,0.0975609756097561,2.2231333333333336,,,,,,,,,,,,,0.8462469733656174,,,,,,,OGG-OAK,1
2025,1,OGG,ONT,322.16587412587415,169.0,2820.5454545454545,159.0,196.0,85.0,0.0,0.0,0.0,0.0,0.0,2.2231333333333336,,,,,,,,,,,,,0.8112244897959183,,,,,,,OGG-ONT,1
2025,1,OGG,PSP,482.5245454545455,45.0,3006.8863636363635,2.0,14.0,1.0,0.0,0.0,0.0,0.0,0.0,2.2231333333333336,,,,,,,,,,,,,0.14285714285714285,,,,,,,OGG-PSP,0
2025,1,OGG,SAN,355.8698886032562,1965.0,2590.007712082262,26012.0,32777.0,180.0,180.0,2.0,10.661111111111111,0.0,0.18333333333333332,2.2231333333333336,,,,,,,0.20884454631252528,0.010516381286234326,0.06662806664762747,0.26037408113045896,0.37705046300462025,0.2940969356018669,0.7936052719895048,0.20884454631252528,0.010516381286234326,0.06662806664762747,0.26037408113045896,0.37705046300462025,0.2940969356018669,OGG-SAN,0
2025,1,OGG,SFO,417.90010610079577,2625.0,2371.572281167109,48540.0,55817.0,318.0,315.0,3.0,2.0796178343949046,0.0031746031746031746,0.12698412698412698,2.2231333333333336,,,,,,,0.22080340516094707,0.00951789778605421,0.04750395680104273,0.43247928498277627,0.2687235825342147,0.25053346988176145,0.8696275328304996,0.22080340516094707,0.00951789778605421,0.04750395680104273,0.43247928498277627,0.2687235825342147,0.25053346988176145,OGG-SFO,1
2025,1,OGG,SJC,315.9524037339557,1659.0,2391.766627771295,21629.0,28858.0,158.0,160.0,3.0,0.559748427672956,0.00625,0.1,2.2231333333333336,,,,,,,,,,,,,0.7494975396770392,,,,,,,OGG-SJC,0
2025,1,OGG,SMF,381.5534708737864,1536.0,2509.28640776699,14597.0,21796.0,117.0,119.0,2.0,10.584745762711865,0.008403361344537815,0.15966386554621848,2.2231333333333336,,,,,,,,,,,,,0.6697100385391815,,,,,,,OGG-SMF,0
2025,1,OKC,ACT,312.5,1.0,264.0,0.0,254.0,2.0,0.0,0.0,0.0,0.0,0.0,2.2231333333333336,,,,,,,,,,,,,0.0,,,,,,,OKC-ACT,0
2025,1,OKC,ATL,284.09615384615387,1232.0,850.4143920595534,45409.0,59201.0,450.0,458.0,2.0,12.203125,0.021834061135371178,0.14847161572052403,2.2231333333333336,,,,,,,0.18040542999599665,0.022200385777195474,0.07972794287792138,0.19235893028329643,0.3715323460381475,0.35574939671415823,0.7670309623148258,0.18040542999599665,0.022200385777195474,0.07972794287792138,0.19235893028329643,0.3715323460381475,0.35574939671415823,OKC-ATL,0
2025,1,OKC,AUS,226.59278645833334,503.0,421.6484375,5199.0,8908.0,52.0,53.0,1.0,0.4807692307692308,0.018867924528301886,0.07547169811320754,2.2231333333333336,,,,,,,0.18066105522479983,0.012779716690617943,0.0655739832334086,0.16405824184380596,0.40716516563281335,0.3620476351146755,0.5836326897171082,0.18066105522479983,0.012779716690617943,0.0655739832334086,0.16405824184380596,0.40716516563281335,0.3620476351146755,OKC-AUS,0
2025,1,OKC,CLL,243.41666666666666,6.0,339.0,37.0,135.0,2.0,0.0,0.0,0.0,0.0,0.0,2.2231333333333336,,,,,,,,,,,,,0.2740740740740741,,,,,,,OKC-CLL,0
2025,1,OKC,DFW,364.96677685950414,323.0,175.0,72941.0,92984.0,751.0,747.0,3.0,12.962131837307153,0.04819277108433735,0.17001338688085676,2.2231333333333336,,,,,,,0.2062396282774643,0.03747759707932293,0.10718704340430481,0.1903530643250198,0.3470410781655484,0.3542601059847202,0.7844467865439215,0.2062396282774643,0.03747759707932293,0.10718704340430481,0.1903530643250198,0.3470410781655484,0.3542601059847202,OKC-DFW,0
2025,1,OKC,ELP,226.71215189873416,178.0,967.367088607595,0.0,65.0,1.0,0.0,0.0,0.0,0.0,0.0,2.2231333333333336,,,,,,,,,,,,,0.0,,,,,,,OKC-ELP,0
2025,1,OKC,HOU,189.37613733905582,1360.0,425.20600858369096,29503.0,46204.0,301.0,307.0,1.0,0.8933333333333333,0.02280130293159609,0.06840390879478828,2.2231333333333336,,,,,,,,,,,,,0.6385377889360229,,,,,,,OKC-HOU,0
2025,1,OKC,IAH,241.9573361082206,1253.0,395.14151925078045,33293.0,43422.0,588.0,601.0,3.0,9.150684931506849,0.028286189683860232,0.12312811980033278,2.2231333333333336,,,,,,,0.16850534248952576,0.02717108362049731,0.06321467851469073,0.21375131175937725,0.3868472966603237,0.33570759355923724,0.7667311501082401,0.16850534248952576,0.02717108362049731,0.06321467851469073,0.21375131175937725,0.3868472966603237,0.33570759355923724,OKC-IAH,0
2025,1,OKC,LAX,268.9171079691517,1210.0,1276.5064267352186,11105.0,14362.0,185.0,179.0,1.0,7.949438202247191,0.00558659217877095,0.11173184357541899,2.2231333333333336,,,,,,,0.1662822530232157,0.008191243991291414,0.06384287985231527,0.17061212978089035,0.33008563663401874,0.43409495483748084,0.7732209998607437,0.1662822530232157,0.008191243991291414,0.06384287985231527,0.17061212978089035,0.33008563663401874,0.43409495483748084,OKC-LAX,0
2025,1,OKC,MAF,375.8754347826087,47.0,488.0,0.0,186.0,1.0,0.0,0.0,0.0,0.0,0.0,2.2231333333333336,,,,,,,,,,,,,0.0,,,,,,,OKC-MAF,0
2025,1,OKC,SAT,217.95415011037528,586.0,472.00220750551875,4306.0,8853.0,56.0,51.0,1.0,5.803921568627451,0.0,0.1568627450980392,2.2231333333333336,,,,,,,,,,,,,0.48638879475883884,,,,,,,OKC-SAT,0
2025,1,OMA,ABI,255.48857142857145,21.0,736.5714285714286,127.0,194.0,1.0,0.0,0.0,0.0,0.0,0.0,2.2231333333333336,,,,,,,,,,,,,0.654639175257732,,,,,,,OMA-ABI,0
2025,1,OMA,ATL,281.9093371757925,1133.0,878.7391930835735,47248.0,58077.0,447.0,458.0,2.0,16.075892857142858,0.021834061135371178,0.15502183406113537,2.2231333333333336,,,,,,,0.18040542999599665,0.022200385777195474,0.07972794287792138,0.19235893028329643,0.3715323460381475,0.35574939671415823,0.8135406443170274,0.18040542999599665,0.022200385777195474,0.07972794287792138,0.19235893028329643,0.3715323460381475,0.35574939671415823,OMA-ATL,1
2025,1,OMA,AUS,259.8801966292135,393.0,1007.7134831460675,391.0,808.0,5.0,4.0,1.0,13.5,0.0,0.5,2.2231333333333336,,,,,,,0.18066105522479983,0.012779716690617943,0.0655739832334086,0.16405824184380596,0.40716516563281335,0.3620476351146755,0.4839108910891089,0.18066105522479983,0.012779716690617943,0.0655739832334086,0.16405824184380596,0.40716516563281335,0.3620476351146755,OMA-AUS,0
2025,1,OMA,DAL,222.69712820512822,589.0,663.5615384615385,9944.0,15328.0,96.0,98.0,1.0,8.864583333333334,0.02040816326530612,0.22448979591836735,2.2231333333333336,,,,,,,,,,,,,0.6487473903966597,,,,,,,OMA-DAL,0
2025,1,OMA,DFW,290.3689197080292,1235.0,637.1985401459854,37897.0,44765.0,315.0,329.0,3.0,28.366242038216562,0.04559270516717325,0.2066869300911854,2.2231333333333336,,,,,,,0.2062396282774643,0.03747759707932293,0.10718704340430481,0.1903530643250198,0.3470410781655484,0.3542601059847202,0.8465765665140177,0.2062396282774643,0.03747759707932293,0.10718704340430481,0.1903530643250198,0.3470410781655484,0.3542601059847202,OMA-DFW,1
2025,1,OMA,ELP,243.56910714285715,120.0,1235.267857142857,0.0,0.0,26.0,0.0,0.0,0.0,0.0,0.0,2.2231333333333336,,,,,,,,,,,,,,,,,,,,OMA-ELP,0
2025,1,OMA,HOU,239.7016009852217,581.0,859.0344827586207,10220.0,14487.0,89.0,91.0,1.0,8.0561797752809,0.02197802197802198,0.17582417582417584,2.2231333333333336,,,,,,,,,,,,,0.7054600676468558,,,,,,,OMA-HOU,0
2025,1,OMA,HRL,183.42788990825687,119.0,1096.348623853211,372.0,524.0,3.0,0.0,0.0,0.0,0.0,0.0,2.2231333333333336,,,,,,,,,,,,,0.7099236641221374,,,,,,,OMA-HRL,0
2025,1,OMA,IAH,299.5047430830039,573.0,853.1086956521739,19842.0,22344.0,174.0,180.0,3.0,3.3179190751445087,0.03888888888888889,0.08333333333333333,2.2231333333333336,,,,,,,0.16850534248952576,0.02717108362049731,0.06321467851469073,0.21375131175937725,0.3868472966603237,0.33570759355923724,0.8880236305048335,0.16850534248952576,0.02717108362049731,0.06321467851469073,0.21375131175937725,0.3868472966603237,0.33570759355923724,OMA-IAH,1
2025,1,OMA,LAX,246.40610372340427,1009.0,1419.1489361702127,5290.0,6960.0,90.0,90.0,1.0,22.269662921348313,0.011111111111111112,0.1,2.2231333333333336,,,,,,,0.1662822530232157,0.008191243991291414,0.06384287985231527,0.17061212978089035,0.33008563663401874,0.43409495483748084,0.7600574712643678,0.1662822530232157,0.008191243991291414,0.06384287985231527,0.17061212978089035,0.33008563663401874,0.43409495483748084,OMA-LAX,0
2025,1,OMA,LBB,252.19634146341463,41.0,916.4878048780488,73.0,76.0,1.0,0.0,0.0,0.0,0.0,0.0,2.2231333333333336,,,,,,,,,,,,,0.9605263157894737,,,,,,,OMA-LBB,1
2025,1,OMA,ONT,270.37036458333336,203.0,1346.8072916666667,0.0,0.0,2.0,0.0,0.0,0.0,0.0,0.0,2.2231333333333336,,,,,,,,,,,,,,,,,,,,OMA-ONT,0
2025,1,OMA,SFO,259.1485310734463,597.0,1513.8870056497176,5593.0,6720.0,93.0,94.0,1.0,24.559139784946236,0.010638297872340425,0.18085106382978725,2.2231333333333336,,,,,,,0.22080340516094707,0.00951789778605421,0.04750395680104273,0.43247928498277627,0.2687235825342147,0.25053346988176145,0.8322916666666667,0.22080340516094707,0.00951789778605421,0.04750395680104273,0.43247928498277627,0.2687235825342147,0.25053346988176145,OMA-SFO,1
2025,1,ONT,ABQ,231.90767361111114,317.0,735.0659722222222,0.0,0.0,46.0,0.0,0.0,0.0,0.0,0.0,2.2231333333333336,,,,,,,,,,,,,,,,,,,,ONT-ABQ,0
2025,1,ONT,ACV,314.7153846153846,39.0,613.2820512820513,0.0,76.0,1.0,0.0,0.0,0.0,0.0,0.0,2.2231333333333336,,,,,,,,,,,,,0.0,,,,,,,ONT-ACV,0
2025,1,ONT,ANC,427.4057142857143,134.0,2433.4789915966385,0.0,0.0,80.0,0.0,0.0,0.0,0.0,0.0,2.2231333333333336,,,,,,,,,,,,,,,,,,,,ONT-ANC,0
2025,1,ONT,ATL,365.9045901639344,2552.0,1948.6349726775957,59030.0,68016.0,360.0,184.0,1.0,4.9,0.021739130434782608,0.11413043478260869,2.2231333333333336,,,,,,,0.18040542999599665,0.022200385777195474,0.07972794287792138,0.19235893028329643,0.3715323460381475,0.35574939671415823,0.867884027287697,0.18040542999599665,0.022200385777195474,0.07972794287792138,0.19235893028329643,0.3715323460381475,0.35574939671415823,ONT-ATL,1
2025,1,ONT,AUS,232.56803921568627,2042.0,1263.8784313725491,21046.0,29324.0,180.0,90.0,1.0,10.213483146067416,0.011111111111111112,0.14444444444444443,2.2231333333333336,,,,,,,0.18066105522479983,0.012779716690617943,0.0655739832334086,0.16405824184380596,0.40716516563281335,0.3620476351146755,0.7177056336106943,0.18066105522479983,0.012779716690617943,0.0655739832334086,0.16405824184380596,0.40716516563281335,0.3620476351146755,ONT-AUS,0
2025,1,ONT,BDL,311.50724358974355,161.0,2604.551282051282,0.0,0.0,59.0,0.0,0.0,0.0,0.0,0.0,2.2231333333333336,,,,,,,,,,,,,,,,,,,,ONT-BDL,0
2025,1,ONT,BIL,280.2646153846154,66.0,1169.8153846153846,0.0,0.0,46.0,0.0,0.0,0.0,0.0,0.0,2.2231333333333336,,,,,,,,,,,,,,,,,,,,ONT-BIL,0
2025,1,ONT,BNA,268.47619542619543,1227.0,1840.1569646569646,7728.0,9081.0,55.0,55.0,1.0,9.4,0.0,0.21818181818181817,2.2231333333333336,,,,,,,,,,,,,0.8510075982821275,,,,,,,ONT-BNA,1
2025,1,ONT,BOI,205.3701909307876,447.0,917.2434367541766,0.0,0.0,48.0,0.0,0.0,0.0,0.0,0.0,2.2231333333333336,,,,,,,,,,,,,,,,,,,,ONT-BOI,0
2025,1,ONT,BOS,300.6415789473684,327.0,2697.2993421052633,0.0,0.0,49.0,0.0,0.0,0.0,0.0,0.0,2.2231333333333336,,,,,,,,,,,,,,,,,,,,ONT-BOS,0
2025,1,ONT,CLT,312.60592592592593,623.0,2141.9666666666667,8508.0,9310.0,84.0,50.0,1.0,-1.530612244897959,0.02,0.04,2.2231333333333336,,,,,,,,,,,,,0.9138560687432868,,,,,,,ONT-CLT,1
2025,1,ONT,COS,236.95583850931678,170.0,915.5590062111801,137.0,150.0,1.0,0.0,0.0,0.0,0.0,0.0,2.2231333333333336,,,,,,,,,,,,,0.9133333333333333,,,,,,,ONT-COS,1
2025,1,ONT,CVG,311.289125,269.0,2003.0333333333333,0.0,0.0,2.0,0.0,0.0,0.0,0.0,0.0,2.2231333333333336,,,,,,,,,,,,,,,,,,,,ONT-CVG,0
2025,1,ONT,DAL,219.29391238670695,1840.0,1239.9033232628399,27400.0,30958.0,178.0,90.0,1.0,4.213483146067416,0.011111111111111112,0.07777777777777778,2.2231333333333336,,,,,,,,,,,,,0.8850700949673751,,,,,,,ONT-DAL,1
2025,1,ONT,DEN,182.15967431532198,3314.0,839.9770540340488,74719.0,104600.0,763.0,608.0,3.0,5.4405940594059405,0.003289473684210526,0.15625,2.2231333333333336,,,,,,,,,,,,,0.7143307839388146,,,,,,,ONT-DEN,0
2025,1,ONT,DFW,252.38625854993163,6478.0,1226.436388508892,155606.0,180496.0,1184.0,481.0,2.0,5.811965811965812,0.02702702702702703,0.14760914760914762,2.2231333333333336,,,,,,,0.2062396282774643,0.03747759707932293,0.10718704340430481,0.1903530643250198,0.3470410781655484,0.3542601059847202,0.8621022072511302,0.2062396282774643,0.03747759707932293,0.10718704340430481,0.1903530643250198,0.3470410781655484,0.3542601059847202,ONT-DFW,1
2025,1,ONT,DTW,325.0581850533808,304.0,2082.2135231316724,0.0,0.0,1.0,0.0,0.0,0.0,0.0,0.0,2.2231333333333336,,,,,,,,,,,,,,,,,,,,ONT-DTW,0
2025,1,ONT,ELP,207.178893129771,624.0,729.1679389312977,340.0,380.0,2.0,0.0,0.0,0.0,0.0,0.0,2.2231333333333336,,,,,,,,,,,,,0.8947368421052632,,,,,,,ONT-ELP,1
2025,1,ONT,EUG,222.22608695652175,169.0,915.6459627329192,27.0,76.0,1.0,0.0,0.0,0.0,0.0,0.0,2.2231333333333336,,,,,,,,,,,,,0.35526315789473684,,,,,,,ONT-EUG,0
2025,1,ONT,EWR,308.2935401459854,305.0,2570.543795620438,0.0,0.0,34.0,0.0,0.0,0.0,0.0,0.0,2.2231333333333336,,,,,,,,,,,,,,,,,,,,ONT-EWR,0
2025,1,ONT,FAT,220.71875,35.0,470.21875,0.0,0.0,7.0,0.0,0.0,0.0,0.0,0.0,2.2231333333333336,,,,,,,,,,,,,,,,,,,,ONT-FAT,0
2025,1,ONT,GEG,222.48173396674585,453.0,1127.7838479809977,0.0,0.0,46.0,0.0,0.0,0.0,0.0,0.0,2.2231333333333336,,,,,,,,,,,,,,,,,,,,ONT-GEG,0
2025,1,ONT,GSO,302.94767441860466,93.0,2200.6046511627906,0.0,0.0,35.0,0.0,0.0,0.0,0.0,0.0,2.2231333333333336,,,,,,,,,,,,,,,,,,,,ONT-GSO,0
2025,1,ONT,HNL,298.49557644110274,1361.0,2647.2293233082705,15283.0,16821.0,308.0,90.0,1.0,5.662921348314606,0.011111111111111112,0.14444444444444443,2.2231333333333336,,,,,,,,,,,,,0.9085666726116164,,,,,,,ONT-HNL,1
2025,1,ONT,HOU,261.52227360308285,1422.0,1374.204238921002,22830.0,29072.0,176.0,90.0,1.0,5.786516853932584,0.011111111111111112,0.12222222222222222,2.2231333333333336,,,,,,,,,,,,,0.7852916895982388,,,,,,,ONT-HOU,0
2025,1,ONT,IAD,317.98424870466323,219.0,2413.9740932642485,0.0,72.0,1.0,0.0,0.0,0.0,0.0,0.0,2.2231333333333336,,,,,,,,,,,,,0.0,,,,,,,ONT-IAD,0
2025,1,ONT,IAH,229.62674311926608,2130.0,1382.9357798165138,38322.0,46992.0,300.0,139.0,2.0,5.536764705882353,0.02158273381294964,0.15827338129496402,2.2231333333333336,,,,,,,0.16850534248952576,0.02717108362049731,0.06321467851469073,0.21375131175937725,0.3868472966603237,0.33570759355923724,0.8155005107252298,0.16850534248952576,0.02717108362049731,0.06321467851469073,0.21375131175937725,0.3868472966603237,0.33570759355923724,ONT-IAH,1
2025,1,ONT,IND,294.2678260869565,335.0,1908.5496894409937,0.0,0.0,99.0,0.0,0.0,0.0,0.0,0.0,2.2231333333333336,,,,,,,,,,,,,,,,,,,,ONT-IND,0
2025,1,ONT,JAC,194.0181818181818,23.0,841.3181818181819,0.0,8.0,1.0,0.0,0.0,0.0,0.0,0.0,2.2231333333333336,,,,,,,,,,,,,0.0,,,,,,,ONT-JAC,0
2025,1,ONT,KOA,259.97094017094014,130.0,2838.3162393162393,165.0,178.0,89.0,0.0,0.0,0.0,0.0,0.0,2.2231333333333336,,,,,,,,,,,,,0.9269662921348315,,,,,,,ONT-KOA,1
2025,1,ONT,LAS,132.8942252165544,3732.0,197.0,73445.0,108529.0,628.0,631.0,2.0,13.012820512820513,0.011093502377179081,0.1901743264659271,2.2231333333333336,,,,,,,,,,,,,0.6767315648352054,,,,,,,ONT-LAS,0
2025,1,ONT,LIH,307.33458333333334,130.0,2796.5666666666666,0.0,0.0,74.0,0.0,0.0,0.0,0.0,0.0,2.2231333333333336,,,,,,,,,,,,,,,,,,,,ONT-LIH,0
2025,1,ONT,MCO,278.30525027808676,1026.0,2266.2391546162403,0.0,0.0,47.0,0.0,0.0,0.0,0.0,0.0,2.2231333333333336,,,,,,,,,,,,,,,,,,,,ONT-MCO,0
2025,1,ONT,MDW,246.04396186440678,688.0,1755.9088983050847,10258.0,14572.0,84.0,85.0,1.0,2.3214285714285716,0.011764705882352941,0.09411764705882353,2.2231333333333336,,,,,,,,,,,,,0.7039527861652484,,,,,,,ONT-MDW,0
2025,1,ONT,MEM,332.66375,178.0,1765.1190476190477,0.0,0.0,150.0,0.0,0.0,0.0,0.0,0.0,2.2231333333333336,,,,,,,,,,,,,,,,,,,,ONT-MEM,0
2025,1,ONT,MIA,311.5994561933535,368.0,2410.2809667673714,0.0,0.0,49.0,0.0,0.0,0.0,0.0,0.0,2.2231333333333336,,,,,,,,,,,,,,,,,,,,ONT-MIA,0
2025,1,ONT,OAK,188.10577120822623,2408.0,362.6632390745501,34396.0,60748.0,484.0,372.0,1.0,2.2398921832884096,0.002688172043010753,0.09946236559139784,2.2231333333333336,,,,,,,,,,,,,0.5662079410021729,,,,,,,ONT-OAK,0
2025,1,ONT,OGG,287.8540410958904,172.0,2758.027397260274,0.0,0.0,60.0,0.0,0.0,0.0,0.0,0.0,2.2231333333333336,,,,,,,,,,,,,,,,,,,,ONT-OGG,0
2025,1,ONT,ORD,273.0731797235023,548.0,1852.3917050691243,0.0,0.0,1.0,0.0,0.0,0.0,0.0,0.0,2.2231333333333336,,,,,,,,,,,,,,,,,,,,ONT-ORD,0
2025,1,ONT,PDX,188.05679282868527,2286.0,874.7177954847277,20829.0,25388.0,339.0,246.0,5.0,0.2217573221757322,0.028455284552845527,0.08943089430894309,2.2231333333333336,,,,,,,,,,,,,0.8204269733732472,,,,,,,ONT-PDX,1
2025,1,ONT,PHL,325.92519886363635,400.0,2438.6051136363635,0.0,0.0,141.0,0.0,0.0,0.0,0.0,0.0,2.2231333333333336,,,,,,,,,,,,,,,,,,,,ONT-PHL,0
2025,1,ONT,PHX,192.11648780487803,3004.0,327.2034843205575,81831.0,116019.0,828.0,785.0,4.0,4.056338028169014,0.005095541401273885,0.1159235668789809,2.2231333333333336,,,,,,,,,,,,,0.7053241279445608,,,,,,,ONT-PHX,0
2025,1,ONT,PIT,291.5232142857143,200.0,2212.6428571428573,0.0,0.0,1.0,0.0,0.0,0.0,0.0,0.0,2.2231333333333336,,,,,,,,,,,,,,,,,,,,ONT-PIT,0
2025,1,ONT,PSC,235.52960396039606,105.0,1121.8316831683169,68.0,70.0,1.0,0.0,0.0,0.0,0.0,0.0,2.2231333333333336,,,,,,,,,,,,,0.9714285714285714,,,,,,,ONT-PSC,1
2025,1,ONT,RNO,189.23111570247934,277.0,524.3181818181819,133.0,372.0,4.0,0.0,0.0,0.0,0.0,0.0,2.2231333333333336,,,,,,,,,,,,,0.3575268817204301,,,,,,,ONT-RNO,0
2025,1,ONT,SAT,242.38071578947367,1076.0,1328.24,0.0,0.0,4.0,0.0,0.0,0.0,0.0,0.0,2.2231333333333336,,,,,,,,,,,,,,,,,,,,ONT-SAT,0
2025,1,ONT,SBP,349.746,5.0,553.0,0.0,0.0,111.0,0.0,0.0,0.0,0.0,0.0,2.2231333333333336,,,,,,,,,,,,,,,,,,,,ONT-SBP,0
2025,1,ONT,SDF,303.8529292929293,213.0,1932.1060606060605,0.0,0.0,488.0,0.0,0.0,0.0,0.0,0.0,2.2231333333333336,,,,,,,,,,,,,,,,,,,,ONT-SDF,0
2025,1,ONT,SEA,189.0690466212677,4672.0,976.2388685175484,55149.0,65735.0,492.0,501.0,4.0,4.421052631578948,0.013972055888223553,0.15169660678642716,2.2231333333333336,,,,,,,,,,,,,0.8389594584315814,,,,,,,ONT-SEA,1
2025,1,ONT,SFO,142.23958030669894,2439.0,370.44632768361583,33468.0,38578.0,315.0,323.0,3.0,10.961904761904762,0.02476780185758514,0.15479876160990713,2.2231333333333336,,,,,,,0.22080340516094707,0.00951789778605421,0.04750395680104273,0.43247928498277627,0.2687235825342147,0.25053346988176145,0.867541085592825,0.22080340516094707,0.00951789778605421,0.04750395680104273,0.43247928498277627,0.2687235825342147,0.25053346988176145,ONT-SFO,1
2025,1,ONT,SJC,186.88947036569988,2234.0,335.8953341740227,26404.0,46546.0,310.0,308.0,1.0,4.17915309446254,0.003246753246753247,0.13636363636363635,2.2231333333333336,,,,,,,,,,,,,0.5672667898423065,,,,,,,ONT-SJC,0
2025,1,ONT,SLC,240.0984023668639,1350.0,632.975147928994,25168.0,37930.0,315.0,269.0,3.0,0.1821561338289963,0.0,0.09293680297397769,2.2231333333333336,,,,,,,,,,,,,0.6635380964935408,,,,,,,ONT-SLC,0
2025,1,ONT,SMF,200.26610328638498,4055.0,392.88419405320815,47184.0,72576.0,475.0,476.0,2.0,3.6350210970464136,0.004201680672268907,0.13025210084033614,2.2231333333333336,,,,,,,,,,,,,0.6501322751322751,,,,,,,ONT-SMF,0
2025,1,ONT,STS,46.723214285714285,129.0,423.0,1185.0,2384.0,16.0,0.0,0.0,0.0,0.0,0.0,2.2231333333333336,,,,,,,,,,,,,0.49706375838926176,,,,,,,ONT-STS,0
2025,1,ONT,TPA,264.5113936430318,448.0,2222.7652811735943,0.0,0.0,46.0,0.0,0.0,0.0,0.0,0.0,2.2231333333333336,,,,,,,,,,,,,,,,,,,,ONT-TPA,0
2025,1,ORD,ACT,383.2903333333333,31.0,891.0,160.0,172.0,1.0,0.0,0.0,0.0,0.0,0.0,2.2231333333333336,,,,,,,,,,,,,0.9302325581395349,,,,,,,ORD-ACT,1
2025,1,ORD,AMA,288.0116901408451,72.0,1184.9577464788733,137.0,248.0,2.0,0.0,0.0,0.0,0.0,0.0,2.2231333333333336,,,,,,,,,,,,,0.5524193548387096,,,,,,,ORD-AMA,0
2025,1,ORD,ATL,236.83813752854604,9948.0,621.0898249175336,156818.0,195639.0,1275.0,1299.0,7.0,13.793238993710691,0.020785219399538105,0.19399538106235567,2.2231333333333336,,,,,,,0.18040542999599665,0.022200385777195474,0.07972794287792138,0.19235893028329643,0.3715323460381475,0.35574939671415823,0.8015681944806505,0.18040542999599665,0.022200385777195474,0.07972794287792138,0.19235893028329643,0.3715323460381475,0.35574939671415823,ORD-ATL,1
2025,1,ORD,AUS,276.9627566964286,4654.0,1005.1655505952381,70127.0,90545.0,656.0,662.0,7.0,15.43161094224924,0.0075528700906344415,0.20694864048338368,2.2231333333333336,,,,,,,0.18066105522479983,0.012779716690617943,0.0655739832334086,0.16405824184380596,0.40716516563281335,0.3620476351146755,0.7744988679662046,0.18066105522479983,0.012779716690617943,0.0655739832334086,0.16405824184380596,0.40716516563281335,0.3620476351146755,ORD-AUS,0
2025,1,ORD,CLL,367.9171428571429,29.0,1008.3214285714286,68.0,76.0,1.0,0.0,0.0,0.0,0.0,0.0,2.2231333333333336,,,,,,,,,,,,,0.8947368421052632,,,,,,,ORD-CLL,1
2025,1,ORD,DAL,180.9083615819209,1480.0,808.3516949152543,22516.0,37417.0,226.0,229.0,1.0,5.424778761061947,0.013100436681222707,0.1091703056768559,2.2231333333333336,,,,,,,,,,,,,0.6017585589437956,,,,,,,ORD-DAL,0
2025,1,ORD,DFW,267.62282570199847,11849.0,823.1113078674424,204708.0,252782.0,1517.0,1499.0,4.0,13.841496598639456,0.02134756504336224,0.21080720480320214,2.2231333333333336,,,,,,,0.2062396282774643,0.03747759707932293,0.10718704340430481,0.1903530643250198,0.3470410781655484,0.3542601059847202,0.8098203194847734,0.2062396282774643,0.03747759707932293,0.10718704340430481,0.1903530643250198,0.3470410781655484,0.3542601059847202,ORD-DFW,1
2025,1,ORD,ELP,277.92438661710037,676.0,1321.5743494423791,10101.0,13477.0,180.0,181.0,3.0,4.794444444444444,0.0055248618784530384,0.143646408839779,2.2231333333333336,,,,,,,,,,,,,0.7494991466943682,,,,,,,ORD-ELP,0
2025,1,ORD,FAT,266.2658231707317,368.0,1947.3170731707316,779.0,1028.0,9.0,6.0,1.0,16.0,0.0,0.16666666666666666,2.2231333333333336,,,,,,,,,,,,,0.7577821011673151,,,,,,,ORD-FAT,0
2025,1,ORD,HOU,212.54729927007298,160.0,1113.2189781021898,146.0,258.0,2.0,0.0,0.0,0.0,0.0,0.0,2.2231333333333336,,,,,,,,,,,,,0.5658914728682171,,,,,,,ORD-HOU,0
2025,1,ORD,HRL,227.1715,203.0,1254.8777777777777,196.0,228.0,3.0,0.0,0.0,0.0,0.0,0.0,2.2231333333333336,,,,,,,,,,,,,0.8596491228070176,,,,,,,ORD-HRL,1
2025,1,ORD,IAH,253.65499722838138,9211.0,963.085088691796,186257.0,226455.0,1301.0,1308.0,6.0,11.493779160186625,0.016819571865443424,0.18807339449541285,2.2231333333333336,,,,,,,0.16850534248952576,0.02717108362049731,0.06321467851469073,0.21375131175937725,0.3868472966603237,0.33570759355923724,0.8224901194497803,0.16850534248952576,0.02717108362049731,0.06321467851469073,0.21375131175937725,0.3868472966603237,0.33570759355923724,ORD-IAH,1
2025,1,ORD,LAX,314.3103439211391,14132.0,1796.5881708652794,237264.0,302171.0,1572.0,1535.0,3.0,10.046254071661238,0.0006514657980456026,0.18175895765472314,2.2231333333333336,,,,,,,0.1662822530232157,0.008191243991291414,0.06384287985231527,0.17061212978089035,0.33008563663401874,0.43409495483748084,0.7851977853599452,0.1662822530232157,0.008191243991291414,0.06384287985231527,0.17061212978089035,0.33008563663401874,0.43409495483748084,ORD-LAX,0
2025,1,ORD,ONT,261.666754176611,542.0,1884.1050119331742,0.0,0.0,60.0,0.0,0.0,0.0,0.0,0.0,2.2231333333333336,,,,,,,,,,,,,,,,,,,,ORD-ONT,0
2025,1,ORD,PSP,408.6867647058823,2456.0,1675.264705882353,31645.0,36844.0,230.0,228.0,2.0,9.978070175438596,0.0,0.17105263157894737,2.2231333333333336,,,,,,,,,,,,,0.85889154272066,,,,,,,ORD-PSP,1
2025,1,ORD,SAN,332.5700721153846,5004.0,1769.0661057692307,87825.0,108590.0,582.0,586.0,2.0,14.266211604095563,0.0017064846416382253,0.1962457337883959,2.2231333333333336,,,,,,,0.20884454631252528,0.010516381286234326,0.06662806664762747,0.26037408113045896,0.37705046300462025,0.2940969356018669,0.8087761303987476,0.20884454631252528,0.010516381286234326,0.06662806664762747,0.26037408113045896,0.37705046300462025,0.2940969356018669,ORD-SAN,1
2025,1,ORD,SAT,315.2575050985724,2208.0,1100.0496261046908,35676.0,48427.0,344.0,345.0,5.0,13.965014577259476,0.005797101449275362,0.22608695652173913,2.2231333333333336,,,,,,,,,,,,,0.7366964709769344,,,,,,,ORD-SAT,0
2025,1,ORD,SAV,291.1601346153846,1334.0,804.6134615384616,18467.0,22174.0,238.0,246.0,3.0,6.861924686192468,0.028455284552845527,0.18699186991869918,2.2231333333333336,,,,,,,,,,,,,0.8328222242265717,,,,,,,ORD-SAV,1
2025,1,ORD,SFO,362.4223743748512,11315.0,1894.7775660871637,182492.0,222507.0,1035.0,1031.0,3.0,12.88252427184466,0.0009699321047526673,0.2376333656644035,2.2231333333333336,,,,,,,0.22080340516094707,0.00951789778605421,0.04750395680104273,0.43247928498277627,0.2687235825342147,0.25053346988176145,0.8201629611652667,0.22080340516094707,0.00951789778605421,0.04750395680104273,0.43247928498277627,0.2687235825342147,0.25053346988176145,ORD-SFO,1
2025,1,ORD,SJC,295.0793902439024,518.0,1903.3658536585365,7537.0,11183.0,87.0,89.0,1.0,9.477272727272727,0.011235955056179775,0.16853932584269662,2.2231333333333336,,,,,,,,,,,,,0.6739694178664044,,,,,,,ORD-SJC,0
2025,1,ORD,SMF,336.74656818181813,1244.0,1852.384090909091,26834.0,32680.0,194.0,193.0,2.0,10.476683937823834,0.0,0.18652849740932642,2.2231333333333336,,,,,,,,,,,,,0.8211138310893513,,,,,,,ORD-SMF,1
2025,1,ORD,SNA,351.63306974459726,4110.0,1751.7917485265225,63848.0,78434.0,510.0,0.0,0.0,0.0,0.0,0.0,2.2231333333333336,,,,,,,,,,,,,0.8140347298365505,,,,,,,ORD-SNA,1
2025,1,ORF,ATL,239.56256467941506,1785.0,544.5534308211473,90646.0,111711.0,598.0,613.0,2.0,13.33889816360601,0.026101141924959218,0.1729200652528548,2.2231333333333336,,,,,,,0.18040542999599665,0.022200385777195474,0.07972794287792138,0.19235893028329643,0.3715323460381475,0.35574939671415823,0.8114330728397382,0.18040542999599665,0.022200385777195474,0.07972794287792138,0.19235893028329643,0.3715323460381475,0.35574939671415823,ORF-ATL,1
2025,1,ORF,AUS,299.7501871657754,420.0,1437.0133689839572,82.0,180.0,1.0,0.0,0.0,0.0,0.0,0.0,2.2231333333333336,,,,,,,0.18066105522479983,0.012779716690617943,0.0655739832334086,0.16405824184380596,0.40716516563281335,0.3620476351146755,0.45555555555555555,0.18066105522479983,0.012779716690617943,0.0655739832334086,0.16405824184380596,0.40716516563281335,0.3620476351146755,ORF-AUS,0
2025,1,ORF,DAL,253.23527777777778,118.0,1329.6203703703704,105.0,143.0,1.0,1.0,1.0,92.0,0.0,1.0,2.2231333333333336,,,,,,,,,,,,,0.7342657342657343,,,,,,,ORF-DAL,0
2025,1,ORF,DFW,332.88434210526316,1166.0,1270.092105263158,30107.0,37990.0,221.0,232.0,1.0,14.158371040723981,0.04741379310344827,0.15948275862068967,2.2231333333333336,,,,,,,0.2062396282774643,0.03747759707932293,0.10718704340430481,0.1903530643250198,0.3470410781655484,0.3542601059847202,0.7924980257962622,0.2062396282774643,0.03747759707932293,0.10718704340430481,0.1903530643250198,0.3470410781655484,0.3542601059847202,ORF-DFW,0
2025,1,ORF,HRL,240.99750000000003,25.0,1651.125,0.0,150.0,1.0,0.0,0.0,0.0,0.0,0.0,2.2231333333333336,,,,,,,,,,,,,0.0,,,,,,,ORF-HRL,0
2025,1,ORF,IAH,298.1735802469136,770.0,1291.2063492063492,8740.0,11776.0,87.0,90.0,2.0,0.4827586206896552,0.03333333333333333,0.07777777777777778,2.2231333333333336,,,,,,,0.16850534248952576,0.02717108362049731,0.06321467851469073,0.21375131175937725,0.3868472966603237,0.33570759355923724,0.7421875,0.16850534248952576,0.02717108362049731,0.06321467851469073,0.21375131175937725,0.3868472966603237,0.33570759355923724,ORF-IAH,0
2025,1,ORF,LAX,309.7977533039647,779.0,2478.362701908957,249.0,274.0,2.0,0.0,0.0,0.0,0.0,0.0,2.2231333333333336,,,,,,,0.1662822530232157,0.008191243991291414,0.06384287985231527,0.17061212978089035,0.33008563663401874,0.43409495483748084,0.9087591240875912,0.1662822530232157,0.008191243991291414,0.06384287985231527,0.17061212978089035,0.33008563663401874,0.43409495483748084,ORF-LAX,1
2025,1,ORF,SAN,320.46429735234216,1285.0,2429.0366598778005,506.0,548.0,4.0,0.0,0.0,0.0,0.0,0.0,2.2231333333333336,,,,,,,0.20884454631252528,0.010516381286234326,0.06662806664762747,0.26037408113045896,0.37705046300462025,0.2940969356018669,0.9233576642335767,0.20884454631252528,0.010516381286234326,0.06662806664762747,0.26037408113045896,0.37705046300462025,0.2940969356018669,ORF-SAN,1
2025,1,ORF,SAT,278.5270814479638,491.0,1485.9298642533936,0.0,155.0,1.0,0.0,0.0,0.0,0.0,0.0,2.2231333333333336,,,,,,,,,,,,,0.0,,,,,,,ORF-SAT,0
2025,1,OTH,SFO,189.82054054054052,90.0,412.0,2707.0,3826.0,52.0,52.0,1.0,13.28,0.038461538461538464,0.15384615384615385,2.2231333333333336,,,,,,,0.22080340516094707,0.00951789778605421,0.04750395680104273,0.43247928498277627,0.2687235825342147,0.25053346988176145,0.707527443805541,0.22080340516094707,0.00951789778605421,0.04750395680104273,0.43247928498277627,0.2687235825342147,0.25053346988176145,OTH-SFO,0
2025,1,PAE,LAX,194.5654022988506,433.0,991.0229885057471,4892.0,6840.0,90.0,90.0,1.0,26.022222222222222,0.0,0.3333333333333333,2.2231333333333336,,,,,,,0.1662822530232157,0.008191243991291414,0.06384287985231527,0.17061212978089035,0.33008563663401874,0.43409495483748084,0.7152046783625731,0.1662822530232157,0.008191243991291414,0.06384287985231527,0.17061212978089035,0.33008563663401874,0.43409495483748084,PAE-LAX,0
2025,1,PAE,ONT,129.97,1.0,988.0,69.0,76.0,1.0,0.0,0.0,0.0,0.0,0.0,2.2231333333333336,,,,,,,,,,,,,0.9078947368421053,,,,,,,PAE-ONT,1
2025,1,PAE,PSP,298.37900662251656,550.0,1022.0132450331126,5144.0,6004.0,79.0,80.0,1.0,25.443037974683545,0.0125,0.325,2.2231333333333336,,,,,,,,,,,,,0.8567621585609594,,,,,,,PAE-PSP,1
2025,1,PAE,SAN,215.87513513513514,596.0,1086.3837837837839,5937.0,6688.0,88.0,90.0,1.0,5.3977272727272725,0.022222222222222223,0.15555555555555556,2.2231333333333336,,,,,,,0.20884454631252528,0.010516381286234326,0.06662806664762747,0.26037408113045896,0.37705046300462025,0.2940969356018669,0.8877093301435407,0.20884454631252528,0.010516381286234326,0.06662806664762747,0.26037408113045896,0.37705046300462025,0.2940969356018669,PAE-SAN,1
2025,1,PAE,SFO,212.07383033419023,604.0,719.8740359897172,6581.0,7448.0,98.0,104.0,1.0,19.585858585858585,0.04807692307692308,0.3269230769230769,2.2231333333333336,,,,,,,0.22080340516094707,0.00951789778605421,0.04750395680104273,0.43247928498277627,0.2687235825342147,0.25053346988176145,0.88359291084855,0.22080340516094707,0.00951789778605421,0.04750395680104273,0.43247928498277627,0.2687235825342147,0.25053346988176145,PAE-SFO,1
2025,1,PAE,SNA,212.84380208333334,598.0,1012.2708333333334,6248.0,6688.0,88.0,0.0,0.0,0.0,0.0,0.0,2.2231333333333336,,,,,,,,,,,,,0.9342105263157895,,,,,,,PAE-SNA,1
2025,1,PBI,ATL,283.0712886597938,3707.0,549.5515463917526,153282.0,176477.0,943.0,957.0,2.0,12.605095541401274,0.017763845350052248,0.21316614420062696,2.2231333333333336,,,,,,,0.18040542999599665,0.022200385777195474,0.07972794287792138,0.19235893028329643,0.3715323460381475,0.35574939671415823,0.8685664420859376,0.18040542999599665,0.022200385777195474,0.07972794287792138,0.19235893028329643,0.3715323460381475,0.35574939671415823,PBI-ATL,1
2025,1,PBI,BUR,333.65534482758625,64.0,2405.9827586206898,0.0,12.0,1.0,0.0,0.0,0.0,0.0,0.0,2.2231333333333336,,,,,,,,,,,,,0.0,,,,,,,PBI-BUR,0
2025,1,PBI,DAL,270.9116666666667,104.0,1561.34375,2.0,10.0,1.0,0.0,0.0,0.0,0.0,0.0,2.2231333333333336,,,,,,,,,,,,,0.2,,,,,,,PBI-DAL,0
2025,1,PBI,DFW,416.5362346368715,2020.0,1162.5865921787708,46785.0,56140.0,313.0,322.0,1.0,17.363344051446944,0.034161490683229816,0.2577639751552795,2.2231333333333336,,,,,,,0.2062396282774643,0.03747759707932293,0.10718704340430481,0.1903530643250198,0.3470410781655484,0.3542601059847202,0.8333630210188814,0.2062396282774643,0.03747759707932293,0.10718704340430481,0.1903530643250198,0.3470410781655484,0.3542601059847202,PBI-DFW,1
2025,1,PBI,HOU,268.39072463768116,76.0,1541.1739130434783,62.0,199.0,1.0,0.0,0.0,0.0,0.0,0.0,2.2231333333333336,,,,,,,,,,,,,0.31155778894472363,,,,,,,PBI-HOU,0
2025,1,PBI,IAH,334.53957983193277,973.0,1027.396638655462,17522.0,23114.0,138.0,139.0,1.0,20.456521739130434,0.007194244604316547,0.34532374100719426,2.2231333333333336,,,,,,,0.16850534248952576,0.02717108362049731,0.06321467851469073,0.21375131175937725,0.3868472966603237,0.33570759355923724,0.7580687029505927,0.16850534248952576,0.02717108362049731,0.06321467851469073,0.21375131175937725,0.3868472966603237,0.33570759355923724,PBI-IAH,0
2025,1,PBI,LAX,441.8359694477085,1560.0,2471.005875440658,10431.0,12727.0,90.0,90.0,1.0,9.222222222222221,0.0,0.14444444444444443,2.2231333333333336,,,,,,,0.1662822530232157,0.008191243991291414,0.06384287985231527,0.17061212978089035,0.33008563663401874,0.43409495483748084,0.8195961342028758,0.1662822530232157,0.008191243991291414,0.06384287985231527,0.17061212978089035,0.33008563663401874,0.43409495483748084,PBI-LAX,1
2025,1,PBI,SAV,297.4542452830189,119.0,771.0377358490566,3.0,24.0,2.0,0.0,0.0,0.0,0.0,0.0,2.2231333333333336,,,,,,,,,,,,,0.125,,,,,,,PBI-SAV,0
2025,1,PBI,SNA,442.69511235955054,199.0,2416.191011235955,3.0,13.0,1.0,0.0,0.0,0.0,0.0,0.0,2.2231333333333336,,,,,,,,,,,,,0.23076923076923078,,,,,,,PBI-SNA,0
2025,1,PDX,ATL,328.67383269961977,1778.0,2286.926996197719,40638.0,45218.0,251.0,253.0,2.0,6.313492063492063,0.003952569169960474,0.11857707509881422,2.2231333333333336,,,,,,,0.18040542999599665,0.022200385777195474,0.07972794287792138,0.19235893028329643,0.3715323460381475,0.35574939671415823,0.8987129019417046,0.18040542999599665,0.022200385777195474,0.07972794287792138,0.19235893028329643,0.3715323460381475,0.35574939671415823,PDX-ATL,1
2025,1,PDX,AUS,245.22157303370787,2022.0,1840.1053370786517,10187.0,12447.0,72.0,73.0,1.0,9.225352112676056,0.0273972602739726,0.2602739726027397,2.2231333333333336,,,,,,,0.18066105522479983,0.012779716690617943,0.0655739832334086,0.16405824184380596,0.40716516563281335,0.3620476351146755,0.8184301438097533,0.18066105522479983,0.012779716690617943,0.0655739832334086,0.16405824184380596,0.40716516563281335,0.3620476351146755,PDX-AUS,1
2025,1,PDX,BUR,193.4140454163162,2476.0,837.9680403700589,25145.0,34186.0,230.0,235.0,3.0,4.121739130434783,0.02127659574468085,0.16170212765957448,2.2231333333333336,,,,,,,,,,,,,0.7355350143333529,,,,,,,PDX-BUR,0
2025,1,PDX,DAL,211.776028708134,228.0,1863.8325358851675,501.0,525.0,3.0,3.0,1.0,11.666666666666666,0.0,0.3333333333333333,2.2231333333333336,,,,,,,,,,,,,0.9542857142857143,,,,,,,PDX-DAL,1
2025,1,PDX,DFW,258.0187332977018,3384.0,1659.4045964724746,83863.0,95168.0,539.0,517.0,3.0,13.408284023668639,0.019342359767891684,0.17794970986460348,2.2231333333333336,,,,,,,0.2062396282774643,0.03747759707932293,0.10718704340430481,0.1903530643250198,0.3470410781655484,0.3542601059847202,0.8812100706119704,0.2062396282774643,0.03747759707932293,0.10718704340430481,0.1903530643250198,0.3470410781655484,0.3542601059847202,PDX-DFW,1
2025,1,PDX,FAT,194.03391208791209,662.0,719.1274725274725,6405.0,7759.0,102.0,100.0,1.0,-0.36363636363636365,0.01,0.13,2.2231333333333336,,,,,,,,,,,,,0.8254929758989561,,,,,,,PDX-FAT,1
2025,1,PDX,HOU,226.682101910828,352.0,2027.0286624203823,98.0,258.0,2.0,0.0,0.0,0.0,0.0,0.0,2.2231333333333336,,,,,,,,,,,,,0.3798449612403101,,,,,,,PDX-HOU,0
2025,1,PDX,IAH,307.23819112627984,1704.0,1890.7474402730375,23922.0,28560.0,182.0,184.0,1.0,-0.6132596685082873,0.016304347826086956,0.03804347826086957,2.2231333333333336,,,,,,,0.16850534248952576,0.02717108362049731,0.06321467851469073,0.21375131175937725,0.3868472966603237,0.33570759355923724,0.8376050420168067,0.16850534248952576,0.02717108362049731,0.06321467851469073,0.21375131175937725,0.3868472966603237,0.33570759355923724,PDX-IAH,1
2025,1,PDX,LAX,188.02163988463124,8373.0,848.3934899052327,124746.0,165619.0,1123.0,1119.0,5.0,2.430117222723174,0.008936550491510277,0.09294012511170688,2.2231333333333336,,,,,,,0.1662822530232157,0.008191243991291414,0.06384287985231527,0.17061212978089035,0.33008563663401874,0.43409495483748084,0.7532106823492474,0.1662822530232157,0.008191243991291414,0.06384287985231527,0.17061212978089035,0.33008563663401874,0.43409495483748084,PDX-LAX,0
2025,1,PDX,LGB,176.6816182572614,287.0,935.0580912863071,0.0,0.0,4.0,0.0,0.0,0.0,0.0,0.0,2.2231333333333336,,,,,,,,,,,,,,,,,,,,PDX-LGB,0
2025,1,PDX,OAK,159.39750595710882,3124.0,547.6330420969023,43059.0,63441.0,540.0,460.0,2.0,5.0855263157894735,0.008695652173913044,0.11739130434782609,2.2231333333333336,,,,,,,,,,,,,0.6787251146734762,,,,,,,PDX-OAK,0
2025,1,PDX,ONT,185.06527925531915,2274.0,876.1130319148937,20466.0,25853.0,336.0,246.0,5.0,2.1,0.028455284552845527,0.09349593495934959,2.2231333333333336,,,,,,,,,,,,,0.7916295981124047,,,,,,,PDX-ONT,0
2025,1,PDX,PSP,263.65052019164955,3245.0,905.7022587268993,31318.0,38097.0,271.0,270.0,3.0,3.840148698884758,0.003703703703703704,0.15925925925925927,2.2231333333333336,,,,,,,,,,,,,0.8220594797490616,,,,,,,PDX-PSP,1
2025,1,PDX,SAN,211.64630455407968,5191.0,971.7926944971537,47476.0,60698.0,377.0,386.0,3.0,6.362433862433862,0.02072538860103627,0.14507772020725387,2.2231333333333336,,,,,,,0.20884454631252528,0.010516381286234326,0.06662806664762747,0.26037408113045896,0.37705046300462025,0.2940969356018669,0.7821674519753534,0.20884454631252528,0.010516381286234326,0.06662806664762747,0.26037408113045896,0.37705046300462025,0.2940969356018669,PDX-SAN,0
2025,1,PDX,SAT,273.19565830721,696.0,1856.2899686520377,169.0,268.0,2.0,0.0,0.0,0.0,0.0,0.0,2.2231333333333336,,,,,,,,,,,,,0.6305970149253731,,,,,,,PDX-SAT,0
2025,1,PDX,SBA,201.5992183908046,632.0,819.3057471264368,5827.0,6764.0,89.0,0.0,0.0,0.0,0.0,0.0,2.2231333333333336,,,,,,,,,,,,,0.8614725014784151,,,,,,,PDX-SBA,1
2025,1,PDX,SBP,218.41189189189188,299.0,881.7683397683397,1234.0,1368.0,18.0,0.0,0.0,0.0,0.0,0.0,2.2231333333333336,,,,,,,,,,,,,0.902046783625731,,,,,,,PDX-SBP,1
2025,1,PDX,SFO,176.68731743119267,5794.0,561.1075229357798,104212.0,129659.0,941.0,941.0,5.0,7.702673796791444,0.006376195536663124,0.14771519659936239,2.2231333333333336,,,,,,,0.22080340516094707,0.00951789778605421,0.04750395680104273,0.43247928498277627,0.2687235825342147,0.25053346988176145,0.8037390385549789,0.22080340516094707,0.00951789778605421,0.04750395680104273,0.43247928498277627,0.2687235825342147,0.25053346988176145,PDX-SFO,1
2025,1,PDX,SJC,194.79614931237722,3755.0,579.2313359528487,45192.0,69972.0,642.0,642.0,4.0,3.294488188976378,0.010903426791277258,0.1261682242990654,2.2231333333333336,,,,,,,,,,,,,0.6458583433373349,,,,,,,PDX-SJC,0
2025,1,PDX,SMF,175.0753038674033,3660.0,492.82995702885205,48846.0,69794.0,610.0,605.0,3.0,3.8069883527454245,0.006611570247933884,0.13884297520661157,2.2231333333333336,,,,,,,,,,,,,0.6998595867839642,,,,,,,PDX-SMF,0
2025,1,PDX,SNA,230.3982233502538,4461.0,883.3565989847716,44642.0,52507.0,344.0,0.0,0.0,0.0,0.0,0.0,2.2231333333333336,,,,,,,,,,,,,0.8502104481307254,,,,,,,PDX-SNA,1
2025,1,PDX,STS,196.74785522788204,523.0,523.6997319034853,5965.0,7980.0,105.0,0.0,0.0,0.0,0.0,0.0,2.2231333333333336,,,,,,,,,,,,,0.7474937343358395,,,,,,,PDX-STS,0
2025,1,PGD,SAV,27.057692307692307,121.0,362.0,1352.0,4101.0,26.0,26.0,1.0,3.08,0.038461538461538464,0.23076923076923078,2.2231333333333336,,,,,,,,,,,,,0.3296756888563765,,,,,,,PGD-SAV,0
2025,1,PHL,ATL,214.69996009122005,9402.0,680.998574686431,160372.0,210682.0,1312.0,1299.0,6.0,15.919367588932806,0.026943802925327175,0.22170900692840648,2.2231333333333336,,,,,,,0.18040542999599665,0.022200385777195474,0.07972794287792138,0.19235893028329643,0.3715323460381475,0.35574939671415823,0.7612040895757587,0.18040542999599665,0.022200385777195474,0.07972794287792138,0.19235893028329643,0.3715323460381475,0.35574939671415823,PHL-ATL,0
2025,1,PHL,AUS,330.740897755611,2212.0,1499.525561097257,18625.0,20846.0,162.0,166.0,1.0,21.152439024390244,0.012048192771084338,0.24096385542168675,2.2231333333333336,,,,,,,0.18066105522479983,0.012779716690617943,0.0655739832334086,0.16405824184380596,0.40716516563281335,0.3620476351146755,0.8934567782788065,0.18066105522479983,0.012779716690617943,0.0655739832334086,0.16405824184380596,0.40716516563281335,0.3620476351146755,PHL-AUS,1
2025,1,PHL,CRP,346.55916666666667,65.0,1639.95,170.0,179.0,1.0,0.0,0.0,0.0,0.0,0.0,2.2231333333333336,,,,,,,,,,,,,0.9497206703910615,,,,,,,PHL-CRP,1
2025,1,PHL,DAL,199.69228426395938,207.0,1466.1472081218274,232.0,247.0,2.0,1.0,1.0,18.0,0.0,1.0,2.2231333333333336,,,,,,,,,,,,,0.9392712550607287,,,,,,,PHL-DAL,1
2025,1,PHL,DFW,325.5489861751152,6175.0,1349.387480798771,127935.0,151779.0,744.0,764.0,3.0,11.146505376344086,0.02617801047120419,0.1256544502617801,2.2231333333333336,,,,,,,0.2062396282774643,0.03747759707932293,0.10718704340430481,0.1903530643250198,0.3470410781655484,0.3542601059847202,0.842903168422509,0.2062396282774643,0.03747759707932293,0.10718704340430481,0.1903530643250198,0.3470410781655484,0.3542601059847202,PHL-DFW,1
2025,1,PHL,HRL,216.12292682926832,41.0,1802.341463414634,0.0,150.0,1.0,0.0,0.0,0.0,0.0,0.0,2.2231333333333336,,,,,,,,,,,,,0.0,,,,,,,PHL-HRL,0
2025,1,PHL,IAH,286.6773623559539,3495.0,1380.2266325224073,42504.0,51360.0,356.0,373.0,5.0,11.449035812672177,0.02680965147453083,0.19571045576407506,2.2231333333333336,,,,,,,0.16850534248952576,0.02717108362049731,0.06321467851469073,0.21375131175937725,0.3868472966603237,0.33570759355923724,0.827570093457944,0.16850534248952576,0.02717108362049731,0.06321467851469073,0.21375131175937725,0.3868472966603237,0.33570759355923724,PHL-IAH,1
2025,1,PHL,LAX,367.02179477470656,6300.0,2438.9242711094284,77920.0,104222.0,516.0,523.0,2.0,5.385658914728682,0.01338432122370937,0.13193116634799235,2.2231333333333336,,,,,,,0.1662822530232157,0.008191243991291414,0.06384287985231527,0.17061212978089035,0.33008563663401874,0.43409495483748084,0.7476348563642993,0.1662822530232157,0.008191243991291414,0.06384287985231527,0.17061212978089035,0.33008563663401874,0.43409495483748084,PHL-LAX,0
2025,1,PHL,OAK,241.02435897435896,135.0,2543.153846153846,0.0,0.0,34.0,0.0,0.0,0.0,0.0,0.0,2.2231333333333336,,,,,,,,,,,,,,,,,,,,PHL-OAK,0
2025,1,PHL,ONT,317.52841666666666,397.0,2436.538888888889,138.0,196.0,62.0,0.0,0.0,0.0,0.0,0.0,2.2231333333333336,,,,,,,,,,,,,0.7040816326530612,,,,,,,PHL-ONT,0
2025,1,PHL,SAN,352.71704815509696,2799.0,2400.5378361475923,31123.0,41606.0,215.0,221.0,1.0,8.1651376146789,0.013574660633484163,0.14479638009049775,2.2231333333333336,,,,,,,0.20884454631252528,0.010516381286234326,0.06662806664762747,0.26037408113045896,0.37705046300462025,0.2940969356018669,0.7480411479113589,0.20884454631252528,0.010516381286234326,0.06662806664762747,0.26037408113045896,0.37705046300462025,0.2940969356018669,PHL-SAN,0
2025,1,PHL,SAT,289.0861736334405,1062.0,1612.9924973204716,106.0,128.0,1.0,0.0,0.0,0.0,0.0,0.0,2.2231333333333336,,,,,,,,,,,,,0.828125,,,,,,,PHL-SAT,1
2025,1,PHL,SAV,246.50521017699114,1160.0,655.2157079646017,14556.0,19039.0,269.0,280.0,4.0,9.104089219330856,0.039285714285714285,0.18928571428571428,2.2231333333333336,,,,,,,,,,,,,0.7645359525185146,,,,,,,PHL-SAV,0
2025,1,PHL,SFO,392.36376677464136,4349.0,2556.778343359556,50103.0,64974.0,348.0,352.0,2.0,11.679083094555875,0.011363636363636364,0.15625,2.2231333333333336,,,,,,,0.22080340516094707,0.00951789778605421,0.04750395680104273,0.43247928498277627,0.2687235825342147,0.25053346988176145,0.7711238341490443,0.22080340516094707,0.00951789778605421,0.04750395680104273,0.43247928498277627,0.2687235825342147,0.25053346988176145,PHL-SFO,0
2025,1,PHX,ABI,310.3364383561644,78.0,1035.4794520547946,139.0,238.0,3.0,0.0,0.0,0.0,0.0,0.0,2.2231333333333336,,,,,,,,,,,,,0.5840336134453782,,,,,,,PHX-ABI,0
2025,1,PHX,ACT,351.90319999999997,27.0,1012.28,55.0,75.0,1.0,0.0,0.0,0.0,0.0,0.0,2.2231333333333336,,,,,,,,,,,,,0.7333333333333333,,,,,,,PHX-ACT,0
2025,1,PHX,ATL,321.09506737787757,7030.0,1633.3074115665356,148640.0,175115.0,878.0,888.0,4.0,8.285388127853881,0.013513513513513514,0.15765765765765766,2.2231333333333336,,,,,,,0.18040542999599665,0.022200385777195474,0.07972794287792138,0.19235893028329643,0.3715323460381475,0.35574939671415823,0.8488136367529909,0.18040542999599665,0.022200385777195474,0.07972794287792138,0.19235893028329643,0.3715323460381475,0.35574939671415823,PHX-ATL,1
2025,1,PHX,AUS,284.50591483979764,5308.0,937.0801011804384,97320.0,134646.0,833.0,831.0,4.0,8.209891435464415,0.0024067388688327317,0.17208182912154033,2.2231333333333336,,,,,,,0.18066105522479983,0.012779716690617943,0.0655739832334086,0.16405824184380596,0.40716516563281335,0.3620476351146755,0.7227841896528675,0.18066105522479983,0.012779716690617943,0.0655739832334086,0.16405824184380596,0.40716516563281335,0.3620476351146755,PHX-AUS,0
2025,1,PHX,BFL,280.98478405315615,415.0,434.37541528239205,21979.0,30691.0,354.0,353.0,3.0,9.640226628895185,0.0,0.21246458923512748,2.2231333333333336,,,,,,,,,,,,,0.7161382815809195,,,,,,,PHX-BFL,0
2025,1,PHX,BUR,160.6344268585132,5426.0,373.64028776978415,72809.0,99480.0,800.0,812.0,5.0,8.735403726708075,0.011083743842364532,0.2204433497536946,2.2231333333333336,,,,,,,,,,,,,0.7318958584640128,,,,,,,PHX-BUR,0
2025,1,PHX,CLD,207.60865384615386,232.0,306.3333333333333,4692.0,7098.0,94.0,0.0,0.0,0.0,0.0,0.0,2.2231333333333336,,,,,,,,,,,,,0.6610312764158918,,,,,,,PHX-CLD,0
2025,1,PHX,CLL,335.98652173913047,24.0,1096.608695652174,50.0,108.0,1.0,0.0,0.0,0.0,0.0,0.0,2.2231333333333336,,,,,,,,,,,,,0.46296296296296297,,,,,,,PHX-CLL,0
2025,1,PHX,CRP,269.0772932330827,149.0,1219.781954887218,48.0,76.0,1.0,0.0,0.0,0.0,0.0,0.0,2.2231333333333336,,,,,,,,,,,,,0.631578947368421,,,,,,,PHX-CRP,0
2025,1,PHX,DAL,226.26442639593907,5316.0,889.2913705583757,87760.0,124229.0,756.0,769.0,1.0,7.862068965517241,0.01950585175552666,0.17685305591677503,2.2231333333333336,,,,,,,,,,,,,0.7064373052990848,,,,,,,PHX-DAL,0
2025,1,PHX,DFW,263.23640118968933,9971.0,917.5294117647059,211331.0,252561.0,1301.0,1311.0,3.0,9.243559718969555,0.02288329519450801,0.16247139588100687,2.2231333333333336,,,,,,,0.2062396282774643,0.03747759707932293,0.10718704340430481,0.1903530643250198,0.3470410781655484,0.3542601059847202,0.8367523093430894,0.2062396282774643,0.03747759707932293,0.10718704340430481,0.1903530643250198,0.3470410781655484,0.3542601059847202,PHX-DFW,1
2025,1,PHX,ELP,196.71836341756918,1621.0,347.24548736462094,48523.0,74690.0,686.0,687.0,4.0,8.649560117302054,0.00727802037845706,0.19359534206695778,2.2231333333333336,,,,,,,,,,,,,0.6496585888338465,,,,,,,PHX-ELP,0
2025,1,PHX,FAT,254.30129300118622,1240.0,501.858837485172,30922.0,40767.0,419.0,410.0,2.0,13.473170731707317,0.0,0.1926829268292683,2.2231333333333336,,,,,,,,,,,,,0.7585056540829592,,,,,,,PHX-FAT,0
2025,1,PHX,HOU,212.43156032849018,3562.0,1040.6336070751738,64600.0,81817.0,512.0,522.0,1.0,8.383268482490273,0.017241379310344827,0.19540229885057472,2.2231333333333336,,,,,,,,,,,,,0.7895669604116504,,,,,,,PHX-HOU,0
2025,1,PHX,HRL,194.54329411764706,180.0,1270.0647058823529,198.0,219.0,2.0,0.0,0.0,0.0,0.0,0.0,2.2231333333333336,,,,,,,,,,,,,0.9041095890410958,,,,,,,PHX-HRL,1
2025,1,PHX,IAH,252.15349159663867,4941.0,1047.923949579832,99545.0,128716.0,908.0,925.0,6.0,7.107810781078108,0.017297297297297298,0.12,2.2231333333333336,,,,,,,0.16850534248952576,0.02717108362049731,0.06321467851469073,0.21375131175937725,0.3868472966603237,0.33570759355923724,0.7733692781006246,0.16850534248952576,0.02717108362049731,0.06321467851469073,0.21375131175937725,0.3868472966603237,0.33570759355923724,PHX-IAH,0
2025,1,PHX,LAX,173.6625992387167,10695.0,374.73355084284935,193613.0,268727.0,2063.0,1883.0,6.0,4.769558275678553,0.002124269782262347,0.14551248008497078,2.2231333333333336,,,,,,,0.1662822530232157,0.008191243991291414,0.06384287985231527,0.17061212978089035,0.33008563663401874,0.43409495483748084,0.7204821249818589,0.1662822530232157,0.008191243991291414,0.06384287985231527,0.17061212978089035,0.33008563663401874,0.43409495483748084,PHX-LAX,0
2025,1,PHX,LBB,241.56164133738602,418.0,920.9939209726443,3941.0,6047.0,91.0,0.0,0.0,0.0,0.0,0.0,2.2231333333333336,,,,,,,,,,,,,0.6517281296510666,,,,,,,PHX-LBB,0
2025,1,PHX,LGB,154.9012456344587,2738.0,357.40745052386495,43757.0,64872.0,417.0,0.0,0.0,0.0,0.0,0.0,2.2231333333333336,,,,,,,,,,,,,0.6745128869157726,,,,,,,PHX-LGB,0
2025,1,PHX,MAF,265.0408679245283,300.0,1038.1094339622641,3781.0,5807.0,89.0,90.0,1.0,11.01123595505618,0.011111111111111112,0.14444444444444443,2.2231333333333336,,,,,,,,,,,,,0.6511107284312038,,,,,,,PHX-MAF,0
2025,1,PHX,MRY,233.93626262626262,641.0,599.9010101010101,19639.0,29832.0,382.0,0.0,0.0,0.0,0.0,0.0,2.2231333333333336,,,,,,,,,,,,,0.6583199249128453,,,,,,,PHX-MRY,0
2025,1,PHX,OAK,193.7024746571258,4733.0,658.5605247465712,62870.0,80573.0,612.0,498.0,1.0,10.230923694779117,0.0,0.22690763052208834,2.2231333333333336,,,,,,,,,,,,,0.7802862000918421,,,,,,,PHX-OAK,0
2025,1,PHX,ONT,199.17792452830187,3013.0,327.3708272859216,82910.0,116065.0,937.0,786.0,4.0,8.039591315453384,0.006361323155216285,0.19592875318066158,2.2231333333333336,,,,,,,,,,,,,0.7143411019687245,,,,,,,PHX-ONT,0
2025,1,PHX,PSP,292.93939682539684,425.0,271.4793650793651,34110.0,44500.0,428.0,426.0,3.0,8.585882352941177,0.004694835680751174,0.1784037558685446,2.2231333333333336,,,,,,,,,,,,,0.7665168539325843,,,,,,,PHX-PSP,0
2025,1,PHX,SAN,187.02947848285925,8079.0,307.3220277169949,149854.0,222794.0,1338.0,1327.0,3.0,7.644646924829157,0.007535795026375283,0.1710625470987189,2.2231333333333336,,,,,,,0.20884454631252528,0.010516381286234326,0.06662806664762747,0.26037408113045896,0.37705046300462025,0.2940969356018669,0.6726123683761681,0.20884454631252528,0.010516381286234326,0.06662806664762747,0.26037408113045896,0.37705046300462025,0.2940969356018669,PHX-SAN,0
2025,1,PHX,SAT,274.99234756097565,3135.0,911.2506097560976,71398.0,106362.0,688.0,689.0,4.0,9.903367496339678,0.008708272859216255,0.18722786647314948,2.2231333333333336,,,,,,,,,,,,,0.6712735751490194,,,,,,,PHX-SAT,0
2025,1,PHX,SBA,285.37666666666667,630.0,482.50219298245617,17862.0,22951.0,307.0,0.0,0.0,0.0,0.0,0.0,2.2231333333333336,,,,,,,,,,,,,0.7782667421898828,,,,,,,PHX-SBA,0
2025,1,PHX,SBP,290.1566222222222,580.0,518.1955555555555,19342.0,22299.0,303.0,0.0,0.0,0.0,0.0,0.0,2.2231333333333336,,,,,,,,,,,,,0.8673931566437957,,,,,,,PHX-SBP,1
2025,1,PHX,SCK,67.9921875,352.0,603.0,3666.0,4236.0,27.0,0.0,0.0,0.0,0.0,0.0,2.2231333333333336,,,,,,,,,,,,,0.8654390934844193,,,,,,,PHX-SCK,1
2025,1,PHX,SFO,186.52155287474332,9613.0,656.6971252566735,150785.0,194906.0,1256.0,1248.0,7.0,11.115384615384615,0.0,0.20833333333333334,2.2231333333333336,,,,,,,0.22080340516094707,0.00951789778605421,0.04750395680104273,0.43247928498277627,0.2687235825342147,0.25053346988176145,0.7736293392712384,0.22080340516094707,0.00951789778605421,0.04750395680104273,0.43247928498277627,0.2687235825342147,0.25053346988176145,PHX-SFO,0
2025,1,PHX,SJC,200.28375467464474,5557.0,627.2094240837696,82129.0,113171.0,803.0,798.0,5.0,7.351758793969849,0.002506265664160401,0.19172932330827067,2.2231333333333336,,,,,,,,,,,,,0.7257071157805445,,,,,,,PHX-SJC,0
2025,1,PHX,SMF,239.03248270561107,5961.0,661.6752498078401,104663.0,138357.0,1024.0,932.0,4.0,7.200859291084855,0.001072961373390558,0.1630901287553648,2.2231333333333336,,,,,,,,,,,,,0.7564705797321422,,,,,,,PHX-SMF,0
2025,1,PHX,SNA,216.61596450256891,6830.0,339.61092947220925,128103.0,178629.0,1110.0,0.0,0.0,0.0,0.0,0.0,2.2231333333333336,,,,,,,,,,,,,0.717145592261055,,,,,,,PHX-SNA,0
2025,1,PHX,STS,252.37521739130435,546.0,702.6014492753624,10063.0,12888.0,138.0,0.0,0.0,0.0,0.0,0.0,2.2231333333333336,,,,,,,,,,,,,0.7808038485412787,,,,,,,PHX-STS,0
2025,1,PIA,DFW,313.98805555555555,402.0,690.8024691358024,11850.0,13289.0,175.0,179.0,2.0,6.571428571428571,0.027932960893854747,0.1452513966480447,2.2231333333333336,,,,,,,0.2062396282774643,0.03747759707932293,0.10718704340430481,0.1903530643250198,0.3470410781655484,0.3542601059847202,0.8917149522161186,0.2062396282774643,0.03747759707932293,0.10718704340430481,0.1903530643250198,0.3470410781655484,0.3542601059847202,PIA-DFW,1
2025,1,PIB,IAH,92.35083333333334,12.0,376.0,3426.0,7350.0,147.0,155.0,1.0,3.3904109589041096,0.05806451612903226,0.13548387096774195,2.2231333333333336,,,,,,,0.16850534248952576,0.02717108362049731,0.06321467851469073,0.21375131175937725,0.3868472966603237,0.33570759355923724,0.4661224489795918,0.16850534248952576,0.02717108362049731,0.06321467851469073,0.21375131175937725,0.3868472966603237,0.33570759355923724,PIB-IAH,0
2025,1,PIE,MFE,53.88815789473684,195.0,966.0,2074.0,4263.0,26.0,0.0,0.0,0.0,0.0,0.0,2.2231333333333336,,,,,,,,,,,,,0.48651184611775744,,,,,,,PIE-MFE,0
2025,1,PIE,SAV,31.647727272727273,101.0,304.0,1180.0,4236.0,27.0,27.0,1.0,35.925925925925924,0.0,0.18518518518518517,2.2231333333333336,,,,,,,,,,,,,0.2785646836638338,,,,,,,PIE-SAV,0
2025,1,PIT,ATL,257.64199714693297,2776.0,568.3601997146933,82449.0,109549.0,641.0,648.0,2.0,9.736263736263735,0.016975308641975308,0.15895061728395063,2.2231333333333336,,,,,,,0.18040542999599665,0.022200385777195474,0.07972794287792138,0.19235893028329643,0.3715323460381475,0.35574939671415823,0.7526221143050142,0.18040542999599665,0.022200385777195474,0.07972794287792138,0.19235893028329643,0.3715323460381475,0.35574939671415823,PIT-ATL,0
2025,1,PIT,AUS,276.17494845360824,936.0,1314.0592783505156,6046.0,8236.0,52.0,53.0,1.0,4.423076923076923,0.018867924528301886,0.1509433962264151,2.2231333333333336,,,,,,,0.18066105522479983,0.012779716690617943,0.0655739832334086,0.16405824184380596,0.40716516563281335,0.3620476351146755,0.7340942204953861,0.18066105522479983,0.012779716690617943,0.0655739832334086,0.16405824184380596,0.40716516563281335,0.3620476351146755,PIT-AUS,0
2025,1,PIT,DAL,254.15984375000002,589.0,1121.6197916666667,9384.0,14408.0,88.0,89.0,1.0,2.090909090909091,0.011235955056179775,0.1348314606741573,2.2231333333333336,,,,,,,,,,,,,0.6513048306496391,,,,,,,PIT-DAL,0
2025,1,PIT,DFW,345.22332967032963,2025.0,1141.5615384615385,43882.0,58338.0,349.0,356.0,2.0,11.64655172413793,0.02247191011235955,0.15730337078651685,2.2231333333333336,,,,,,,0.2062396282774643,0.03747759707932293,0.10718704340430481,0.1903530643250198,0.3470410781655484,0.3542601059847202,0.7522026809283828,0.2062396282774643,0.03747759707932293,0.10718704340430481,0.1903530643250198,0.3470410781655484,0.3542601059847202,PIT-DFW,0
2025,1,PIT,HOU,249.17976833976834,661.0,1208.631274131274,5564.0,8251.0,53.0,53.0,1.0,21.132075471698112,0.0,0.3584905660377358,2.2231333333333336,,,,,,,,,,,,,0.6743425039389165,,,,,,,PIT-HOU,0
2025,1,PIT,IAH,331.86119900083264,1569.0,1205.3105745212324,20837.0,26082.0,236.0,242.0,2.0,5.033755274261603,0.02066115702479339,0.09917355371900827,2.2231333333333336,,,,,,,0.16850534248952576,0.02717108362049731,0.06321467851469073,0.21375131175937725,0.3868472966603237,0.33570759355923724,0.7989034583237482,0.16850534248952576,0.02717108362049731,0.06321467851469073,0.21375131175937725,0.3868472966603237,0.33570759355923724,PIT-IAH,0
2025,1,PIT,LAX,278.3628548770817,1412.0,2293.148295003965,1100.0,1233.0,9.0,0.0,0.0,0.0,0.0,0.0,2.2231333333333336,,,,,,,0.1662822530232157,0.008191243991291414,0.06384287985231527,0.17061212978089035,0.33008563663401874,0.43409495483748084,0.8921330089213301,0.1662822530232157,0.008191243991291414,0.06384287985231527,0.17061212978089035,0.33008563663401874,0.43409495483748084,PIT-LAX,1
2025,1,PIT,ONT,283.9338144329897,203.0,2186.226804123711,138.0,143.0,1.0,0.0,0.0,0.0,0.0,0.0,2.2231333333333336,,,,,,,,,,,,,0.965034965034965,,,,,,,PIT-ONT,1
2025,1,PIT,SAN,267.0515852205006,892.0,2241.1883194278903,127.0,178.0,1.0,0.0,0.0,0.0,0.0,0.0,2.2231333333333336,,,,,,,0.20884454631252528,0.010516381286234326,0.06662806664762747,0.26037408113045896,0.37705046300462025,0.2940969356018669,0.7134831460674157,0.20884454631252528,0.010516381286234326,0.06662806664762747,0.26037408113045896,0.37705046300462025,0.2940969356018669,PIT-SAN,0
2025,1,PIT,SAV,161.435225,558.0,689.645,3080.0,4705.0,28.0,27.0,1.0,19.25925925925926,0.0,0.18518518518518517,2.2231333333333336,,,,,,,,,,,,,0.6546227417640808,,,,,,,PIT-SAV,0
2025,1,PIT,SFO,353.3312221041445,1285.0,2342.9787460148777,10928.0,15589.0,97.0,99.0,1.0,14.717171717171718,0.020202020202020204,0.18181818181818182,2.2231333333333336,,,,,,,0.22080340516094707,0.00951789778605421,0.04750395680104273,0.43247928498277627,0.2687235825342147,0.25053346988176145,0.701007120405414,0.22080340516094707,0.00951789778605421,0.04750395680104273,0.43247928498277627,0.2687235825342147,0.25053346988176145,PIT-SFO,0
2025,1,PIT,SJC,289.01166666666666,199.0,2408.2395833333335,37.0,108.0,1.0,0.0,0.0,0.0,0.0,0.0,2.2231333333333336,,,,,,,,,,,,,0.3425925925925926,,,,,,,PIT-SJC,0
2025,1,PNS,ABI,270.17214285714283,14.0,762.0,72.0,76.0,1.0,0.0,0.0,0.0,0.0,0.0,2.2231333333333336,,,,,,,,,,,,,0.9473684210526315,,,,,,,PNS-ABI,1
2025,1,PNS,ABY,364.0,1.0,416.0,0.0,0.0,51.0,0.0,0.0,0.0,0.0,0.0,2.2231333333333336,,,,,,,,,,,,,,,,,,,,PNS-ABY,0
2025,1,PNS,ATL,245.17625730994152,580.0,275.67251461988303,77666.0,89688.0,569.0,591.0,2.0,4.801405975395431,0.03722504230118443,0.12013536379018612,2.2231333333333336,,,,,,,0.18040542999599665,0.022200385777195474,0.07972794287792138,0.19235893028329643,0.3715323460381475,0.35574939671415823,0.865957541700116,0.18040542999599665,0.022200385777195474,0.07972794287792138,0.19235893028329643,0.3715323460381475,0.35574939671415823,PNS-ATL,1
2025,1,PNS,DAL,211.51531835205992,371.0,638.0486891385768,13373.0,16118.0,106.0,110.0,1.0,12.358490566037736,0.03636363636363636,0.17272727272727273,2.2231333333333336,,,,,,,,,,,,,0.829693510361087,,,,,,,PNS-DAL,1
2025,1,PNS,DFW,277.89160000000004,830.0,630.12,31875.0,39556.0,358.0,380.0,3.0,24.303621169916436,0.05526315789473684,0.25263157894736843,2.2231333333333336,,,,,,,0.2062396282774643,0.03747759707932293,0.10718704340430481,0.1903530643250198,0.3470410781655484,0.3542601059847202,0.805819597532612,0.2062396282774643,0.03747759707932293,0.10718704340430481,0.1903530643250198,0.3470410781655484,0.3542601059847202,PNS-DFW,1
2025,1,PNS,HOU,177.24025773195876,253.0,570.9175257731958,6985.0,10082.0,62.0,63.0,1.0,4.451612903225806,0.015873015873015872,0.09523809523809523,2.2231333333333336,,,,,,,,,,,,,0.692818885141837,,,,,,,PNS-HOU,0
2025,1,PNS,IAH,218.15515370705245,673.0,514.4376130198915,23796.0,29882.0,396.0,407.0,4.0,20.24164524421594,0.044226044226044224,0.11302211302211303,2.2231333333333336,,,,,,,0.16850534248952576,0.02717108362049731,0.06321467851469073,0.21375131175937725,0.3868472966603237,0.33570759355923724,0.7963322401445686,0.16850534248952576,0.02717108362049731,0.06321467851469073,0.21375131175937725,0.3868472966603237,0.33570759355923724,PNS-IAH,0
2025,1,PRC,LAX,154.145,6.0,346.0,2443.0,4400.0,88.0,90.0,1.0,48.875,0.022222222222222223,0.3,2.2231333333333336,,,,,,,0.1662822530232157,0.008191243991291414,0.06384287985231527,0.17061212978089035,0.33008563663401874,0.43409495483748084,0.5552272727272727,0.1662822530232157,0.008191243991291414,0.06384287985231527,0.17061212978089035,0.33008563663401874,0.43409495483748084,PRC-LAX,0
2025,1,PSC,BUR,127.79481249999999,308.0,885.75,2652.0,3874.0,26.0,0.0,0.0,0.0,0.0,0.0,2.2231333333333336,,,,,,,,,,,,,0.6845637583892618,,,,,,,PSC-BUR,0
2025,1,PSC,LAX,204.04148514851485,451.0,949.5313531353136,5988.0,6840.0,90.0,90.0,1.0,22.57777777777778,0.0,0.17777777777777778,2.2231333333333336,,,,,,,0.1662822530232157,0.008191243991291414,0.06384287985231527,0.17061212978089035,0.33008563663401874,0.43409495483748084,0.875438596491228,0.1662822530232157,0.008191243991291414,0.06384287985231527,0.17061212978089035,0.33008563663401874,0.43409495483748084,PSC-LAX,1
2025,1,PSC,SFO,221.0178017241379,315.0,713.1896551724138,8789.0,13244.0,179.0,178.0,1.0,8.5,0.0,0.14606741573033707,2.2231333333333336,,,,,,,0.22080340516094707,0.00951789778605421,0.04750395680104273,0.43247928498277627,0.2687235825342147,0.25053346988176145,0.6636212624584718,0.22080340516094707,0.00951789778605421,0.04750395680104273,0.43247928498277627,0.2687235825342147,0.25053346988176145,PSC-SFO,0
2025,1,PSC,SJC,262.5422950819672,62.0,900.8032786885246,0.0,12.0,1.0,0.0,0.0,0.0,0.0,0.0,2.2231333333333336,,,,,,,,,,,,,0.0,,,,,,,PSC-SJC,0
2025,1,PSP,ACV,254.68074074074073,27.0,673.9629629629629,0.0,76.0,1.0,0.0,0.0,0.0,0.0,0.0,2.2231333333333336,,,,,,,,,,,,,0.0,,,,,,,PSP-ACV,0
2025,1,PSP,ATL,462.91649411764706,1256.0,1898.4423529411765,27000.0,32114.0,178.0,90.0,1.0,13.157303370786517,0.011111111111111112,0.2,2.2231333333333336,,,,,,,0.18040542999599665,0.022200385777195474,0.07972794287792138,0.19235893028329643,0.3715323460381475,0.35574939671415823,0.8407548109858629,0.18040542999599665,0.022200385777195474,0.07972794287792138,0.19235893028329643,0.3715323460381475,0.35574939671415823,PSP-ATL,1
2025,1,PSP,AUS,289.6214069264069,1046.0,1342.5995670995671,396.0,752.0,4.0,0.0,0.0,0.0,0.0,0.0,2.2231333333333336,,,,,,,0.18066105522479983,0.012779716690617943,0.0655739832334086,0.16405824184380596,0.40716516563281335,0.3620476351146755,0.526595744680851,0.18066105522479983,0.012779716690617943,0.0655739832334086,0.16405824184380596,0.40716516563281335,0.3620476351146755,PSP-AUS,0
2025,1,PSP,BLI,125.92132867132867,632.0,1078.1958041958042,6389.0,8424.0,54.0,55.0,1.0,10.6,0.0,0.16363636363636364,2.2231333333333336,,,,,,,,,,,,,0.7584283000949668,,,,,,,PSP-BLI,0
2025,1,PSP,BOI,223.84754176610977,465.0,974.7064439140811,734.0,1140.0,15.0,14.0,1.0,7.142857142857143,0.0,0.07142857142857142,2.2231333333333336,,,,,,,,,,,,,0.643859649122807,,,,,,,PSP-BOI,0
2025,1,PSP,CLT,360.94336244541483,251.0,2082.8165938864627,57.0,186.0,1.0,0.0,0.0,0.0,0.0,0.0,2.2231333333333336,,,,,,,,,,,,,0.3064516129032258,,,,,,,PSP-CLT,0
2025,1,PSP,COS,228.15349999999998,85.0,861.8625,0.0,65.0,1.0,0.0,0.0,0.0,0.0,0.0,2.2231333333333336,,,,,,,,,,,,,0.0,,,,,,,PSP-COS,0
2025,1,PSP,DAL,221.36801470588236,316.0,1285.0735294117646,1826.0,2376.0,18.0,7.0,1.0,9.0,0.0,0.42857142857142855,2.2231333333333336,,,,,,,,,,,,,0.7685185185185185,,,,,,,PSP-DAL,0
2025,1,PSP,DEN,249.84933026920552,2620.0,788.0531845042678,67806.0,86424.0,635.0,631.0,4.0,5.665610142630745,0.0,0.1838351822503962,2.2231333333333336,,,,,,,,,,,,,0.7845737295195779,,,,,,,PSP-DEN,0
2025,1,PSP,DFW,385.8156472081218,2994.0,1149.2005076142132,97608.0,116868.0,626.0,319.0,1.0,11.782747603833865,0.018808777429467086,0.16927899686520376,2.2231333333333336,,,,,,,0.2062396282774643,0.03747759707932293,0.10718704340430481,0.1903530643250198,0.3470410781655484,0.3542601059847202,0.8351986856966834,0.2062396282774643,0.03747759707932293,0.10718704340430481,0.1903530643250198,0.3470410781655484,0.3542601059847202,PSP-DFW,1
2025,1,PSP,EWR,426.35144254278725,442.0,2477.684596577017,108.0,372.0,2.0,0.0,0.0,0.0,0.0,0.0,2.2231333333333336,,,,,,,,,,,,,0.2903225806451613,,,,,,,PSP-EWR,0
2025,1,PSP,FSD,310.7790217391304,96.0,1422.8260869565217,152.0,157.0,1.0,0.0,0.0,0.0,0.0,0.0,2.2231333333333336,,,,,,,,,,,,,0.9681528662420382,,,,,,,PSP-FSD,1
2025,1,PSP,IAD,411.6487872340425,729.0,2212.068085106383,9154.0,14826.0,89.0,90.0,1.0,-2.842696629213483,0.011111111111111112,0.03333333333333333,2.2231333333333336,,,,,,,,,,,,,0.6174288412248752,,,,,,,PSP-IAD,0
2025,1,PSP,IAH,354.2146666666667,1190.0,1341.2458333333334,20796.0,27184.0,216.0,106.0,3.0,5.716981132075472,0.0,0.14150943396226415,2.2231333333333336,,,,,,,0.16850534248952576,0.02717108362049731,0.06321467851469073,0.21375131175937725,0.3868472966603237,0.33570759355923724,0.7650088287227781,0.16850534248952576,0.02717108362049731,0.06321467851469073,0.21375131175937725,0.3868472966603237,0.33570759355923724,PSP-IAH,0
2025,1,PSP,ICT,289.24620253164557,82.0,1242.0253164556962,0.0,76.0,1.0,0.0,0.0,0.0,0.0,0.0,2.2231333333333336,,,,,,,,,,,,,0.0,,,,,,,PSP-ICT,0
2025,1,PSP,IND,330.1720068027211,318.0,1840.4285714285713,331.0,372.0,2.0,0.0,0.0,0.0,0.0,0.0,2.2231333333333336,,,,,,,,,,,,,0.8897849462365591,,,,,,,PSP-IND,1
2025,1,PSP,JFK,465.62706611570246,1221.0,2422.745179063361,10810.0,14333.0,84.0,85.0,2.0,12.870588235294118,0.011764705882352941,0.2823529411764706,2.2231333333333336,,,,,,,,,,,,,0.75420358612991,,,,,,,PSP-JFK,0
2025,1,PSP,LAS,205.808338762215,550.0,173.56351791530943,26825.0,32835.0,206.0,202.0,1.0,11.054726368159203,0.0049504950495049506,0.2079207920792079,2.2231333333333336,,,,,,,,,,,,,0.8169636059083295,,,,,,,PSP-LAS,1
2025,1,PSP,LAX,227.57142857142858,60.0,110.0,4384.0,6983.0,97.0,90.0,1.0,3.8876404494382024,0.011111111111111112,0.06666666666666667,2.2231333333333336,,,,,,,0.1662822530232157,0.008191243991291414,0.06384287985231527,0.17061212978089035,0.33008563663401874,0.43409495483748084,0.6278103966776457,0.1662822530232157,0.008191243991291414,0.06384287985231527,0.17061212978089035,0.33008563663401874,0.43409495483748084,PSP-LAX,0
2025,1,PSP,MDW,257.21481343283585,386.0,1686.9776119402984,4630.0,5691.0,38.0,38.0,1.0,19.94736842105263,0.0,0.3684210526315789,2.2231333333333336,,,,,,,,,,,,,0.813565278509928,,,,,,,PSP-MDW,1
2025,1,PSP,MSP,374.7325858369099,3042.0,1477.7478540772531,35514.0,44130.0,246.0,163.0,1.0,3.9079754601226995,0.0,0.13496932515337423,2.2231333333333336,,,,,,,,,,,,,0.8047586675730796,,,,,,,PSP-MSP,1
2025,1,PSP,OAK,216.72499162479062,1272.0,421.3785594639866,17428.0,28753.0,175.0,174.0,1.0,4.364161849710983,0.005747126436781609,0.16666666666666666,2.2231333333333336,,,,,,,,,,,,,0.6061280562028311,,,,,,,PSP-OAK,0
2025,1,PSP,ORD,419.03769498607244,2409.0,1674.2889972144847,31691.0,37368.0,228.0,227.0,2.0,23.58590308370044,0.0,0.1762114537444934,2.2231333333333336,,,,,,,,,,,,,0.8480785698993791,,,,,,,PSP-ORD,1
2025,1,PSP,PAE,290.4115511551155,530.0,1028.5412541254125,4474.0,5700.0,75.0,80.0,1.0,22.70886075949367,0.0125,0.3125,2.2231333333333336,,,,,,,,,,,,,0.7849122807017543,,,,,,,PSP-PAE,0
2025,1,PSP,PDX,266.5529225589226,3265.0,909.5070707070707,30296.0,37541.0,271.0,270.0,3.0,1.2156133828996283,0.003703703703703704,0.12962962962962962,2.2231333333333336,,,,,,,,,,,,,0.8070110013052396,,,,,,,PSP-PDX,1
2025,1,PSP,PHX,279.89147909967846,408.0,269.05466237942125,36067.0,44641.0,430.0,427.0,3.0,5.858823529411764,0.00468384074941452,0.1451990632318501,2.2231333333333336,,,,,,,,,,,,,0.8079344100714589,,,,,,,PSP-PHX,1
2025,1,PSP,PSC,310.8289361702127,98.0,1152.9148936170213,70.0,156.0,1.0,0.0,0.0,0.0,0.0,0.0,2.2231333333333336,,,,,,,,,,,,,0.44871794871794873,,,,,,,PSP-PSC,0
2025,1,PSP,RDM,169.8097202797203,438.0,872.1783216783217,3429.0,5215.0,35.0,0.0,0.0,0.0,0.0,0.0,2.2231333333333336,,,,,,,,,,,,,0.6575263662511984,,,,,,,PSP-RDM,0
2025,1,PSP,RNO,220.7863346613546,291.0,604.410358565737,194.0,558.0,3.0,0.0,0.0,0.0,0.0,0.0,2.2231333333333336,,,,,,,,,,,,,0.34767025089605735,,,,,,,PSP-RNO,0
2025,1,PSP,SEA,279.569596733027,5743.0,996.8095967330271,66394.0,86285.0,550.0,550.0,4.0,2.7864963503649633,0.0036363636363636364,0.11818181818181818,2.2231333333333336,,,,,,,,,,,,,0.7694732572289505,,,,,,,PSP-SEA,0
2025,1,PSP,SFO,199.36585681293303,4267.0,423.1316397228637,53422.0,69334.0,688.0,693.0,3.0,16.777292576419214,0.008658008658008658,0.25396825396825395,2.2231333333333336,,,,,,,0.22080340516094707,0.00951789778605421,0.04750395680104273,0.43247928498277627,0.2687235825342147,0.25053346988176145,0.7705022067095508,0.22080340516094707,0.00951789778605421,0.04750395680104273,0.43247928498277627,0.2687235825342147,0.25053346988176145,PSP-SFO,0
2025,1,PSP,SJC,190.68982412060302,704.0,396.42964824120605,8441.0,14837.0,95.0,87.0,1.0,8.597701149425287,0.0,0.25287356321839083,2.2231333333333336,,,,,,,,,,,,,0.5689155489654243,,,,,,,PSP-SJC,0
2025,1,PSP,SLC,321.71739463601534,837.0,582.3467432950191,19532.0,23565.0,272.0,269.0,2.0,2.6902985074626864,0.0037174721189591076,0.10408921933085502,2.2231333333333336,,,,,,,,,,,,,0.8288563547634203,,,,,,,PSP-SLC,1
2025,1,PSP,SMF,209.77459909228443,1264.0,466.71860816944024,14618.0,22500.0,137.0,138.0,1.0,9.644927536231885,0.0,0.21014492753623187,2.2231333333333336,,,,,,,,,,,,,0.6496888888888889,,,,,,,PSP-SMF,0
2025,1,PSP,STL,293.5571104815864,412.0,1630.8243626062324,121.0,224.0,2.0,0.0,0.0,0.0,0.0,0.0,2.2231333333333336,,,,,,,,,,,,,0.5401785714285714,,,,,,,PSP-STL,0
2025,1,PSP,STS,94.478125,355.0,478.0,3359.0,5215.0,35.0,0.0,0.0,0.0,0.0,0.0,2.2231333333333336,,,,,,,,,,,,,0.6441035474592521,,,,,,,PSP-STS,0
2025,1,PSP,TUL,295.9857142857143,155.0,1336.8979591836735,173.0,190.0,1.0,0.0,0.0,0.0,0.0,0.0,2.2231333333333336,,,,,,,,,,,,,0.9105263157894737,,,,,,,PSP-TUL,1
2025,1,PVD,ATL,303.5127722772277,833.0,918.0415841584158,29405.0,38265.0,240.0,246.0,1.0,10.458333333333334,0.028455284552845527,0.23577235772357724,2.2231333333333336,,,,,,,0.18040542999599665,0.022200385777195474,0.07972794287792138,0.19235893028329643,0.3715323460381475,0.35574939671415823,0.7684568143211812,0.18040542999599665,0.022200385777195474,0.07972794287792138,0.19235893028329643,0.3715323460381475,0.35574939671415823,PVD-ATL,0
2025,1,PVD,SAV,164.04778195488723,406.0,905.609022556391,2388.0,3425.0,25.0,0.0,0.0,0.0,0.0,0.0,2.2231333333333336,,,,,,,,,,,,,0.6972262773722627,,,,,,,PVD-SAV,0
2025,1,PVU,ACT,5.5,1.0,1047.0,51.0,186.0,1.0,0.0,0.0,0.0,0.0,0.0,2.2231333333333336,,,,,,,,,,,,,0.27419354838709675,,,,,,,PVU-ACT,0
2025,1,PVU,AUS,89.0671551724138,405.0,1054.7543103448277,4515.0,4912.0,28.0,27.0,1.0,21.74074074074074,0.0,0.25925925925925924,2.2231333333333336,,,,,,,0.18066105522479983,0.012779716690617943,0.0655739832334086,0.16405824184380596,0.40716516563281335,0.3620476351146755,0.9191775244299675,0.18066105522479983,0.012779716690617943,0.0655739832334086,0.16405824184380596,0.40716516563281335,0.3620476351146755,PVU-AUS,1
2025,1,PVU,DFW,150.94483253588518,750.0,962.8157894736842,16282.0,20527.0,287.0,270.0,1.0,22.9272030651341,0.03333333333333333,0.2111111111111111,2.2231333333333336,,,,,,,0.2062396282774643,0.03747759707932293,0.10718704340430481,0.1903530643250198,0.3470410781655484,0.3542601059847202,0.7931992010522726,0.2062396282774643,0.03747759707932293,0.10718704340430481,0.1903530643250198,0.3470410781655484,0.3542601059847202,PVU-DFW,0
2025,1,PVU,HOU,97.7895752895753,476.0,1181.8339768339767,5092.0,5625.0,31.0,30.0,1.0,26.633333333333333,0.0,0.16666666666666666,2.2231333333333336,,,,,,,,,,,,,0.9052444444444444,,,,,,,PVU-HOU,1
2025,1,PVU,LAX,157.825,8.0,838.0,91.0,137.0,1.0,0.0,0.0,0.0,0.0,0.0,2.2231333333333336,,,,,,,0.1662822530232157,0.008191243991291414,0.06384287985231527,0.17061212978089035,0.33008563663401874,0.43409495483748084,0.6642335766423357,0.1662822530232157,0.008191243991291414,0.06384287985231527,0.17061212978089035,0.33008563663401874,0.43409495483748084,PVU-LAX,0
2025,1,PVU,LBB,228.54571428571427,7.0,1240.0,71.0,108.0,1.0,0.0,0.0,0.0,0.0,0.0,2.2231333333333336,,,,,,,,,,,,,0.6574074074074074,,,,,,,PVU-LBB,0
2025,1,PVU,SAN,63.473821989528794,426.0,606.2460732984293,4017.0,4770.0,26.0,26.0,1.0,5.115384615384615,0.0,0.23076923076923078,2.2231333333333336,,,,,,,0.20884454631252528,0.010516381286234326,0.06662806664762747,0.26037408113045896,0.37705046300462025,0.2940969356018669,0.8421383647798742,0.20884454631252528,0.010516381286234326,0.06662806664762747,0.26037408113045896,0.37705046300462025,0.2940969356018669,PVU-SAN,1
2025,1,PVU,SAT,289.2713333333333,15.0,1234.3333333333333,0.0,50.0,1.0,0.0,0.0,0.0,0.0,0.0,2.2231333333333336,,,,,,,,,,,,,0.0,,,,,,,PVU-SAT,0
2025,1,PVU,SBD,73.38495575221239,173.0,520.0,1875.0,2192.0,16.0,0.0,0.0,0.0,0.0,0.0,2.2231333333333336,,,,,,,,,,,,,0.8553832116788321,,,,,,,PVU-SBD,1
2025,1,PVU,SFO,76.79842931937172,343.0,606.4240837696335,3637.0,4110.0,30.0,0.0,0.0,0.0,0.0,0.0,2.2231333333333336,,,,,,,0.22080340516094707,0.00951789778605421,0.04750395680104273,0.43247928498277627,0.2687235825342147,0.25053346988176145,0.8849148418491484,0.22080340516094707,0.00951789778605421,0.04750395680104273,0.43247928498277627,0.2687235825342147,0.25053346988176145,PVU-SFO,1
2025,1,PVU,SNA,108.33464953271029,3578.0,565.5630841121496,36162.0,39942.0,262.0,0.0,0.0,0.0,0.0,0.0,2.2231333333333336,,,,,,,,,,,,,0.9053627760252366,,,,,,,PVU-SNA,1
2025,1,PWM,ATL,335.0164739884393,387.0,1059.757225433526,13760.0,16064.0,89.0,90.0,1.0,2.348314606741573,0.011111111111111112,0.1111111111111111,2.2231333333333336,,,,,,,0.18040542999599665,0.022200385777195474,0.07972794287792138,0.19235893028329643,0.3715323460381475,0.35574939671415823,0.8565737051792829,0.18040542999599665,0.022200385777195474,0.07972794287792138,0.19235893028329643,0.3715323460381475,0.35574939671415823,PWM-ATL,1
2025,1,RAP,ABI,416.005,12.0,993.0,44.0,76.0,1.0,0.0,0.0,0.0,0.0,0.0,2.2231333333333336,,,,,,,,,,,,,0.5789473684210527,,,,,,,RAP-ABI,0
2025,1,RAP,DFW,302.59201086956523,233.0,874.0217391304348,11740.0,13406.0,179.0,186.0,1.0,6.472222222222222,0.03225806451612903,0.10752688172043011,2.2231333333333336,,,,,,,0.2062396282774643,0.03747759707932293,0.10718704340430481,0.1903530643250198,0.3470410781655484,0.3542601059847202,0.8757272862897211,0.2062396282774643,0.03747759707932293,0.10718704340430481,0.1903530643250198,0.3470410781655484,0.3542601059847202,RAP-DFW,1
2025,1,RAP,LAX,275.3443103448276,61.0,1263.8620689655172,114.0,156.0,1.0,1.0,1.0,188.0,0.0,1.0,2.2231333333333336,,,,,,,0.1662822530232157,0.008191243991291414,0.06384287985231527,0.17061212978089035,0.33008563663401874,0.43409495483748084,0.7307692307692307,0.1662822530232157,0.008191243991291414,0.06384287985231527,0.17061212978089035,0.33008563663401874,0.43409495483748084,RAP-LAX,0
2025,1,RDD,FAT,107.15,2.0,357.0,0.0,50.0,1.0,0.0,0.0,0.0,0.0,0.0,2.2231333333333336,,,,,,,,,,,,,0.0,,,,,,,RDD-FAT,0
2025,1,RDD,LAX,207.56039325842696,275.0,506.9831460674157,4105.0,6468.0,90.0,90.0,1.0,-1.0888888888888888,0.0,0.1,2.2231333333333336,,,,,,,0.1662822530232157,0.008191243991291414,0.06384287985231527,0.17061212978089035,0.33008563663401874,0.43409495483748084,0.6346629560915276,0.1662822530232157,0.008191243991291414,0.06384287985231527,0.17061212978089035,0.33008563663401874,0.43409495483748084,RDD-LAX,0
2025,1,RDD,SEA,149.10792452830188,143.0,524.1698113207547,2296.0,3040.0,40.0,0.0,0.0,0.0,0.0,0.0,2.2231333333333336,,,,,,,,,,,,,0.7552631578947369,,,,,,,RDD-SEA,0
2025,1,RDD,SFO,195.92732394366197,89.0,199.0,10902.0,13598.0,248.0,251.0,1.0,17.585365853658537,0.0199203187250996,0.1593625498007968,2.2231333333333336,,,,,,,0.22080340516094707,0.00951789778605421,0.04750395680104273,0.43247928498277627,0.2687235825342147,0.25053346988176145,0.801735549345492,0.22080340516094707,0.00951789778605421,0.04750395680104273,0.43247928498277627,0.2687235825342147,0.25053346988176145,RDD-SFO,1
2025,1,RDD,SMF,0.0,1.0,131.0,0.0,0.0,185.0,0.0,0.0,0.0,0.0,0.0,2.2231333333333336,,,,,,,,,,,,,,,,,,,,RDD-SMF,0
2025,1,RDM,BUR,134.5851515151515,394.0,755.7316017316017,3627.0,4321.0,29.0,0.0,0.0,0.0,0.0,0.0,2.2231333333333336,,,,,,,,,,,,,0.8393890303170563,,,,,,,RDM-BUR,1
2025,1,RDM,FAT,272.1172413793103,29.0,876.2413793103449,0.0,76.0,1.0,0.0,0.0,0.0,0.0,0.0,2.2231333333333336,,,,,,,,,,,,,0.0,,,,,,,RDM-FAT,0
2025,1,RDM,LAX,208.91156976744185,798.0,782.6531007751938,11041.0,13566.0,180.0,181.0,2.0,3.533333333333333,0.0055248618784530384,0.0718232044198895,2.2231333333333336,,,,,,,0.1662822530232157,0.008191243991291414,0.06384287985231527,0.17061212978089035,0.33008563663401874,0.43409495483748084,0.8138729175880879,0.1662822530232157,0.008191243991291414,0.06384287985231527,0.17061212978089035,0.33008563663401874,0.43409495483748084,RDM-LAX,1
2025,1,RDM,ONT,260.26000000000005,65.0,1028.5076923076922,99.0,225.0,2.0,0.0,0.0,0.0,0.0,0.0,2.2231333333333336,,,,,,,,,,,,,0.44,,,,,,,RDM-ONT,0
2025,1,RDM,PSP,181.10293706293706,462.0,849.9020979020979,3579.0,5215.0,35.0,0.0,0.0,0.0,0.0,0.0,2.2231333333333336,,,,,,,,,,,,,0.6862895493767976,,,,,,,RDM-PSP,0
2025,1,RDM,SAN,216.4267032967033,632.0,916.7054945054945,5469.0,6384.0,84.0,90.0,2.0,9.127906976744185,0.044444444444444446,0.2111111111111111,2.2231333333333336,,,,,,,0.20884454631252528,0.010516381286234326,0.06662806664762747,0.26037408113045896,0.37705046300462025,0.2940969356018669,0.8566729323308271,0.20884454631252528,0.010516381286234326,0.06662806664762747,0.26037408113045896,0.37705046300462025,0.2940969356018669,RDM-SAN,1
2025,1,RDM,SFO,204.86726105563483,1063.0,473.527817403709,21607.0,27824.0,299.0,305.0,3.0,14.614093959731544,0.022950819672131147,0.24918032786885247,2.2231333333333336,,,,,,,0.22080340516094707,0.00951789778605421,0.04750395680104273,0.43247928498277627,0.2687235825342147,0.25053346988176145,0.7765598044853363,0.22080340516094707,0.00951789778605421,0.04750395680104273,0.43247928498277627,0.2687235825342147,0.25053346988176145,RDM-SFO,0
2025,1,RDM,SMF,258.630843373494,88.0,746.3253012048193,0.0,146.0,2.0,0.0,0.0,0.0,0.0,0.0,2.2231333333333336,,,,,,,,,,,,,0.0,,,,,,,RDM-SMF,0
2025,1,RDM,STS,152.698,24.0,629.65,156.0,298.0,2.0,0.0,0.0,0.0,0.0,0.0,2.2231333333333336,,,,,,,,,,,,,0.5234899328859061,,,,,,,RDM-STS,0
2025,1,RDU,ACT,309.714,23.0,1150.25,120.0,177.0,1.0,0.0,0.0,0.0,0.0,0.0,2.2231333333333336,,,,,,,,,,,,,0.6779661016949152,,,,,,,RDU-ACT,0
2025,1,RDU,ATL,218.44941443715294,4579.0,361.8081776880363,146099.0,186638.0,1043.0,1056.0,3.0,9.497109826589595,0.017992424242424244,0.14962121212121213,2.2231333333333336,,,,,,,0.18040542999599665,0.022200385777195474,0.07972794287792138,0.19235893028329643,0.3715323460381475,0.35574939671415823,0.7827934289908808,0.18040542999599665,0.022200385777195474,0.07972794287792138,0.19235893028329643,0.3715323460381475,0.35574939671415823,RDU-ATL,0
2025,1,RDU,AUS,278.7552529761905,2085.0,1206.392857142857,21491.0,30238.0,278.0,280.0,2.0,6.617328519855596,0.010714285714285714,0.1357142857142857,2.2231333333333336,,,,,,,0.18066105522479983,0.012779716690617943,0.0655739832334086,0.16405824184380596,0.40716516563281335,0.3620476351146755,0.710728222766056,0.18066105522479983,0.012779716690617943,0.0655739832334086,0.16405824184380596,0.40716516563281335,0.3620476351146755,RDU-AUS,0
2025,1,RDU,BRO,243.3426923076923,27.0,1454.1153846153845,0.0,68.0,1.0,0.0,0.0,0.0,0.0,0.0,2.2231333333333336,,,,,,,,,,,,,0.0,,,,,,,RDU-BRO,0
2025,1,RDU,DAL,226.56330188679246,882.0,1092.4150943396226,13030.0,16686.0,100.0,95.0,1.0,8.457446808510639,0.010526315789473684,0.23157894736842105,2.2231333333333336,,,,,,,,,,,,,0.7808941627711854,,,,,,,RDU-DAL,0
2025,1,RDU,DFW,293.92006525285484,3455.0,1105.1294181620447,70359.0,85435.0,478.0,501.0,3.0,14.44142259414226,0.04590818363273453,0.16766467065868262,2.2231333333333336,,,,,,,0.2062396282774643,0.03747759707932293,0.10718704340430481,0.1903530643250198,0.3470410781655484,0.3542601059847202,0.8235383624978053,0.2062396282774643,0.03747759707932293,0.10718704340430481,0.1903530643250198,0.3470410781655484,0.3542601059847202,RDU-DFW,1
2025,1,RDU,HOU,248.9761554192229,748.0,1096.9713701431492,8559.0,13428.0,84.0,86.0,1.0,8.91566265060241,0.03488372093023256,0.11627906976744186,2.2231333333333336,,,,,,,,,,,,,0.6373994638069705,,,,,,,RDU-HOU,0
2025,1,RDU,HRL,199.81666666666666,52.0,1475.235294117647,0.0,483.0,3.0,0.0,0.0,0.0,0.0,0.0,2.2231333333333336,,,,,,,,,,,,,0.0,,,,,,,RDU-HRL,0
2025,1,RDU,IAH,306.94717884130984,1760.0,1099.9370277078085,27586.0,36438.0,264.0,271.0,3.0,9.056603773584905,0.02214022140221402,0.09225092250922509,2.2231333333333336,,,,,,,0.16850534248952576,0.02717108362049731,0.06321467851469073,0.21375131175937725,0.3868472966603237,0.33570759355923724,0.7570667983972775,0.16850534248952576,0.02717108362049731,0.06321467851469073,0.21375131175937725,0.3868472966603237,0.33570759355923724,RDU-IAH,0
2025,1,RDU,LAX,318.8978938730853,2786.0,2319.434901531729,19826.0,26513.0,151.0,150.0,2.0,9.483221476510067,0.006666666666666667,0.14,2.2231333333333336,,,,,,,0.1662822530232157,0.008191243991291414,0.06384287985231527,0.17061212978089035,0.33008563663401874,0.43409495483748084,0.7477841059103082,0.1662822530232157,0.008191243991291414,0.06384287985231527,0.17061212978089035,0.33008563663401874,0.43409495483748084,RDU-LAX,0
2025,1,RDU,OAK,237.00164772727274,188.0,2511.0795454545455,139.0,406.0,3.0,0.0,0.0,0.0,0.0,0.0,2.2231333333333336,,,,,,,,,,,,,0.34236453201970446,,,,,,,RDU-OAK,0
2025,1,RDU,ONT,286.44650568181817,385.0,2277.3835227272725,131.0,172.0,1.0,0.0,0.0,0.0,0.0,0.0,2.2231333333333336,,,,,,,,,,,,,0.7616279069767442,,,,,,,RDU-ONT,0
2025,1,RDU,SAN,307.8874939759036,1416.0,2318.5718875502007,244.0,274.0,2.0,0.0,0.0,0.0,0.0,0.0,2.2231333333333336,,,,,,,0.20884454631252528,0.010516381286234326,0.06662806664762747,0.26037408113045896,0.37705046300462025,0.2940969356018669,0.8905109489051095,0.20884454631252528,0.010516381286234326,0.06662806664762747,0.26037408113045896,0.37705046300462025,0.2940969356018669,RDU-SAN,1
2025,1,RDU,SAV,251.00439024390244,85.0,451.4634146341463,0.0,186.0,1.0,0.0,0.0,0.0,0.0,0.0,2.2231333333333336,,,,,,,,,,,,,0.0,,,,,,,RDU-SAV,0
2025,1,RDU,SFO,380.8050517836594,2490.0,2464.559838895282,21782.0,27568.0,165.0,165.0,1.0,11.218181818181819,0.0,0.21818181818181817,2.2231333333333336,,,,,,,0.22080340516094707,0.00951789778605421,0.04750395680104273,0.43247928498277627,0.2687235825342147,0.25053346988176145,0.790118978525827,0.22080340516094707,0.00951789778605421,0.04750395680104273,0.43247928498277627,0.2687235825342147,0.25053346988176145,RDU-SFO,0
2025,1,RDU,SJC,309.6819325153374,333.0,2523.2791411042945,0.0,149.0,1.0,0.0,0.0,0.0,0.0,0.0,2.2231333333333336,,,,,,,,,,,,,0.0,,,,,,,RDU-SJC,0
2025,1,RIC,ATL,244.52338409475468,2412.0,496.71065989847716,98788.0,119309.0,663.0,675.0,2.0,7.220543806646526,0.01925925925925926,0.1511111111111111,2.2231333333333336,,,,,,,0.18040542999599665,0.022200385777195474,0.07972794287792138,0.19235893028329643,0.3715323460381475,0.35574939671415823,0.82800124047641,0.18040542999599665,0.022200385777195474,0.07972794287792138,0.19235893028329643,0.3715323460381475,0.35574939671415823,RIC-ATL,1
2025,1,RIC,AUS,315.5970841889117,517.0,1353.7289527720739,51.0,108.0,1.0,0.0,0.0,0.0,0.0,0.0,2.2231333333333336,,,,,,,0.18066105522479983,0.012779716690617943,0.0655739832334086,0.16405824184380596,0.40716516563281335,0.3620476351146755,0.4722222222222222,0.18066105522479983,0.012779716690617943,0.0655739832334086,0.16405824184380596,0.40716516563281335,0.3620476351146755,RIC-AUS,0
2025,1,RIC,DFW,325.0774629812438,1709.0,1212.7778874629812,32859.0,37676.0,224.0,232.0,1.0,11.571428571428571,0.034482758620689655,0.2025862068965517,2.2231333333333336,,,,,,,0.2062396282774643,0.03747759707932293,0.10718704340430481,0.1903530643250198,0.3470410781655484,0.3542601059847202,0.8721467247053828,0.2062396282774643,0.03747759707932293,0.10718704340430481,0.1903530643250198,0.3470410781655484,0.3542601059847202,RIC-DFW,1
2025,1,RIC,IAH,286.6768831168831,752.0,1248.0698051948052,5968.0,6788.0,86.0,90.0,2.0,6.558139534883721,0.044444444444444446,0.1,2.2231333333333336,,,,,,,0.16850534248952576,0.02717108362049731,0.06321467851469073,0.21375131175937725,0.3868472966603237,0.33570759355923724,0.8791985857395404,0.16850534248952576,0.02717108362049731,0.06321467851469073,0.21375131175937725,0.3868472966603237,0.33570759355923724,RIC-IAH,1
2025,1,RIC,LAX,326.74226415094336,718.0,2444.385220125786,1020.0,1096.0,8.0,0.0,0.0,0.0,0.0,0.0,2.2231333333333336,,,,,,,0.1662822530232157,0.008191243991291414,0.06384287985231527,0.17061212978089035,0.33008563663401874,0.43409495483748084,0.9306569343065694,0.1662822530232157,0.008191243991291414,0.06384287985231527,0.17061212978089035,0.33008563663401874,0.43409495483748084,RIC-LAX,1
2025,1,RIC,SFO,317.8291247672253,573.0,2595.366852886406,261.0,274.0,2.0,0.0,0.0,0.0,0.0,0.0,2.2231333333333336,,,,,,,0.22080340516094707,0.00951789778605421,0.04750395680104273,0.43247928498277627,0.2687235825342147,0.25053346988176145,0.9525547445255474,0.22080340516094707,0.00951789778605421,0.04750395680104273,0.43247928498277627,0.2687235825342147,0.25053346988176145,RIC-SFO,1
2025,1,RNO,ABI,398.9125,8.0,1503.0,168.0,186.0,1.0,0.0,0.0,0.0,0.0,0.0,2.2231333333333336,,,,,,,,,,,,,0.9032258064516129,,,,,,,RNO-ABI,1
2025,1,RNO,ATL,358.3437122557727,745.0,2073.2699822380105,11476.0,13723.0,76.0,77.0,1.0,28.473684210526315,0.012987012987012988,0.44155844155844154,2.2231333333333336,,,,,,,0.18040542999599665,0.022200385777195474,0.07972794287792138,0.19235893028329643,0.3715323460381475,0.35574939671415823,0.8362602929388617,0.18040542999599665,0.022200385777195474,0.07972794287792138,0.19235893028329643,0.3715323460381475,0.35574939671415823,RNO-ATL,1
2025,1,RNO,AUS,256.0649727520436,828.0,1513.1607629427792,1750.0,1934.0,13.0,12.0,1.0,-2.9166666666666665,0.0,0.0,2.2231333333333336,,,,,,,0.18066105522479983,0.012779716690617943,0.0655739832334086,0.16405824184380596,0.40716516563281335,0.3620476351146755,0.9048603929679421,0.18066105522479983,0.012779716690617943,0.0655739832334086,0.16405824184380596,0.40716516563281335,0.3620476351146755,RNO-AUS,1
2025,1,RNO,BUR,159.01281659388644,796.0,412.2008733624454,9843.0,15159.0,155.0,95.0,1.0,13.838709677419354,0.021052631578947368,0.16842105263157894,2.2231333333333336,,,,,,,,,,,,,0.6493172372847813,,,,,,,RNO-BUR,0
2025,1,RNO,CRP,326.7997222222223,37.0,1708.5833333333333,138.0,372.0,2.0,0.0,0.0,0.0,0.0,0.0,2.2231333333333336,,,,,,,,,,,,,0.3709677419354839,,,,,,,RNO-CRP,0
2025,1,RNO,DAL,252.4827715355805,317.0,1456.6554307116105,952.0,1033.0,7.0,7.0,1.0,4.857142857142857,0.0,0.14285714285714285,2.2231333333333336,,,,,,,,,,,,,0.9215876089060987,,,,,,,RNO-DAL,1
2025,1,RNO,DFW,384.473037593985,1224.0,1375.5609022556391,41004.0,47830.0,278.0,287.0,1.0,28.87142857142857,0.027874564459930314,0.1672473867595819,2.2231333333333336,,,,,,,0.2062396282774643,0.03747759707932293,0.10718704340430481,0.1903530643250198,0.3470410781655484,0.3542601059847202,0.8572862220363788,0.2062396282774643,0.03747759707932293,0.10718704340430481,0.1903530643250198,0.3470410781655484,0.3542601059847202,RNO-DFW,1
2025,1,RNO,FAT,278.35,15.0,350.0,0.0,76.0,48.0,0.0,0.0,0.0,0.0,0.0,2.2231333333333336,,,,,,,,,,,,,0.0,,,,,,,RNO-FAT,0
2025,1,RNO,GGG,429.0,4.0,1485.0,97.0,186.0,1.0,0.0,0.0,0.0,0.0,0.0,2.2231333333333336,,,,,,,,,,,,,0.521505376344086,,,,,,,RNO-GGG,0
2025,1,RNO,GRK,287.6666666666667,3.0,1479.0,163.0,186.0,1.0,0.0,0.0,0.0,0.0,0.0,2.2231333333333336,,,,,,,,,,,,,0.8763440860215054,,,,,,,RNO-GRK,1
2025,1,RNO,IAH,291.91400447427293,484.0,1701.606263982103,1125.0,1282.0,13.0,13.0,2.0,2.769230769230769,0.0,0.07692307692307693,2.2231333333333336,,,,,,,0.16850534248952576,0.02717108362049731,0.06321467851469073,0.21375131175937725,0.3868472966603237,0.33570759355923724,0.8775351014040562,0.16850534248952576,0.02717108362049731,0.06321467851469073,0.21375131175937725,0.3868472966603237,0.33570759355923724,RNO-IAH,1
2025,1,RNO,LAX,151.01480701754386,3848.0,409.3453634085213,56427.0,71436.0,794.0,813.0,5.0,7.0695322376738305,0.02706027060270603,0.13530135301353013,2.2231333333333336,,,,,,,0.1662822530232157,0.008191243991291414,0.06384287985231527,0.17061212978089035,0.33008563663401874,0.43409495483748084,0.7898958508315135,0.1662822530232157,0.008191243991291414,0.06384287985231527,0.17061212978089035,0.33008563663401874,0.43409495483748084,RNO-LAX,0
2025,1,RNO,LBB,232.22542857142858,38.0,1221.9714285714285,95.0,372.0,2.0,0.0,0.0,0.0,0.0,0.0,2.2231333333333336,,,,,,,,,,,,,0.2553763440860215,,,,,,,RNO-LBB,0
2025,1,RNO,LGB,163.9983909774436,1650.0,415.5233082706767,18053.0,27120.0,172.0,0.0,0.0,0.0,0.0,0.0,2.2231333333333336,,,,,,,,,,,,,0.6656710914454277,,,,,,,RNO-LGB,0
2025,1,RNO,MFE,320.53035714285716,28.0,1851.5357142857142,136.0,372.0,2.0,0.0,0.0,0.0,0.0,0.0,2.2231333333333336,,,,,,,,,,,,,0.3655913978494624,,,,,,,RNO-MFE,0
2025,1,RNO,OAK,155.05916666666667,352.0,181.0,11698.0,18384.0,194.0,113.0,1.0,0.8288288288288288,0.017699115044247787,0.07964601769911504,2.2231333333333336,,,,,,,,,,,,,0.6363141862489121,,,,,,,RNO-OAK,0
2025,1,RNO,ONT,194.67659574468087,315.0,579.7872340425532,215.0,329.0,17.0,0.0,0.0,0.0,0.0,0.0,2.2231333333333336,,,,,,,,,,,,,0.6534954407294833,,,,,,,RNO-ONT,0
2025,1,RNO,PSP,231.6514170040486,295.0,599.4048582995952,180.0,372.0,2.0,0.0,0.0,0.0,0.0,0.0,2.2231333333333336,,,,,,,,,,,,,0.4838709677419355,,,,,,,RNO-PSP,0
2025,1,RNO,SAN,178.8616501145913,2761.0,511.161191749427,27393.0,39206.0,301.0,312.0,3.0,11.013289036544851,0.035256410256410256,0.1987179487179487,2.2231333333333336,,,,,,,0.20884454631252528,0.010516381286234326,0.06662806664762747,0.26037408113045896,0.37705046300462025,0.2940969356018669,0.698694077437127,0.20884454631252528,0.010516381286234326,0.06662806664762747,0.26037408113045896,0.37705046300462025,0.2940969356018669,RNO-SAN,0
2025,1,RNO,SAT,256.76112359550564,403.0,1506.7696629213483,157.0,186.0,1.0,0.0,0.0,0.0,0.0,0.0,2.2231333333333336,,,,,,,,,,,,,0.8440860215053764,,,,,,,RNO-SAT,1
2025,1,RNO,SBA,227.9629411764706,107.0,537.0588235294117,2.0,7.0,1.0,0.0,0.0,0.0,0.0,0.0,2.2231333333333336,,,,,,,,,,,,,0.2857142857142857,,,,,,,RNO-SBA,0
2025,1,RNO,SFO,238.0581762917933,966.0,192.0,34478.0,43964.0,440.0,448.0,2.0,8.587155963302752,0.026785714285714284,0.16294642857142858,2.2231333333333336,,,,,,,0.22080340516094707,0.00951789778605421,0.04750395680104273,0.43247928498277627,0.2687235825342147,0.25053346988176145,0.7842325539077427,0.22080340516094707,0.00951789778605421,0.04750395680104273,0.43247928498277627,0.2687235825342147,0.25053346988176145,RNO-SFO,0
2025,1,RNO,SJC,169.9159638554217,343.0,188.0,5206.0,8857.0,64.0,56.0,1.0,9.49090909090909,0.017857142857142856,0.23214285714285715,2.2231333333333336,,,,,,,,,,,,,0.5877836739302247,,,,,,,RNO-SJC,0
2025,1,RNO,SMF,248.51250000000002,12.0,278.0,72.0,701.0,4.0,0.0,0.0,0.0,0.0,0.0,2.2231333333333336,,,,,,,,,,,,,0.10271041369472182,,,,,,,RNO-SMF,0
2025,1,RNO,SNA,202.61117154811714,276.0,588.5062761506276,1464.0,1950.0,65.0,0.0,0.0,0.0,0.0,0.0,2.2231333333333336,,,,,,,,,,,,,0.7507692307692307,,,,,,,RNO-SNA,0
2025,1,ROA,ATL,229.9397435897436,434.0,362.76353276353274,24611.0,29352.0,322.0,331.0,2.0,17.51702786377709,0.02416918429003021,0.2326283987915408,2.2231333333333336,,,,,,,0.18040542999599665,0.022200385777195474,0.07972794287792138,0.19235893028329643,0.3715323460381475,0.35574939671415823,0.8384777868629054,0.18040542999599665,0.022200385777195474,0.07972794287792138,0.19235893028329643,0.3715323460381475,0.35574939671415823,ROA-ATL,1
2025,1,ROA,DAL,291.8990476190476,21.0,1079.5714285714287,162.0,266.0,3.0,0.0,0.0,0.0,0.0,0.0,2.2231333333333336,,,,,,,,,,,,,0.6090225563909775,,,,,,,ROA-DAL,0
2025,1,ROC,ATL,279.12659817351596,721.0,830.2191780821918,30738.0,38960.0,249.0,252.0,1.0,14.688,0.007936507936507936,0.2698412698412698,2.2231333333333336,,,,,,,0.18040542999599665,0.022200385777195474,0.07972794287792138,0.19235893028329643,0.3715323460381475,0.35574939671415823,0.7889630390143737,0.18040542999599665,0.022200385777195474,0.07972794287792138,0.19235893028329643,0.3715323460381475,0.35574939671415823,ROC-ATL,0
2025,1,ROW,DFW,215.29593333333332,203.0,435.0,10724.0,16510.0,254.0,270.0,1.0,22.656126482213438,0.06296296296296296,0.21481481481481482,2.2231333333333336,,,,,,,0.2062396282774643,0.03747759707932293,0.10718704340430481,0.1903530643250198,0.3470410781655484,0.3542601059847202,0.6495457298606905,0.2062396282774643,0.03747759707932293,0.10718704340430481,0.1903530643250198,0.3470410781655484,0.3542601059847202,ROW-DFW,0
2025,1,ROW,FAT,341.92857142857144,7.0,1748.0,0.0,65.0,1.0,0.0,0.0,0.0,0.0,0.0,2.2231333333333336,,,,,,,,,,,,,0.0,,,,,,,ROW-FAT,0
2025,1,ROW,GGG,177.5,1.0,575.0,0.0,65.0,1.0,0.0,0.0,0.0,0.0,0.0,2.2231333333333336,,,,,,,,,,,,,0.0,,,,,,,ROW-GGG,0
2025,1,ROW,IAH,252.72416666666666,37.0,659.0,0.0,50.0,1.0,0.0,0.0,0.0,0.0,0.0,2.2231333333333336,,,,,,,0.16850534248952576,0.02717108362049731,0.06321467851469073,0.21375131175937725,0.3868472966603237,0.33570759355923724,0.0,0.16850534248952576,0.02717108362049731,0.06321467851469073,0.21375131175937725,0.3868472966603237,0.33570759355923724,ROW-IAH,0
2025,1,ROW,LRD,280.0,1.0,831.0,0.0,0.0,2.0,0.0,0.0,0.0,0.0,0.0,2.2231333333333336,,,,,,,,,,,,,,,,,,,,ROW-LRD,0
2025,1,RSW,ATL,261.33006060606056,2882.0,524.2813852813853,131273.0,154877.0,836.0,848.0,2.0,8.017985611510792,0.01650943396226415,0.15566037735849056,2.2231333333333336,,,,,,,0.18040542999599665,0.022200385777195474,0.07972794287792138,0.19235893028329643,0.3715323460381475,0.35574939671415823,0.8475951884398587,0.18040542999599665,0.022200385777195474,0.07972794287792138,0.19235893028329643,0.3715323460381475,0.35574939671415823,RSW-ATL,1
2025,1,RSW,DAL,246.23284246575344,432.0,1072.7945205479452,10871.0,14150.0,90.0,91.0,1.0,16.233333333333334,0.01098901098901099,0.18681318681318682,2.2231333333333336,,,,,,,,,,,,,0.7682685512367491,,,,,,,RSW-DAL,0
2025,1,RSW,DFW,366.56088807785886,1929.0,1072.3588807785889,57157.0,70792.0,389.0,401.0,1.0,19.084615384615386,0.029925187032418952,0.2144638403990025,2.2231333333333336,,,,,,,0.2062396282774643,0.03747759707932293,0.10718704340430481,0.1903530643250198,0.3470410781655484,0.3542601059847202,0.8073934907899197,0.2062396282774643,0.03747759707932293,0.10718704340430481,0.1903530643250198,0.3470410781655484,0.3542601059847202,RSW-DFW,1
2025,1,RSW,HOU,164.95271186440675,129.0,1302.322033898305,331.0,604.0,4.0,4.0,1.0,31.75,0.0,0.5,2.2231333333333336,,,,,,,,,,,,,0.5480132450331126,,,,,,,RSW-HOU,0
2025,1,RSW,IAH,277.407803806735,1324.0,913.177159590044,30587.0,38272.0,221.0,225.0,1.0,9.179372197309418,0.008888888888888889,0.1288888888888889,2.2231333333333336,,,,,,,0.16850534248952576,0.02717108362049731,0.06321467851469073,0.21375131175937725,0.3868472966603237,0.33570759355923724,0.7992004598662207,0.16850534248952576,0.02717108362049731,0.06321467851469073,0.21375131175937725,0.3868472966603237,0.33570759355923724,RSW-IAH,0
2025,1,RSW,LAX,374.9332898550725,799.0,2465.1768115942027,315.0,332.0,2.0,2.0,1.0,-4.0,0.0,0.0,2.2231333333333336,,,,,,,0.1662822530232157,0.008191243991291414,0.06384287985231527,0.17061212978089035,0.33008563663401874,0.43409495483748084,0.9487951807228916,0.1662822530232157,0.008191243991291414,0.06384287985231527,0.17061212978089035,0.33008563663401874,0.43409495483748084,RSW-LAX,1
2025,1,RSW,SFO,439.2165927099841,693.0,2662.3454833597466,487.0,498.0,3.0,3.0,1.0,-0.3333333333333333,0.0,0.0,2.2231333333333336,,,,,,,0.22080340516094707,0.00951789778605421,0.04750395680104273,0.43247928498277627,0.2687235825342147,0.25053346988176145,0.9779116465863453,0.22080340516094707,0.00951789778605421,0.04750395680104273,0.43247928498277627,0.2687235825342147,0.25053346988176145,RSW-SFO,1
2025,1,SAF,ACT,451.1666666666667,3.0,640.0,0.0,65.0,1.0,0.0,0.0,0.0,0.0,0.0,2.2231333333333336,,,,,,,,,,,,,0.0,,,,,,,SAF-ACT,0
2025,1,SAF,DFW,350.04831967213113,403.0,559.8524590163935,19845.0,22620.0,348.0,360.0,1.0,15.275862068965518,0.03333333333333333,0.25277777777777777,2.2231333333333336,,,,,,,0.2062396282774643,0.03747759707932293,0.10718704340430481,0.1903530643250198,0.3470410781655484,0.3542601059847202,0.8773209549071618,0.2062396282774643,0.03747759707932293,0.10718704340430481,0.1903530643250198,0.3470410781655484,0.3542601059847202,SAF-DFW,1
2025,1,SAF,IAH,259.95079207920793,109.0,959.1584158415842,223.0,280.0,4.0,4.0,1.0,0.25,0.0,0.0,2.2231333333333336,,,,,,,0.16850534248952576,0.02717108362049731,0.06321467851469073,0.21375131175937725,0.3868472966603237,0.33570759355923724,0.7964285714285714,0.16850534248952576,0.02717108362049731,0.06321467851469073,0.21375131175937725,0.3868472966603237,0.33570759355923724,SAF-IAH,0
2025,1,SAN,ABI,343.75916666666666,76.0,1366.611111111111,226.0,420.0,2.0,0.0,0.0,0.0,0.0,0.0,2.2231333333333336,0.20884454631252528,0.010516381286234326,0.06662806664762747,0.26037408113045896,0.37705046300462025,0.2940969356018669,,,,,,,0.5380952380952381,0.20884454631252528,0.010516381286234326,0.06662806664762747,0.26037408113045896,0.37705046300462025,0.2940969356018669,SAN-ABI,0
2025,1,SAN,ABQ,236.37959440559442,1106.0,674.5734265734266,11009.0,20951.0,133.0,133.0,1.0,11.704545454545455,0.007518796992481203,0.21052631578947367,2.2231333333333336,0.20884454631252528,0.010516381286234326,0.06662806664762747,0.26037408113045896,0.37705046300462025,0.2940969356018669,,,,,,,0.5254641783208439,0.20884454631252528,0.010516381286234326,0.06662806664762747,0.26037408113045896,0.37705046300462025,0.2940969356018669,SAN-ABQ,0
2025,1,SAN,AEX,396.19176470588235,18.0,1566.1764705882354,584.0,858.0,5.0,0.0,0.0,0.0,0.0,0.0,2.2231333333333336,0.20884454631252528,0.010516381286234326,0.06662806664762747,0.26037408113045896,0.37705046300462025,0.2940969356018669,,,,,,,0.6806526806526807,0.20884454631252528,0.010516381286234326,0.06662806664762747,0.26037408113045896,0.37705046300462025,0.2940969356018669,SAN-AEX,0
2025,1,SAN,ATL,353.27187559354223,7896.0,1947.900759734093,177974.0,207694.0,1082.0,519.0,3.0,9.019455252918288,0.009633911368015413,0.1348747591522158,2.2231333333333336,0.20884454631252528,0.010516381286234326,0.06662806664762747,0.26037408113045896,0.37705046300462025,0.2940969356018669,0.18040542999599665,0.022200385777195474,0.07972794287792138,0.19235893028329643,0.3715323460381475,0.35574939671415823,0.856904869664025,0.19462498815426096,0.0163583835317149,0.07317800476277442,0.2263665057068777,0.3742914045213839,0.32492316615801253,SAN-ATL,1
2025,1,SAN,AUS,250.8225553416747,8104.0,1213.7531280076996,99600.0,126102.0,928.0,463.0,3.0,14.08008658008658,0.0021598272138228943,0.2224622030237581,2.2231333333333336,0.20884454631252528,0.010516381286234326,0.06662806664762747,0.26037408113045896,0.37705046300462025,0.2940969356018669,0.18066105522479983,0.012779716690617943,0.0655739832334086,0.16405824184380596,0.40716516563281335,0.3620476351146755,0.7898367987819385,0.19475280076866255,0.011648048988426134,0.06610102494051803,0.21221616148713246,0.3921078143187168,0.3280722853582712,SAN-AUS,0
2025,1,SAN,BNA,307.2965432098765,2178.0,1859.147462277092,23812.0,32796.0,201.0,202.0,1.0,8.85427135678392,0.01485148514851485,0.19306930693069307,2.2231333333333336,0.20884454631252528,0.010516381286234326,0.06662806664762747,0.26037408113045896,0.37705046300462025,0.2940969356018669,,,,,,,0.7260641541651421,0.20884454631252528,0.010516381286234326,0.06662806664762747,0.26037408113045896,0.37705046300462025,0.2940969356018669,SAN-BNA,0
2025,1,SAN,BOI,197.36502556610662,1928.0,851.0679327976625,16313.0,18818.0,200.0,203.0,3.0,14.47,0.014778325123152709,0.2315270935960591,2.2231333333333336,0.20884454631252528,0.010516381286234326,0.06662806664762747,0.26037408113045896,0.37705046300462025,0.2940969356018669,,,,,,,0.8668827718142205,0.20884454631252528,0.010516381286234326,0.06662806664762747,0.26037408113045896,0.37705046300462025,0.2940969356018669,SAN-BOI,1
2025,1,SAN,BOS,354.14201061946903,5404.0,2620.351150442478,47728.0,57695.0,334.0,342.0,3.0,9.71513353115727,0.014619883040935672,0.20175438596491227,2.2231333333333336,0.20884454631252528,0.010516381286234326,0.06662806664762747,0.26037408113045896,0.37705046300462025,0.2940969356018669,,,,,,,0.827246728486004,0.20884454631252528,0.010516381286234326,0.06662806664762747,0.26037408113045896,0.37705046300462025,0.2940969356018669,SAN-BOS,1
2025,1,SAN,BTR,282.81515789473684,97.0,1604.6315789473683,93.0,186.0,1.0,0.0,0.0,0.0,0.0,0.0,2.2231333333333336,0.20884454631252528,0.010516381286234326,0.06662806664762747,0.26037408113045896,0.37705046300462025,0.2940969356018669,,,,,,,0.5,0.20884454631252528,0.010516381286234326,0.06662806664762747,0.26037408113045896,0.37705046300462025,0.2940969356018669,SAN-BTR,0
2025,1,SAN,BWI,322.62575242718447,1930.0,2345.282362459547,24341.0,33115.0,195.0,197.0,1.0,8.927461139896373,0.02030456852791878,0.17766497461928935,2.2231333333333336,0.20884454631252528,0.010516381286234326,0.06662806664762747,0.26037408113045896,0.37705046300462025,0.2940969356018669,,,,,,,0.7350445417484524,0.20884454631252528,0.010516381286234326,0.06662806664762747,0.26037408113045896,0.37705046300462025,0.2940969356018669,SAN-BWI,0
2025,1,SAN,BZN,218.4058411214953,484.0,1155.5934579439252,832.0,1064.0,14.0,14.0,2.0,11.785714285714286,0.0,0.2857142857142857,2.2231333333333336,0.20884454631252528,0.010516381286234326,0.06662806664762747,0.26037408113045896,0.37705046300462025,0.2940969356018669,,,,,,,0.7819548872180451,0.20884454631252528,0.010516381286234326,0.06662806664762747,0.26037408113045896,0.37705046300462025,0.2940969356018669,SAN-BZN,0
2025,1,SAN,CLT,337.4034144363341,2126.0,2125.8815896188157,65805.0,78102.0,411.0,421.0,1.0,12.672289156626507,0.014251781472684086,0.16389548693586697,2.2231333333333336,0.20884454631252528,0.010516381286234326,0.06662806664762747,0.26037408113045896,0.37705046300462025,0.2940969356018669,,,,,,,0.8425520473227318,0.20884454631252528,0.010516381286234326,0.06662806664762747,0.26037408113045896,0.37705046300462025,0.2940969356018669,SAN-CLT,1
2025,1,SAN,CMH,290.3127981651376,938.0,2110.6766055045873,90.0,372.0,2.0,0.0,0.0,0.0,0.0,0.0,2.2231333333333336,0.20884454631252528,0.010516381286234326,0.06662806664762747,0.26037408113045896,0.37705046300462025,0.2940969356018669,,,,,,,0.24193548387096775,0.20884454631252528,0.010516381286234326,0.06662806664762747,0.26037408113045896,0.37705046300462025,0.2940969356018669,SAN-CMH,0
2025,1,SAN,COS,240.09779702970295,427.0,940.5940594059406,342.0,525.0,3.0,3.0,1.0,5.666666666666667,0.0,0.0,2.2231333333333336,0.20884454631252528,0.010516381286234326,0.06662806664762747,0.26037408113045896,0.37705046300462025,0.2940969356018669,,,,,,,0.6514285714285715,0.20884454631252528,0.010516381286234326,0.06662806664762747,0.26037408113045896,0.37705046300462025,0.2940969356018669,SAN-COS,0
2025,1,SAN,CSG,437.04625,18.0,1975.0,302.0,360.0,2.0,0.0,0.0,0.0,0.0,0.0,2.2231333333333336,0.20884454631252528,0.010516381286234326,0.06662806664762747,0.26037408113045896,0.37705046300462025,0.2940969356018669,,,,,,,0.8388888888888889,0.20884454631252528,0.010516381286234326,0.06662806664762747,0.26037408113045896,0.37705046300462025,0.2940969356018669,SAN-CSG,1
2025,1,SAN,DAL,229.9340070671378,5558.0,1192.4883392226147,86968.0,116202.0,758.0,385.0,1.0,7.638743455497382,0.007792207792207792,0.18441558441558442,2.2231333333333336,0.20884454631252528,0.010516381286234326,0.06662806664762747,0.26037408113045896,0.37705046300462025,0.2940969356018669,,,,,,,0.7484208533415948,0.20884454631252528,0.010516381286234326,0.06662806664762747,0.26037408113045896,0.37705046300462025,0.2940969356018669,SAN-DAL,0
2025,1,SAN,DAY,344.8496226415094,161.0,2128.7295597484276,98.0,180.0,1.0,0.0,0.0,0.0,0.0,0.0,2.2231333333333336,0.20884454631252528,0.010516381286234326,0.06662806664762747,0.26037408113045896,0.37705046300462025,0.2940969356018669,,,,,,,0.5444444444444444,0.20884454631252528,0.010516381286234326,0.06662806664762747,0.26037408113045896,0.37705046300462025,0.2940969356018669,SAN-DAY,0
2025,1,SAN,DCA,289.5882385908727,1615.0,2373.0264211369094,1781.0,2391.0,15.0,15.0,1.0,-2.066666666666667,0.0,0.13333333333333333,2.2231333333333336,0.20884454631252528,0.010516381286234326,0.06662806664762747,0.26037408113045896,0.37705046300462025,0.2940969356018669,,,,,,,0.7448766206608114,0.20884454631252528,0.010516381286234326,0.06662806664762747,0.26037408113045896,0.37705046300462025,0.2940969356018669,SAN-DCA,0
2025,1,SAN,DEN,207.5064513018322,9508.0,868.7090967534555,166287.0,219275.0,1267.0,1269.0,3.0,6.124504361617763,0.006304176516942475,0.16312056737588654,2.2231333333333336,0.20884454631252528,0.010516381286234326,0.06662806664762747,0.26037408113045896,0.37705046300462025,0.2940969356018669,,,,,,,0.7583491050051305,0.20884454631252528,0.010516381286234326,0.06662806664762747,0.26037408113045896,0.37705046300462025,0.2940969356018669,SAN-DEN,0
2025,1,SAN,DFW,289.14926326129665,10176.0,1221.2721021611003,250620.0,293948.0,1520.0,782.0,2.0,13.273447820343462,0.0319693094629156,0.16879795396419436,2.2231333333333336,0.20884454631252528,0.010516381286234326,0.06662806664762747,0.26037408113045896,0.37705046300462025,0.2940969356018669,0.2062396282774643,0.03747759707932293,0.10718704340430481,0.1903530643250198,0.3470410781655484,0.3542601059847202,0.852599779552846,0.2075420872949948,0.02399698918277863,0.08690755502596614,0.22536357272773938,0.36204577058508436,0.32417852079329357,SAN-DFW,1
2025,1,SAN,DTW,396.8922376409367,2322.0,2005.8664353859497,35418.0,44391.0,235.0,236.0,1.0,6.648305084745763,0.0,0.13983050847457626,2.2231333333333336,0.20884454631252528,0.010516381286234326,0.06662806664762747,0.26037408113045896,0.37705046300462025,0.2940969356018669,,,,,,,0.7978644319794553,0.20884454631252528,0.010516381286234326,0.06662806664762747,0.26037408113045896,0.37705046300462025,0.2940969356018669,SAN-DTW,0
2025,1,SAN,EGE,298.9685714285714,184.0,864.1285714285714,1080.0,2508.0,33.0,33.0,1.0,4.787878787878788,0.0,0.21212121212121213,2.2231333333333336,0.20884454631252528,0.010516381286234326,0.06662806664762747,0.26037408113045896,0.37705046300462025,0.2940969356018669,,,,,,,0.430622009569378,0.20884454631252528,0.010516381286234326,0.06662806664762747,0.26037408113045896,0.37705046300462025,0.2940969356018669,SAN-EGE,0
2025,1,SAN,ELP,230.8740976645435,1270.0,735.0509554140127,13688.0,20712.0,134.0,57.0,1.0,13.836363636363636,0.03508771929824561,0.15789473684210525,2.2231333333333336,0.20884454631252528,0.010516381286234326,0.06662806664762747,0.26037408113045896,0.37705046300462025,0.2940969356018669,,,,,,,0.6608729239088451,0.20884454631252528,0.010516381286234326,0.06662806664762747,0.26037408113045896,0.37705046300462025,0.2940969356018669,SAN-ELP,0
2025,1,SAN,EUG,218.27686379928318,695.0,934.1164874551971,4179.0,5168.0,68.0,68.0,2.0,24.86764705882353,0.0,0.4411764705882353,2.2231333333333336,0.20884454631252528,0.010516381286234326,0.06662806664762747,0.26037408113045896,0.37705046300462025,0.2940969356018669,,,,,,,0.8086300309597523,0.20884454631252528,0.010516381286234326,0.06662806664762747,0.26037408113045896,0.37705046300462025,0.2940969356018669,SAN-EUG,1
2025,1,SAN,EWR,379.08556199821584,4282.0,2452.576271186441,47939.0,55613.0,320.0,322.0,2.0,9.84375,0.006211180124223602,0.16459627329192547,2.2231333333333336,0.20884454631252528,0.010516381286234326,0.06662806664762747,0.26037408113045896,0.37705046300462025,0.2940969356018669,,,,,,,0.8620106809558916,0.20884454631252528,0.010516381286234326,0.06662806664762747,0.26037408113045896,0.37705046300462025,0.2940969356018669,SAN-EWR,1
2025,1,SAN,FAT,152.57663120567375,1426.0,331.36997635933807,17533.0,21960.0,242.0,242.0,3.0,14.805785123966942,0.0,0.29338842975206614,2.2231333333333336,0.20884454631252528,0.010516381286234326,0.06662806664762747,0.26037408113045896,0.37705046300462025,0.2940969356018669,,,,,,,0.7984061930783243,0.20884454631252528,0.010516381286234326,0.06662806664762747,0.26037408113045896,0.37705046300462025,0.2940969356018669,SAN-FAT,0
2025,1,SAN,FLL,290.2401950078003,1917.0,2434.195007800312,11992.0,14999.0,85.0,86.0,2.0,17.069767441860463,0.0,0.19767441860465115,2.2231333333333336,0.20884454631252528,0.010516381286234326,0.06662806664762747,0.26037408113045896,0.37705046300462025,0.2940969356018669,,,,,,,0.7995199679978665,0.20884454631252528,0.010516381286234326,0.06662806664762747,0.26037408113045896,0.37705046300462025,0.2940969356018669,SAN-FLL,0
2025,1,SAN,GEG,192.65959691252144,1492.0,1145.0780445969126,8940.0,11696.0,87.0,90.0,2.0,13.471264367816092,0.03333333333333333,0.28888888888888886,2.2231333333333336,0.20884454631252528,0.010516381286234326,0.06662806664762747,0.26037408113045896,0.37705046300462025,0.2940969356018669,,,,,,,0.7643638850889193,0.20884454631252528,0.010516381286234326,0.06662806664762747,0.26037408113045896,0.37705046300462025,0.2940969356018669,SAN-GEG,0
2025,1,SAN,GJT,247.17362831858406,122.0,883.2035398230089,0.0,76.0,1.0,0.0,0.0,0.0,0.0,0.0,2.2231333333333336,0.20884454631252528,0.010516381286234326,0.06662806664762747,0.26037408113045896,0.37705046300462025,0.2940969356018669,,,,,,,0.0,0.20884454631252528,0.010516381286234326,0.06662806664762747,0.26037408113045896,0.37705046300462025,0.2940969356018669,SAN-GJT,0
2025,1,SAN,HDN,242.26225352112675,314.0,858.7089201877934,2221.0,3420.0,45.0,46.0,1.0,9.73913043478261,0.0,0.2391304347826087,2.2231333333333336,0.20884454631252528,0.010516381286234326,0.06662806664762747,0.26037408113045896,0.37705046300462025,0.2940969356018669,,,,,,,0.6494152046783626,0.20884454631252528,0.010516381286234326,0.06662806664762747,0.26037408113045896,0.37705046300462025,0.2940969356018669,SAN-HDN,0
2025,1,SAN,HNL,327.66360696517415,4420.0,2663.5248756218907,64008.0,71360.0,354.0,365.0,3.0,8.213698630136987,0.0,0.23013698630136986,2.2231333333333336,0.20884454631252528,0.010516381286234326,0.06662806664762747,0.26037408113045896,0.37705046300462025,0.2940969356018669,,,,,,,0.8969730941704036,0.20884454631252528,0.010516381286234326,0.06662806664762747,0.26037408113045896,0.37705046300462025,0.2940969356018669,SAN-HNL,1
2025,1,SAN,HOU,262.0328660826033,2924.0,1339.826032540676,44090.0,62942.0,386.0,196.0,1.0,6.849740932642487,0.015306122448979591,0.12244897959183673,2.2231333333333336,0.20884454631252528,0.010516381286234326,0.06662806664762747,0.26037408113045896,0.37705046300462025,0.2940969356018669,,,,,,,0.7004861618633027,0.20884454631252528,0.010516381286234326,0.06662806664762747,0.26037408113045896,0.37705046300462025,0.2940969356018669,SAN-HOU,0
2025,1,SAN,HRL,219.8194623655914,196.0,1603.1182795698924,176.0,1008.0,6.0,0.0,0.0,0.0,0.0,0.0,2.2231333333333336,0.20884454631252528,0.010516381286234326,0.06662806664762747,0.26037408113045896,0.37705046300462025,0.2940969356018669,,,,,,,0.1746031746031746,0.20884454631252528,0.010516381286234326,0.06662806664762747,0.26037408113045896,0.37705046300462025,0.2940969356018669,SAN-HRL,0
2025,1,SAN,IAD,380.7664543630893,4324.0,2276.28184553661,58889.0,78587.0,355.0,360.0,2.0,4.813370473537605,0.002777777777777778,0.11388888888888889,2.2231333333333336,0.20884454631252528,0.010516381286234326,0.06662806664762747,0.26037408113045896,0.37705046300462025,0.2940969356018669,,,,,,,0.7493478565157087,0.20884454631252528,0.010516381286234326,0.06662806664762747,0.26037408113045896,0.37705046300462025,0.2940969356018669,SAN-IAD,0
2025,1,SAN,IAH,314.8599568965517,5036.0,1366.8353448275861,101352.0,135996.0,772.0,393.0,1.0,0.6847545219638242,0.015267175572519083,0.08396946564885496,2.2231333333333336,0.20884454631252528,0.010516381286234326,0.06662806664762747,0.26037408113045896,0.37705046300462025,0.2940969356018669,0.16850534248952576,0.02717108362049731,0.06321467851469073,0.21375131175937725,0.3868472966603237,0.33570759355923724,0.7452572134474543,0.1886749444010255,0.01884373245336582,0.0649213725811591,0.23706269644491812,0.38194887983247194,0.31490226458055204,SAN-IAH,0
2025,1,SAN,IDA,269.27637362637364,96.0,959.3296703296703,0.0,76.0,1.0,0.0,0.0,0.0,0.0,0.0,2.2231333333333336,0.20884454631252528,0.010516381286234326,0.06662806664762747,0.26037408113045896,0.37705046300462025,0.2940969356018669,,,,,,,0.0,0.20884454631252528,0.010516381286234326,0.06662806664762747,0.26037408113045896,0.37705046300462025,0.2940969356018669,SAN-IDA,0
2025,1,SAN,IND,251.4147433116414,1576.0,1928.6724511930586,6003.0,7598.0,99.0,49.0,1.0,12.061224489795919,0.0,0.1836734693877551,2.2231333333333336,0.20884454631252528,0.010516381286234326,0.06662806664762747,0.26037408113045896,0.37705046300462025,0.2940969356018669,,,,,,,0.7900763358778626,0.20884454631252528,0.010516381286234326,0.06662806664762747,0.26037408113045896,0.37705046300462025,0.2940969356018669,SAN-IND,0
2025,1,SAN,JAC,245.38968503937008,329.0,906.6377952755905,2053.0,4256.0,56.0,62.0,1.0,7.983050847457627,0.04838709677419355,0.24193548387096775,2.2231333333333336,0.20884454631252528,0.010516381286234326,0.06662806664762747,0.26037408113045896,0.37705046300462025,0.2940969356018669,,,,,,,0.48237781954887216,0.20884454631252528,0.010516381286234326,0.06662806664762747,0.26037408113045896,0.37705046300462025,0.2940969356018669,SAN-JAC,0
2025,1,SAN,JFK,382.25834304746047,6356.0,2465.2464612822646,74775.0,93249.0,515.0,521.0,3.0,10.005791505791505,0.005758157389635317,0.18042226487523993,2.2231333333333336,0.20884454631252528,0.010516381286234326,0.06662806664762747,0.26037408113045896,0.37705046300462025,0.2940969356018669,,,,,,,0.8018852749091143,0.20884454631252528,0.010516381286234326,0.06662806664762747,0.26037408113045896,0.37705046300462025,0.2940969356018669,SAN-JFK,1
2025,1,SAN,KOA,320.7332838038633,952.0,2668.5631500742943,8641.0,9995.0,59.0,59.0,1.0,3.6610169491525424,0.0,0.15254237288135594,2.2231333333333336,0.20884454631252528,0.010516381286234326,0.06662806664762747,0.26037408113045896,0.37705046300462025,0.2940969356018669,,,,,,,0.8645322661330666,0.20884454631252528,0.010516381286234326,0.06662806664762747,0.26037408113045896,0.37705046300462025,0.2940969356018669,SAN-KOA,1
2025,1,SAN,LAS,131.38575991189427,12170.0,260.91262848751836,176227.0,242637.0,1787.0,1811.0,6.0,13.293624161073826,0.013804527885146328,0.2203202650469354,2.2231333333333336,0.20884454631252528,0.010516381286234326,0.06662806664762747,0.26037408113045896,0.37705046300462025,0.2940969356018669,,,,,,,0.72629895687797,0.20884454631252528,0.010516381286234326,0.06662806664762747,0.26037408113045896,0.37705046300462025,0.2940969356018669,SAN-LAS,0
2025,1,SAN,LAX,210.60254335260115,263.0,109.0,29518.0,39998.0,539.0,526.0,1.0,4.283269961977187,0.0,0.10836501901140684,2.2231333333333336,0.20884454631252528,0.010516381286234326,0.06662806664762747,0.26037408113045896,0.37705046300462025,0.2940969356018669,0.1662822530232157,0.008191243991291414,0.06384287985231527,0.17061212978089035,0.33008563663401874,0.43409495483748084,0.7379868993449672,0.1875633996678705,0.00935381263876287,0.06523547324997137,0.21549310545567466,0.3535680498193195,0.36409594521967387,SAN-LAX,0
2025,1,SAN,LIH,316.0007617728532,904.0,2738.2257617728533,3544.0,3984.0,25.0,28.0,1.0,15.25925925925926,0.03571428571428571,0.17857142857142858,2.2231333333333336,0.20884454631252528,0.010516381286234326,0.06662806664762747,0.26037408113045896,0.37705046300462025,0.2940969356018669,,,,,,,0.8895582329317269,0.20884454631252528,0.010516381286234326,0.06662806664762747,0.26037408113045896,0.37705046300462025,0.2940969356018669,SAN-LIH,1
2025,1,SAN,LRD,271.73340425531916,104.0,1578.8297872340424,1690.0,2160.0,12.0,0.0,0.0,0.0,0.0,0.0,2.2231333333333336,0.20884454631252528,0.010516381286234326,0.06662806664762747,0.26037408113045896,0.37705046300462025,0.2940969356018669,,,,,,,0.7824074074074074,0.20884454631252528,0.010516381286234326,0.06662806664762747,0.26037408113045896,0.37705046300462025,0.2940969356018669,SAN-LRD,0
2025,1,SAN,MAF,251.16961538461538,270.0,1392.1384615384616,84.0,286.0,2.0,0.0,0.0,0.0,0.0,0.0,2.2231333333333336,0.20884454631252528,0.010516381286234326,0.06662806664762747,0.26037408113045896,0.37705046300462025,0.2940969356018669,,,,,,,0.2937062937062937,0.20884454631252528,0.010516381286234326,0.06662806664762747,0.26037408113045896,0.37705046300462025,0.2940969356018669,SAN-MAF,0
2025,1,SAN,MCI,262.57152905198774,1734.0,1480.4166666666667,11243.0,15798.0,99.0,99.0,1.0,12.229166666666666,0.030303030303030304,0.1717171717171717,2.2231333333333336,0.20884454631252528,0.010516381286234326,0.06662806664762747,0.26037408113045896,0.37705046300462025,0.2940969356018669,,,,,,,0.7116723635903279,0.20884454631252528,0.010516381286234326,0.06662806664762747,0.26037408113045896,0.37705046300462025,0.2940969356018669,SAN-MCI,0
2025,1,SAN,MCO,295.8563757338552,3900.0,2261.375733855186,26130.0,31843.0,179.0,179.0,1.0,5.094972067039106,0.0,0.17318435754189945,2.2231333333333336,0.20884454631252528,0.010516381286234326,0.06662806664762747,0.26037408113045896,0.37705046300462025,0.2940969356018669,,,,,,,0.8205885123889081,0.20884454631252528,0.010516381286234326,0.06662806664762747,0.26037408113045896,0.37705046300462025,0.2940969356018669,SAN-MCO,1
2025,1,SAN,MDW,246.95259438528558,1905.0,1753.1316553727008,24702.0,32342.0,202.0,202.0,1.0,10.202970297029703,0.0,0.24257425742574257,2.2231333333333336,0.20884454631252528,0.010516381286234326,0.06662806664762747,0.26037408113045896,0.37705046300462025,0.2940969356018669,,,,,,,0.7637746583390019,0.20884454631252528,0.010516381286234326,0.06662806664762747,0.26037408113045896,0.37705046300462025,0.2940969356018669,SAN-MDW,0
2025,1,SAN,MEM,309.4960344827586,502.0,1764.510775862069,0.0,0.0,63.0,0.0,0.0,0.0,0.0,0.0,2.2231333333333336,0.20884454631252528,0.010516381286234326,0.06662806664762747,0.26037408113045896,0.37705046300462025,0.2940969356018669,,,,,,,,0.20884454631252528,0.010516381286234326,0.06662806664762747,0.26037408113045896,0.37705046300462025,0.2940969356018669,SAN-MEM,0
2025,1,SAN,MIA,350.73611909650924,2444.0,2341.4483230663927,29360.0,34202.0,185.0,186.0,1.0,23.924324324324324,0.005376344086021506,0.10752688172043011,2.2231333333333336,0.20884454631252528,0.010516381286234326,0.06662806664762747,0.26037408113045896,0.37705046300462025,0.2940969356018669,,,,,,,0.858429331618034,0.20884454631252528,0.010516381286234326,0.06662806664762747,0.26037408113045896,0.37705046300462025,0.2940969356018669,SAN-MIA,1
2025,1,SAN,MRY,169.8070238095238,857.0,377.26666666666665,9919.0,13072.0,172.0,180.0,1.0,14.75,0.03333333333333333,0.3,2.2231333333333336,0.20884454631252528,0.010516381286234326,0.06662806664762747,0.26037408113045896,0.37705046300462025,0.2940969356018669,,,,,,,0.7587974296205631,0.20884454631252528,0.010516381286234326,0.06662806664762747,0.26037408113045896,0.37705046300462025,0.2940969356018669,SAN-MRY,0
2025,1,SAN,MSO,248.20089743589742,168.0,1314.25,0.0,180.0,1.0,0.0,0.0,0.0,0.0,0.0,2.2231333333333336,0.20884454631252528,0.010516381286234326,0.06662806664762747,0.26037408113045896,0.37705046300462025,0.2940969356018669,,,,,,,0.0,0.20884454631252528,0.010516381286234326,0.06662806664762747,0.26037408113045896,0.37705046300462025,0.2940969356018669,SAN-MSO,0
2025,1,SAN,MSP,325.0043056524773,4418.0,1577.9546406140962,53519.0,66410.0,355.0,284.0,1.0,5.616197183098592,0.0,0.13380281690140844,2.2231333333333336,0.20884454631252528,0.010516381286234326,0.06662806664762747,0.26037408113045896,0.37705046300462025,0.2940969356018669,,,,,,,0.8058876675199518,0.20884454631252528,0.010516381286234326,0.06662806664762747,0.26037408113045896,0.37705046300462025,0.2940969356018669,SAN-MSP,1
2025,1,SAN,MSY,291.76637887678123,1507.0,1695.7594300083822,10718.0,13341.0,83.0,85.0,1.0,13.55421686746988,0.023529411764705882,0.24705882352941178,2.2231333333333336,0.20884454631252528,0.010516381286234326,0.06662806664762747,0.26037408113045896,0.37705046300462025,0.2940969356018669,,,,,,,0.8033880518701747,0.20884454631252528,0.010516381286234326,0.06662806664762747,0.26037408113045896,0.37705046300462025,0.2940969356018669,SAN-MSY,1
2025,1,SAN,OAK,161.5501080050826,6059.0,454.215374841169,73329.0,115955.0,794.0,745.0,2.0,5.698778833107191,0.010738255033557046,0.16375838926174496,2.2231333333333336,0.20884454631252528,0.010516381286234326,0.06662806664762747,0.26037408113045896,0.37705046300462025,0.2940969356018669,,,,,,,0.6323918761588547,0.20884454631252528,0.010516381286234326,0.06662806664762747,0.26037408113045896,0.37705046300462025,0.2940969356018669,SAN-OAK,0
2025,1,SAN,OGG,341.7258519179304,1942.0,2583.1257805530777,24294.0,32543.0,178.0,180.0,2.0,12.53888888888889,0.0,0.1388888888888889,2.2231333333333336,0.20884454631252528,0.010516381286234326,0.06662806664762747,0.26037408113045896,0.37705046300462025,0.2940969356018669,,,,,,,0.7465199889377132,0.20884454631252528,0.010516381286234326,0.06662806664762747,0.26037408113045896,0.37705046300462025,0.2940969356018669,SAN-OGG,0
2025,1,SAN,OKC,262.66949814126394,618.0,1321.581784386617,183.0,190.0,1.0,0.0,0.0,0.0,0.0,0.0,2.2231333333333336,0.20884454631252528,0.010516381286234326,0.06662806664762747,0.26037408113045896,0.37705046300462025,0.2940969356018669,,,,,,,0.9631578947368421,0.20884454631252528,0.010516381286234326,0.06662806664762747,0.26037408113045896,0.37705046300462025,0.2940969356018669,SAN-OKC,1
2025,1,SAN,ORD,336.43043715846994,5074.0,1768.6666666666667,84524.0,109748.0,584.0,586.0,2.0,7.572649572649572,0.0017064846416382253,0.13822525597269625,2.2231333333333336,0.20884454631252528,0.010516381286234326,0.06662806664762747,0.26037408113045896,0.37705046300462025,0.2940969356018669,,,,,,,0.7701643765717826,0.20884454631252528,0.010516381286234326,0.06662806664762747,0.26037408113045896,0.37705046300462025,0.2940969356018669,SAN-ORD,0
2025,1,SAN,ORF,326.30786079836236,1308.0,2432.290685772774,503.0,548.0,4.0,0.0,0.0,0.0,0.0,0.0,2.2231333333333336,0.20884454631252528,0.010516381286234326,0.06662806664762747,0.26037408113045896,0.37705046300462025,0.2940969356018669,,,,,,,0.9178832116788321,0.20884454631252528,0.010516381286234326,0.06662806664762747,0.26037408113045896,0.37705046300462025,0.2940969356018669,SAN-ORF,1
2025,1,SAN,PAE,222.7258961038961,601.0,1090.5272727272727,5192.0,6460.0,85.0,90.0,1.0,19.045454545454547,0.022222222222222223,0.26666666666666666,2.2231333333333336,0.20884454631252528,0.010516381286234326,0.06662806664762747,0.26037408113045896,0.37705046300462025,0.2940969356018669,,,,,,,0.8037151702786378,0.20884454631252528,0.010516381286234326,0.06662806664762747,0.26037408113045896,0.37705046300462025,0.2940969356018669,SAN-PAE,1
2025,1,SAN,PDX,214.7678603807797,5359.0,974.4043517679057,49397.0,62546.0,387.0,387.0,3.0,3.388451443569554,0.01808785529715762,0.11627906976744186,2.2231333333333336,0.20884454631252528,0.010516381286234326,0.06662806664762747,0.26037408113045896,0.37705046300462025,0.2940969356018669,,,,,,,0.7897707287436446,0.20884454631252528,0.010516381286234326,0.06662806664762747,0.26037408113045896,0.37705046300462025,0.2940969356018669,SAN-PDX,0
2025,1,SAN,PHL,368.3476230492197,2894.0,2410.0210084033615,30303.0,41214.0,213.0,220.0,1.0,8.465437788018432,0.013636363636363636,0.12272727272727273,2.2231333333333336,0.20884454631252528,0.010516381286234326,0.06662806664762747,0.26037408113045896,0.37705046300462025,0.2940969356018669,,,,,,,0.7352598631532974,0.20884454631252528,0.010516381286234326,0.06662806664762747,0.26037408113045896,0.37705046300462025,0.2940969356018669,SAN-PHL,0
2025,1,SAN,PHX,185.9593413830955,7936.0,306.5931211123308,149208.0,221232.0,1322.0,1328.0,3.0,9.771450265755504,0.009789156626506024,0.14909638554216867,2.2231333333333336,0.20884454631252528,0.010516381286234326,0.06662806664762747,0.26037408113045896,0.37705046300462025,0.2940969356018669,,,,,,,0.6744413104794966,0.20884454631252528,0.010516381286234326,0.06662806664762747,0.26037408113045896,0.37705046300462025,0.2940969356018669,SAN-PHX,0
2025,1,SAN,PIT,285.02201622247975,918.0,2268.6164542294323,170.0,190.0,1.0,0.0,0.0,0.0,0.0,0.0,2.2231333333333336,0.20884454631252528,0.010516381286234326,0.06662806664762747,0.26037408113045896,0.37705046300462025,0.2940969356018669,,,,,,,0.8947368421052632,0.20884454631252528,0.010516381286234326,0.06662806664762747,0.26037408113045896,0.37705046300462025,0.2940969356018669,SAN-PIT,1
2025,1,SAN,PVU,65.36338797814207,392.0,608.4535519125683,3952.0,4956.0,27.0,26.0,1.0,18.115384615384617,0.0,0.38461538461538464,2.2231333333333336,0.20884454631252528,0.010516381286234326,0.06662806664762747,0.26037408113045896,0.37705046300462025,0.2940969356018669,,,,,,,0.7974172719935432,0.20884454631252528,0.010516381286234326,0.06662806664762747,0.26037408113045896,0.37705046300462025,0.2940969356018669,SAN-PVU,0
2025,1,SAN,RDM,212.17938053097345,632.0,887.4933628318585,5519.0,6536.0,86.0,90.0,2.0,8.045454545454545,0.022222222222222223,0.16666666666666666,2.2231333333333336,0.20884454631252528,0.010516381286234326,0.06662806664762747,0.26037408113045896,0.37705046300462025,0.2940969356018669,,,,,,,0.8444002447980417,0.20884454631252528,0.010516381286234326,0.06662806664762747,0.26037408113045896,0.37705046300462025,0.2940969356018669,SAN-RDM,1
2025,1,SAN,RDU,317.64105263157893,1491.0,2324.7136222910217,244.0,274.0,2.0,0.0,0.0,0.0,0.0,0.0,2.2231333333333336,0.20884454631252528,0.010516381286234326,0.06662806664762747,0.26037408113045896,0.37705046300462025,0.2940969356018669,,,,,,,0.8905109489051095,0.20884454631252528,0.010516381286234326,0.06662806664762747,0.26037408113045896,0.37705046300462025,0.2940969356018669,SAN-RDU,1
2025,1,SAN,RNO,179.45840368380658,2723.0,514.8848810437452,26944.0,38731.0,299.0,310.0,3.0,6.83112582781457,0.025806451612903226,0.19032258064516128,2.2231333333333336,0.20884454631252528,0.010516381286234326,0.06662806664762747,0.26037408113045896,0.37705046300462025,0.2940969356018669,,,,,,,0.6956701350339521,0.20884454631252528,0.010516381286234326,0.06662806664762747,0.26037408113045896,0.37705046300462025,0.2940969356018669,SAN-RNO,0
2025,1,SAN,SAT,268.69310185185185,3160.0,1235.0175925925926,30666.0,43366.0,288.0,140.0,1.0,9.057553956834532,0.007142857142857143,0.17142857142857143,2.2231333333333336,0.20884454631252528,0.010516381286234326,0.06662806664762747,0.26037408113045896,0.37705046300462025,0.2940969356018669,,,,,,,0.7071438454088457,0.20884454631252528,0.010516381286234326,0.06662806664762747,0.26037408113045896,0.37705046300462025,0.2940969356018669,SAN-SAT,0
2025,1,SAN,SBP,159.56824074074075,627.0,273.41358024691357,9450.0,13148.0,173.0,178.0,1.0,11.298850574712644,0.028089887640449437,0.2752808988764045,2.2231333333333336,0.20884454631252528,0.010516381286234326,0.06662806664762747,0.26037408113045896,0.37705046300462025,0.2940969356018669,,,,,,,0.7187404928506237,0.20884454631252528,0.010516381286234326,0.06662806664762747,0.26037408113045896,0.37705046300462025,0.2940969356018669,SAN-SBP,0
2025,1,SAN,SDF,313.2665229110512,384.0,2018.5983827493262,0.0,0.0,136.0,0.0,0.0,0.0,0.0,0.0,2.2231333333333336,0.20884454631252528,0.010516381286234326,0.06662806664762747,0.26037408113045896,0.37705046300462025,0.2940969356018669,,,,,,,,0.20884454631252528,0.010516381286234326,0.06662806664762747,0.26037408113045896,0.37705046300462025,0.2940969356018669,SAN-SDF,0
2025,1,SAN,SEA,220.60758324751117,10198.0,1072.5506350841058,127738.0,163404.0,1003.0,1012.0,4.0,6.8373253493013975,0.009881422924901186,0.1600790513833992,2.2231333333333336,0.20884454631252528,0.010516381286234326,0.06662806664762747,0.26037408113045896,0.37705046300462025,0.2940969356018669,,,,,,,0.7817311693716188,0.20884454631252528,0.010516381286234326,0.06662806664762747,0.26037408113045896,0.37705046300462025,0.2940969356018669,SAN-SEA,0
2025,1,SAN,SFO,148.0331012658228,14688.0,449.4685726756875,196821.0,224158.0,1645.0,1659.0,6.0,13.3542300669507,0.009644364074743821,0.24050632911392406,2.2231333333333336,0.20884454631252528,0.010516381286234326,0.06662806664762747,0.26037408113045896,0.37705046300462025,0.2940969356018669,0.22080340516094707,0.00951789778605421,0.04750395680104273,0.43247928498277627,0.2687235825342147,0.25053346988176145,0.8780458426645491,0.21482397573673617,0.01001713953614427,0.0570660117243351,0.3464266830566176,0.3228870227694175,0.2723152027418142,SAN-SFO,1
2025,1,SAN,SJC,153.95476405274115,10594.0,420.4687716863289,124923.0,176184.0,1273.0,1272.0,5.0,6.957176843774782,0.009433962264150943,0.17688679245283018,2.2231333333333336,0.20884454631252528,0.010516381286234326,0.06662806664762747,0.26037408113045896,0.37705046300462025,0.2940969356018669,,,,,,,0.7090484947554829,0.20884454631252528,0.010516381286234326,0.06662806664762747,0.26037408113045896,0.37705046300462025,0.2940969356018669,SAN-SJC,0
2025,1,SAN,SLC,223.43547463175125,6438.0,659.3776595744681,85254.0,107898.0,648.0,639.0,3.0,6.519561815336464,0.0,0.15805946791862285,2.2231333333333336,0.20884454631252528,0.010516381286234326,0.06662806664762747,0.26037408113045896,0.37705046300462025,0.2940969356018669,,,,,,,0.7901351276205305,0.20884454631252528,0.010516381286234326,0.06662806664762747,0.26037408113045896,0.37705046300462025,0.2940969356018669,SAN-SLC,0
2025,1,SAN,SMF,156.49493262556146,10895.0,485.3609636586362,125999.0,159870.0,1174.0,1184.0,3.0,7.953964194373402,0.009290540540540541,0.20270270270270271,2.2231333333333336,0.20884454631252528,0.010516381286234326,0.06662806664762747,0.26037408113045896,0.37705046300462025,0.2940969356018669,,,,,,,0.7881341089635329,0.20884454631252528,0.010516381286234326,0.06662806664762747,0.26037408113045896,0.37705046300462025,0.2940969356018669,SAN-SMF,0
2025,1,SAN,STL,269.0676450798991,1682.0,1661.2304457527334,14966.0,21251.0,135.0,136.0,1.0,3.462686567164179,0.014705882352941176,0.125,2.2231333333333336,0.20884454631252528,0.010516381286234326,0.06662806664762747,0.26037408113045896,0.37705046300462025,0.2940969356018669,,,,,,,0.7042492118017976,0.20884454631252528,0.010516381286234326,0.06662806664762747,0.26037408113045896,0.37705046300462025,0.2940969356018669,SAN-STL,0
2025,1,SAN,STS,186.4884560570071,881.0,515.4394299287411,8638.0,10564.0,139.0,151.0,1.0,12.63448275862069,0.052980132450331126,0.2185430463576159,2.2231333333333336,0.20884454631252528,0.010516381286234326,0.06662806664762747,0.26037408113045896,0.37705046300462025,0.2940969356018669,,,,,,,0.8176826959485044,0.20884454631252528,0.010516381286234326,0.06662806664762747,0.26037408113045896,0.37705046300462025,0.2940969356018669,SAN-STS,1
2025,1,SAN,SYR,320.5127,313.0,2514.0533333333333,123.0,159.0,1.0,0.0,0.0,0.0,0.0,0.0,2.2231333333333336,0.20884454631252528,0.010516381286234326,0.06662806664762747,0.26037408113045896,0.37705046300462025,0.2940969356018669,,,,,,,0.7735849056603774,0.20884454631252528,0.010516381286234326,0.06662806664762747,0.26037408113045896,0.37705046300462025,0.2940969356018669,SAN-SYR,0
2025,1,SAN,TPA,270.55864295125167,2112.0,2233.6521739130435,10054.0,11698.0,67.0,69.0,1.0,18.147058823529413,0.014492753623188406,0.30434782608695654,2.2231333333333336,0.20884454631252528,0.010516381286234326,0.06662806664762747,0.26037408113045896,0.37705046300462025,0.2940969356018669,,,,,,,0.859463156095059,0.20884454631252528,0.010516381286234326,0.06662806664762747,0.26037408113045896,0.37705046300462025,0.2940969356018669,SAN-TPA,1
2025,1,SAN,TUS,197.43025641025642,1014.0,390.0860805860806,12181.0,19832.0,136.0,137.0,1.0,5.5588235294117645,0.0072992700729927005,0.13138686131386862,2.2231333333333336,0.20884454631252528,0.010516381286234326,0.06662806664762747,0.26037408113045896,0.37705046300462025,0.2940969356018669,,,,,,,0.6142093586123437,0.20884454631252528,0.010516381286234326,0.06662806664762747,0.26037408113045896,0.37705046300462025,0.2940969356018669,SAN-TUS,0
2025,1,SAT,ABI,377.22222222222223,9.0,405.0,32.0,155.0,1.0,0.0,0.0,0.0,0.0,0.0,2.2231333333333336,,,,,,,,,,,,,0.2064516129032258,,,,,,,SAT-ABI,0
2025,1,SAT,ABQ,237.97165656565656,566.0,947.8060606060606,126.0,150.0,1.0,0.0,0.0,0.0,0.0,0.0,2.2231333333333336,,,,,,,,,,,,,0.84,,,,,,,SAT-ABQ,1
2025,1,SAT,ACT,183.5,1.0,336.0,0.0,310.0,2.0,0.0,0.0,0.0,0.0,0.0,2.2231333333333336,,,,,,,,,,,,,0.0,,,,,,,SAT-ACT,0
2025,1,SAT,AEX,273.3529411764706,19.0,532.0,357.0,1625.0,10.0,0.0,0.0,0.0,0.0,0.0,2.2231333333333336,,,,,,,,,,,,,0.2196923076923077,,,,,,,SAT-AEX,0
2025,1,SAT,ATL,275.6152583387835,5958.0,909.9614126880314,185864.0,233588.0,1334.0,677.0,2.0,11.724812030075189,0.01772525849335303,0.18463810930576072,2.2231333333333336,,,,,,,0.18040542999599665,0.022200385777195474,0.07972794287792138,0.19235893028329643,0.3715323460381475,0.35574939671415823,0.7956915594979194,0.18040542999599665,0.022200385777195474,0.07972794287792138,0.19235893028329643,0.3715323460381475,0.35574939671415823,SAT-ATL,0
2025,1,SAT,BDL,302.75481792717085,378.0,1775.4733893557423,0.0,132.0,1.0,0.0,0.0,0.0,0.0,0.0,2.2231333333333336,,,,,,,,,,,,,0.0,,,,,,,SAT-BDL,0
2025,1,SAT,BHM,261.13120743034057,372.0,877.6099071207431,123.0,143.0,1.0,0.0,0.0,0.0,0.0,0.0,2.2231333333333336,,,,,,,,,,,,,0.8601398601398601,,,,,,,SAT-BHM,1
2025,1,SAT,BNA,256.15052444444444,1708.0,904.2186666666666,23829.0,31932.0,195.0,199.0,1.0,2.9794871794871796,0.020100502512562814,0.09045226130653267,2.2231333333333336,,,,,,,,,,,,,0.7462420142803458,,,,,,,SAT-BNA,0
2025,1,SAT,BOS,283.55892204042345,1362.0,1818.2781520692974,6785.0,10831.0,74.0,74.0,1.0,39.567567567567565,0.0,0.2972972972972973,2.2231333333333336,,,,,,,,,,,,,0.6264426184101191,,,,,,,SAT-BOS,0
2025,1,SAT,BRO,307.22222222222223,10.0,499.0,16.0,155.0,1.0,0.0,0.0,0.0,0.0,0.0,2.2231333333333336,,,,,,,,,,,,,0.1032258064516129,,,,,,,SAT-BRO,0
2025,1,SAT,BUF,280.7726775956284,196.0,1605.4918032786886,17.0,155.0,1.0,0.0,0.0,0.0,0.0,0.0,2.2231333333333336,,,,,,,,,,,,,0.10967741935483871,,,,,,,SAT-BUF,0
2025,1,SAT,BUR,256.149023255814,502.0,1328.5023255813953,2746.0,4004.0,28.0,15.0,1.0,4.357142857142857,0.06666666666666667,0.26666666666666666,2.2231333333333336,,,,,,,,,,,,,0.6858141858141859,,,,,,,SAT-BUR,0
2025,1,SAT,BWI,294.2528636779506,1545.0,1474.9332113449223,19680.0,29646.0,178.0,183.0,1.0,3.893854748603352,0.02185792349726776,0.10382513661202186,2.2231333333333336,,,,,,,,,,,,,0.6638332321392431,,,,,,,SAT-BWI,0
2025,1,SAT,CLT,283.90665700483095,1612.0,1155.3072463768117,47505.0,57896.0,336.0,342.0,1.0,19.01194029850746,0.02046783625730994,0.1608187134502924,2.2231333333333336,,,,,,,,,,,,,0.8205230067707614,,,,,,,SAT-CLT,1
2025,1,SAT,CMH,262.32238095238097,590.0,1283.8500881834216,0.0,155.0,1.0,0.0,0.0,0.0,0.0,0.0,2.2231333333333336,,,,,,,,,,,,,0.0,,,,,,,SAT-CMH,0
2025,1,SAT,COS,212.7392757009346,512.0,897.9626168224299,322.0,525.0,3.0,3.0,1.0,8.333333333333334,0.0,0.6666666666666666,2.2231333333333336,,,,,,,,,,,,,0.6133333333333333,,,,,,,SAT-COS,0
2025,1,SAT,CSG,338.58529411764704,92.0,957.0,36.0,310.0,2.0,0.0,0.0,0.0,0.0,0.0,2.2231333333333336,,,,,,,,,,,,,0.11612903225806452,,,,,,,SAT-CSG,0
2025,1,SAT,CVG,291.3277777777778,469.0,1248.986111111111,0.0,0.0,4.0,0.0,0.0,0.0,0.0,0.0,2.2231333333333336,,,,,,,,,,,,,,,,,,,,SAT-CVG,0
2025,1,SAT,DAL,194.71954929577464,2981.0,249.0957746478873,67814.0,107080.0,682.0,697.0,1.0,4.146017699115045,0.027259684361549498,0.11908177905308465,2.2231333333333336,,,,,,,,,,,,,0.6333022039596563,,,,,,,SAT-DAL,0
2025,1,SAT,DCA,250.35015007898892,1603.0,1452.5497630331754,4067.0,5510.0,29.0,29.0,1.0,-1.9655172413793103,0.0,0.034482758620689655,2.2231333333333336,,,,,,,,,,,,,0.7381125226860255,,,,,,,SAT-DCA,0
2025,1,SAT,DEN,222.06354684512428,4253.0,824.3503824091778,84445.0,109305.0,685.0,688.0,4.0,6.3464912280701755,0.005813953488372093,0.1569767441860465,2.2231333333333336,,,,,,,,,,,,,0.7725630117560953,,,,,,,SAT-DEN,0
2025,1,SAT,DFW,266.31152030217186,2016.0,253.014164305949,128854.0,157390.0,1177.0,1105.0,3.0,13.29245283018868,0.04072398190045249,0.19366515837104073,2.2231333333333336,,,,,,,0.2062396282774643,0.03747759707932293,0.10718704340430481,0.1903530643250198,0.3470410781655484,0.3542601059847202,0.818692420102929,0.2062396282774643,0.03747759707932293,0.10718704340430481,0.1903530643250198,0.3470410781655484,0.3542601059847202,SAT-DFW,1
2025,1,SAT,DTW,335.26486746987956,1397.0,1303.2638554216867,18300.0,26074.0,179.0,180.0,1.0,4.837988826815643,0.005555555555555556,0.12777777777777777,2.2231333333333336,,,,,,,,,,,,,0.7018485847971159,,,,,,,SAT-DTW,0
2025,1,SAT,ELP,207.37621502209132,1585.0,561.1369661266568,18149.0,34948.0,242.0,213.0,1.0,2.9714285714285715,0.014084507042253521,0.1267605633802817,2.2231333333333336,,,,,,,,,,,,,0.5193144099805426,,,,,,,SAT-ELP,0
2025,1,SAT,EWR,324.628648,1755.0,1637.2968,16229.0,20167.0,133.0,133.0,1.0,9.727272727272727,0.015037593984962405,0.15789473684210525,2.2231333333333336,,,,,,,,,,,,,0.8047305003223088,,,,,,,SAT-EWR,1
2025,1,SAT,FLL,214.3726184834123,1344.0,1263.1836492890995,9841.0,11951.0,66.0,66.0,2.0,5.878787878787879,0.0,0.16666666666666666,2.2231333333333336,,,,,,,,,,,,,0.8234457367584302,,,,,,,SAT-FLL,1
2025,1,SAT,GPT,229.25806451612902,102.0,733.9784946236559,629.0,744.0,4.0,0.0,0.0,0.0,0.0,0.0,2.2231333333333336,,,,,,,,,,,,,0.8454301075268817,,,,,,,SAT-GPT,1
2025,1,SAT,HOU,184.61600558659217,677.0,192.0614525139665,34303.0,57626.0,380.0,374.0,1.0,2.5190217391304346,0.016042780748663103,0.11229946524064172,2.2231333333333336,,,,,,,,,,,,,0.5952694964078714,,,,,,,SAT-HOU,0
2025,1,SAT,HRL,155.56088607594936,88.0,472.873417721519,547.0,2306.0,14.0,0.0,0.0,0.0,0.0,0.0,2.2231333333333336,,,,,,,,,,,,,0.23720728534258456,,,,,,,SAT-HRL,0
2025,1,SAT,IAD,300.4724302430243,1582.0,1403.5418541854185,21013.0,26409.0,182.0,182.0,2.0,6.736263736263736,0.0,0.17032967032967034,2.2231333333333336,,,,,,,,,,,,,0.7956757166117612,,,,,,,SAT-IAD,0
2025,1,SAT,IAH,234.7039162561576,596.0,191.07389162561577,70490.0,93654.0,734.0,712.0,3.0,3.3859397417503585,0.021067415730337078,0.10955056179775281,2.2231333333333336,,,,,,,0.16850534248952576,0.02717108362049731,0.06321467851469073,0.21375131175937725,0.3868472966603237,0.33570759355923724,0.7526640613321375,0.16850534248952576,0.02717108362049731,0.06321467851469073,0.21375131175937725,0.3868472966603237,0.33570759355923724,SAT-IAH,0
2025,1,SAT,ICT,252.67254545454546,167.0,715.1333333333333,109.0,186.0,1.0,0.0,0.0,0.0,0.0,0.0,2.2231333333333336,,,,,,,,,,,,,0.5860215053763441,,,,,,,SAT-ICT,0
2025,1,SAT,IND,272.34270569620253,681.0,1169.9224683544303,236.0,325.0,2.0,0.0,0.0,0.0,0.0,0.0,2.2231333333333336,,,,,,,,,,,,,0.7261538461538461,,,,,,,SAT-IND,0
2025,1,SAT,JFK,318.1000918836141,1070.0,1681.87595712098,10760.0,13868.0,89.0,90.0,1.0,22.68888888888889,0.0,0.3,2.2231333333333336,,,,,,,,,,,,,0.7758869339486588,,,,,,,SAT-JFK,0
2025,1,SAT,LAS,213.26862637362638,5413.0,1119.0448013524936,69800.0,94396.0,549.0,553.0,3.0,7.859489051094891,0.009041591320072333,0.189873417721519,2.2231333333333336,,,,,,,,,,,,,0.7394381117843977,,,,,,,SAT-LAS,0
2025,1,SAT,LAX,229.37517439082657,7276.0,1256.110845676063,89730.0,122170.0,932.0,466.0,5.0,9.995680345572355,0.006437768240343348,0.16523605150214593,2.2231333333333336,,,,,,,0.1662822530232157,0.008191243991291414,0.06384287985231527,0.17061212978089035,0.33008563663401874,0.43409495483748084,0.7344683637554228,0.1662822530232157,0.008191243991291414,0.06384287985231527,0.17061212978089035,0.33008563663401874,0.43409495483748084,SAT-LAX,0
2025,1,SAT,LBB,243.85862637362635,216.0,545.2582417582418,0.0,0.0,11.0,0.0,0.0,0.0,0.0,0.0,2.2231333333333336,,,,,,,,,,,,,,,,,,,,SAT-LBB,0
2025,1,SAT,MAF,314.67,92.0,574.3678160919541,0.0,186.0,1.0,0.0,0.0,0.0,0.0,0.0,2.2231333333333336,,,,,,,,,,,,,0.0,,,,,,,SAT-MAF,0
2025,1,SAT,MCI,250.80884665792922,980.0,784.867627785059,6525.0,8938.0,54.0,55.0,1.0,2.5555555555555554,0.01818181818181818,0.16363636363636364,2.2231333333333336,,,,,,,,,,,,,0.7300290892817185,,,,,,,SAT-MCI,0
2025,1,SAT,MCO,247.8770707070707,3130.0,1124.2459595959597,32615.0,41866.0,251.0,253.0,3.0,7.235059760956175,0.007905138339920948,0.13438735177865613,2.2231333333333336,,,,,,,,,,,,,0.779033105622701,,,,,,,SAT-MCO,0
2025,1,SAT,MDW,257.90353915662655,1130.0,1075.1355421686746,17825.0,26888.0,170.0,172.0,1.0,0.8235294117647058,0.011627906976744186,0.09302325581395349,2.2231333333333336,,,,,,,,,,,,,0.662935138351681,,,,,,,SAT-MDW,0
2025,1,SAT,MEM,264.3645297029703,447.0,752.0841584158416,357.0,601.0,131.0,0.0,0.0,0.0,0.0,0.0,2.2231333333333336,,,,,,,,,,,,,0.5940099833610649,,,,,,,SAT-MEM,0
2025,1,SAT,MIA,290.376770053476,1185.0,1267.909090909091,15737.0,19551.0,150.0,145.0,3.0,5.02112676056338,0.020689655172413793,0.12413793103448276,2.2231333333333336,,,,,,,,,,,,,0.8049204644263721,,,,,,,SAT-MIA,1
2025,1,SAT,MKE,292.25717499999996,422.0,1309.29,61.0,72.0,1.0,0.0,0.0,0.0,0.0,0.0,2.2231333333333336,,,,,,,,,,,,,0.8472222222222222,,,,,,,SAT-MKE,1
2025,1,SAT,MSP,339.31695420660276,1501.0,1238.7784877529286,15961.0,20581.0,165.0,165.0,1.0,-3.9634146341463414,0.006060606060606061,0.08484848484848485,2.2231333333333336,,,,,,,,,,,,,0.7755211117049706,,,,,,,SAT-MSP,0
2025,1,SAT,MSY,220.11924439197168,1218.0,536.0519480519481,12280.0,21703.0,138.0,134.0,2.0,3.734848484848485,0.014925373134328358,0.14925373134328357,2.2231333333333336,,,,,,,,,,,,,0.565820393493987,,,,,,,SAT-MSY,0
2025,1,SAT,MWA,418.0,1.0,1338.0,0.0,155.0,1.0,0.0,0.0,0.0,0.0,0.0,2.2231333333333336,,,,,,,,,,,,,0.0,,,,,,,SAT-MWA,0
2025,1,SAT,OKC,222.0621198156682,551.0,470.7235023041475,4483.0,8718.0,54.0,51.0,1.0,2.7058823529411766,0.0,0.11764705882352941,2.2231333333333336,,,,,,,,,,,,,0.5142234457444368,,,,,,,SAT-OKC,0
2025,1,SAT,ONT,246.134522417154,1168.0,1302.8849902534114,0.0,0.0,2.0,0.0,0.0,0.0,0.0,0.0,2.2231333333333336,,,,,,,,,,,,,,,,,,,,SAT-ONT,0
2025,1,SAT,ORD,316.65684027777775,2008.0,1090.5465277777778,36730.0,48001.0,343.0,345.0,5.0,13.425655976676385,0.005797101449275362,0.1391304347826087,2.2231333333333336,,,,,,,,,,,,,0.7651923918251703,,,,,,,SAT-ORD,0
2025,1,SAT,PHX,267.4656246191347,3129.0,907.8628884826326,72665.0,103578.0,686.0,692.0,4.0,5.072886297376093,0.008670520231213872,0.12861271676300579,2.2231333333333336,,,,,,,,,,,,,0.701548591399718,,,,,,,SAT-PHX,0
2025,1,SAT,RNO,241.8984487534626,411.0,1482.2714681440443,161.0,186.0,1.0,0.0,0.0,0.0,0.0,0.0,2.2231333333333336,,,,,,,,,,,,,0.8655913978494624,,,,,,,SAT-RNO,1
2025,1,SAT,SAN,269.95916666666665,3182.0,1251.3315018315018,27180.0,37282.0,254.0,127.0,1.0,4.393700787401575,0.0,0.10236220472440945,2.2231333333333336,,,,,,,0.20884454631252528,0.010516381286234326,0.06662806664762747,0.26037408113045896,0.37705046300462025,0.2940969356018669,0.7290381417305939,0.20884454631252528,0.010516381286234326,0.06662806664762747,0.26037408113045896,0.37705046300462025,0.2940969356018669,SAT-SAN,0
2025,1,SAT,SDF,273.6008806818182,379.0,1142.034090909091,108.0,143.0,141.0,0.0,0.0,0.0,0.0,0.0,2.2231333333333336,,,,,,,,,,,,,0.7552447552447552,,,,,,,SAT-SDF,0
2025,1,SAT,SEA,240.33297805642633,1897.0,1891.7688087774295,14212.0,16898.0,96.0,97.0,1.0,8.824742268041238,0.0,0.28865979381443296,2.2231333333333336,,,,,,,,,,,,,0.8410462776659959,,,,,,,SAT-SEA,1
2025,1,SAT,SFO,299.1269988137604,2144.0,1559.115065243179,18112.0,24754.0,270.0,134.0,2.0,6.7611940298507465,0.0,0.11940298507462686,2.2231333333333336,,,,,,,0.22080340516094707,0.00951789778605421,0.04750395680104273,0.43247928498277627,0.2687235825342147,0.25053346988176145,0.7316797285287227,0.22080340516094707,0.00951789778605421,0.04750395680104273,0.43247928498277627,0.2687235825342147,0.25053346988176145,SAT-SFO,0
2025,1,SAT,SJU,269.64776357827475,813.0,2284.493610223642,1740.0,2464.0,14.0,14.0,1.0,47.642857142857146,0.0,0.5,2.2231333333333336,,,,,,,,,,,,,0.7061688311688312,,,,,,,SAT-SJU,0
2025,1,SAT,SLC,305.56314917127077,1625.0,1194.7436464088398,23112.0,30743.0,243.0,244.0,1.0,12.801652892561984,0.00819672131147541,0.1557377049180328,2.2231333333333336,,,,,,,,,,,,,0.7517808932114628,,,,,,,SAT-SLC,0
2025,1,SAT,SMF,252.2385209424084,1696.0,1573.967277486911,126.0,144.0,2.0,0.0,0.0,0.0,0.0,0.0,2.2231333333333336,,,,,,,,,,,,,0.875,,,,,,,SAT-SMF,1
2025,1,SAT,STL,251.87323624595467,1285.0,862.1790722761597,12198.0,19031.0,121.0,123.0,1.0,3.8916666666666666,0.024390243902439025,0.11382113821138211,2.2231333333333336,,,,,,,,,,,,,0.6409542325679155,,,,,,,SAT-STL,0
2025,1,SAT,TPA,273.0287189672294,1335.0,1088.8083416087388,10137.0,14811.0,98.0,99.0,2.0,8.8125,0.030303030303030304,0.12121212121212122,2.2231333333333336,,,,,,,,,,,,,0.6844237391128215,,,,,,,SAT-TPA,0
2025,1,SAT,TUS,249.86016501650167,339.0,1141.4026402640263,0.0,65.0,1.0,0.0,0.0,0.0,0.0,0.0,2.2231333333333336,,,,,,,,,,,,,0.0,,,,,,,SAT-TUS,0
2025,1,SAT,TYS,298.5627155172414,250.0,1066.2887931034484,144.0,150.0,1.0,0.0,0.0,0.0,0.0,0.0,2.2231333333333336,,,,,,,,,,,,,0.96,,,,,,,SAT-TYS,1
2025,1,SAV,ATL,249.29830065359477,760.0,218.17211328976035,89018.0,104567.0,647.0,673.0,1.0,7.834621329211746,0.03863298662704309,0.1411589895988113,2.2231333333333336,,,,,,,0.18040542999599665,0.022200385777195474,0.07972794287792138,0.19235893028329643,0.3715323460381475,0.35574939671415823,0.8513010796905334,0.18040542999599665,0.022200385777195474,0.07972794287792138,0.19235893028329643,0.3715323460381475,0.35574939671415823,SAV-ATL,1
2025,1,SAV,ATW,150.74420118343195,230.0,964.810650887574,1677.0,2292.0,14.0,14.0,1.0,3.7142857142857144,0.0,0.14285714285714285,2.2231333333333336,,,,,,,,,,,,,0.731675392670157,,,,,,,SAV-ATW,0
2025,1,SAV,AVL,258.0,5.0,363.2,65.0,177.0,1.0,1.0,1.0,28.0,0.0,1.0,2.2231333333333336,,,,,,,,,,,,,0.3672316384180791,,,,,,,SAV-AVL,0
2025,1,SAV,BDL,196.52221122112212,456.0,902.5148514851485,2609.0,3688.0,27.0,0.0,0.0,0.0,0.0,0.0,2.2231333333333336,,,,,,,,,,,,,0.7074295010845987,,,,,,,SAV-BDL,0
2025,1,SAV,BNA,211.81326642335767,956.0,434.257299270073,19171.0,27286.0,170.0,174.0,1.0,11.852941176470589,0.022988505747126436,0.20114942528735633,2.2231333333333336,,,,,,,,,,,,,0.7025947372278825,,,,,,,SAV-BNA,0
2025,1,SAV,BOS,204.89392578125,2155.0,917.8779296875,17986.0,22633.0,172.0,176.0,3.0,23.476744186046513,0.022727272727272728,0.25,2.2231333333333336,,,,,,,,,,,,,0.794680334025538,,,,,,,SAV-BOS,0
2025,1,SAV,BUF,202.51828282828285,214.0,889.5959595959596,68.0,76.0,1.0,0.0,0.0,0.0,0.0,0.0,2.2231333333333336,,,,,,,,,,,,,0.8947368421052632,,,,,,,SAV-BUF,1
2025,1,SAV,BWI,198.97959259259258,952.0,571.3685185185185,18727.0,29869.0,195.0,203.0,1.0,5.760204081632653,0.03940886699507389,0.18226600985221675,2.2231333333333336,,,,,,,,,,,,,0.6269711071679668,,,,,,,SAV-BWI,0
2025,1,SAV,CAK,118.64788461538461,327.0,612.8846153846154,2925.0,3945.0,25.0,26.0,1.0,31.32,0.038461538461538464,0.23076923076923078,2.2231333333333336,,,,,,,,,,,,,0.7414448669201521,,,,,,,SAV-CAK,0
2025,1,SAV,CHA,329.5464705882353,36.0,363.3529411764706,0.0,0.0,11.0,0.0,0.0,0.0,0.0,0.0,2.2231333333333336,,,,,,,,,,,,,,,,,,,,SAV-CHA,0
2025,1,SAV,CLT,180.3529353233831,231.0,214.8407960199005,42853.0,53778.0,625.0,671.0,3.0,12.02572347266881,0.07302533532041729,0.16989567809239942,2.2231333333333336,,,,,,,,,,,,,0.7968500130164752,,,,,,,SAV-CLT,0
2025,1,SAV,CVG,173.11383248730965,521.0,582.2715736040609,3169.0,4434.0,28.0,29.0,1.0,31.892857142857142,0.034482758620689655,0.3448275862068966,2.2231333333333336,,,,,,,,,,,,,0.7147045557059089,,,,,,,SAV-CVG,0
2025,1,SAV,DAL,249.80733624454146,562.0,966.2270742358079,11922.0,15230.0,98.0,49.0,1.0,8.020408163265307,0.0,0.20408163265306123,2.2231333333333336,,,,,,,,,,,,,0.7827971109652002,,,,,,,SAV-DAL,0
2025,1,SAV,DCA,234.20177816901406,824.0,564.5264084507043,10929.0,14766.0,224.0,264.0,2.0,35.06666666666667,0.14772727272727273,0.2765151515151515,2.2231333333333336,,,,,,,,,,,,,0.7401462819991873,,,,,,,SAV-DCA,0
2025,1,SAV,DEN,287.87503355704695,855.0,1518.6335570469798,5422.0,6116.0,81.0,82.0,3.0,6.061728395061729,0.012195121951219513,0.15853658536585366,2.2231333333333336,,,,,,,,,,,,,0.8865271419228253,,,,,,,SAV-DEN,1
2025,1,SAV,DFW,309.3523211446741,1934.0,957.9507154213037,48850.0,58012.0,424.0,222.0,2.0,16.669811320754718,0.04504504504504504,0.2072072072072072,2.2231333333333336,,,,,,,0.2062396282774643,0.03747759707932293,0.10718704340430481,0.1903530643250198,0.3470410781655484,0.3542601059847202,0.8420671585189271,0.2062396282774643,0.03747759707932293,0.10718704340430481,0.1903530643250198,0.3470410781655484,0.3542601059847202,SAV-DFW,1
2025,1,SAV,DTW,319.6128094302554,649.0,838.9332023575638,524.0,550.0,5.0,5.0,1.0,24.8,0.0,1.0,2.2231333333333336,,,,,,,,,,,,,0.9527272727272728,,,,,,,SAV-DTW,1
2025,1,SAV,EWR,216.5642317173377,1812.0,721.4880854560395,19376.0,25920.0,234.0,241.0,4.0,7.662393162393163,0.03319502074688797,0.12863070539419086,2.2231333333333336,,,,,,,,,,,,,0.7475308641975309,,,,,,,SAV-EWR,0
2025,1,SAV,FLL,184.03030769230767,451.0,663.0769230769231,2720.0,4242.0,27.0,27.0,1.0,22.333333333333332,0.0,0.18518518518518517,2.2231333333333336,,,,,,,,,,,,,0.6412069778406412,,,,,,,SAV-FLL,0
2025,1,SAV,GPT,246.97134615384616,56.0,640.7692307692307,584.0,744.0,4.0,0.0,0.0,0.0,0.0,0.0,2.2231333333333336,,,,,,,,,,,,,0.7849462365591398,,,,,,,SAV-GPT,0
2025,1,SAV,GRR,210.7815969581749,310.0,859.277566539924,1150.0,1716.0,11.0,11.0,1.0,10.090909090909092,0.0,0.36363636363636365,2.2231333333333336,,,,,,,,,,,,,0.6701631701631702,,,,,,,SAV-GRR,0
2025,1,SAV,HOU,226.7375652173913,540.0,977.7521739130435,4838.0,7090.0,46.0,24.0,1.0,14.0,0.0,0.25,2.2231333333333336,,,,,,,,,,,,,0.6823695345557123,,,,,,,SAV-HOU,0
2025,1,SAV,HVN,67.68,157.0,780.0,1353.0,2235.0,15.0,0.0,0.0,0.0,0.0,0.0,2.2231333333333336,,,,,,,,,,,,,0.6053691275167785,,,,,,,SAV-HVN,0
2025,1,SAV,IAD,227.33003273322421,807.0,526.4844517184943,15251.0,20069.0,275.0,285.0,4.0,4.381818181818182,0.03508771929824561,0.10877192982456141,2.2231333333333336,,,,,,,,,,,,,0.7599282475459664,,,,,,,SAV-IAD,0
2025,1,SAV,IAH,294.9433112582782,1174.0,904.0441501103753,20734.0,24500.0,326.0,172.0,1.0,6.245398773006135,0.05232558139534884,0.11046511627906977,2.2231333333333336,,,,,,,0.16850534248952576,0.02717108362049731,0.06321467851469073,0.21375131175937725,0.3868472966603237,0.33570759355923724,0.8462857142857143,0.16850534248952576,0.02717108362049731,0.06321467851469073,0.21375131175937725,0.3868472966603237,0.33570759355923724,SAV-IAH,1
2025,1,SAV,ILM,395.0,7.0,398.0,60.0,76.0,1.0,0.0,0.0,0.0,0.0,0.0,2.2231333333333336,,,,,,,,,,,,,0.7894736842105263,,,,,,,SAV-ILM,0
2025,1,SAV,IND,214.78500000000003,371.0,723.2006369426751,900.0,1248.0,8.0,8.0,1.0,15.125,0.0,0.25,2.2231333333333336,,,,,,,,,,,,,0.7211538461538461,,,,,,,SAV-IND,0
2025,1,SAV,JFK,192.78194644696188,1933.0,722.740473738414,25497.0,32729.0,350.0,368.0,3.0,12.220963172804533,0.04076086956521739,0.1875,2.2231333333333336,,,,,,,,,,,,,0.7790338843227719,,,,,,,SAV-JFK,0
2025,1,SAV,LCK,62.42176870748299,290.0,539.0,3093.0,4680.0,30.0,30.0,1.0,40.0,0.0,0.16666666666666666,2.2231333333333336,,,,,,,,,,,,,0.6608974358974359,,,,,,,SAV-LCK,0
2025,1,SAV,LGA,208.3825929648241,1393.0,740.2763819095477,14467.0,18412.0,246.0,257.0,2.0,12.678861788617887,0.042801556420233464,0.1517509727626459,2.2231333333333336,,,,,,,,,,,,,0.7857375624592657,,,,,,,SAV-LGA,0
2025,1,SAV,MCO,250.5,4.0,632.0,153.0,190.0,1.0,0.0,0.0,0.0,0.0,0.0,2.2231333333333336,,,,,,,,,,,,,0.8052631578947368,,,,,,,SAV-MCO,1
2025,1,SAV,MDW,200.10655737704917,626.0,784.8220140515223,9616.0,15814.0,98.0,101.0,2.0,12.826530612244898,0.0297029702970297,0.1188118811881188,2.2231333333333336,,,,,,,,,,,,,0.6080687997976476,,,,,,,SAV-MDW,0
2025,1,SAV,MEM,296.26171052631577,163.0,626.1447368421053,0.0,0.0,45.0,0.0,0.0,0.0,0.0,0.0,2.2231333333333336,,,,,,,,,,,,,,,,,,,,SAV-MEM,0
2025,1,SAV,MIA,302.5778787878788,543.0,507.26363636363635,12045.0,19760.0,260.0,271.0,1.0,7.073076923076923,0.04059040590405904,0.11808118081180811,2.2231333333333336,,,,,,,,,,,,,0.6095647773279352,,,,,,,SAV-MIA,0
2025,1,SAV,MOB,373.58757575757573,36.0,529.5151515151515,49.0,50.0,1.0,0.0,0.0,0.0,0.0,0.0,2.2231333333333336,,,,,,,,,,,,,0.98,,,,,,,SAV-MOB,1
2025,1,SAV,MSP,296.1948012718601,812.0,1164.181240063593,5772.0,6231.0,82.0,84.0,1.0,13.939024390243903,0.023809523809523808,0.19047619047619047,2.2231333333333336,,,,,,,,,,,,,0.9263360616273472,,,,,,,SAV-MSP,1
2025,1,SAV,MYR,456.9166666666667,6.0,370.0,103.0,110.0,1.0,0.0,0.0,0.0,0.0,0.0,2.2231333333333336,,,,,,,,,,,,,0.9363636363636364,,,,,,,SAV-MYR,1
2025,1,SAV,ORD,291.34799421407905,1336.0,798.9267116682738,18935.0,22326.0,240.0,246.0,3.0,1.475,0.024390243902439025,0.11382113821138211,2.2231333333333336,,,,,,,,,,,,,0.8481143061900923,,,,,,,SAV-ORD,1
2025,1,SAV,PBI,305.4557894736842,131.0,771.780701754386,3.0,8.0,1.0,0.0,0.0,0.0,0.0,0.0,2.2231333333333336,,,,,,,,,,,,,0.375,,,,,,,SAV-PBI,0
2025,1,SAV,PGD,27.28846153846154,113.0,362.0,1260.0,3900.0,25.0,26.0,1.0,1.12,0.038461538461538464,0.15384615384615385,2.2231333333333336,,,,,,,,,,,,,0.3230769230769231,,,,,,,SAV-PGD,0
2025,1,SAV,PHL,249.41066666666669,1162.0,654.3967741935484,13961.0,18685.0,266.0,280.0,4.0,12.17910447761194,0.04285714285714286,0.15,2.2231333333333336,,,,,,,,,,,,,0.7471768798501471,,,,,,,SAV-PHL,0
2025,1,SAV,PIE,31.460526315789473,88.0,304.0,1076.0,4212.0,27.0,27.0,1.0,35.44444444444444,0.0,0.14814814814814814,2.2231333333333336,,,,,,,,,,,,,0.25546058879392214,,,,,,,SAV-PIE,0
2025,1,SAV,PIT,172.736231884058,564.0,690.9855072463768,2966.0,4705.0,28.0,27.0,1.0,35.888888888888886,0.0,0.2222222222222222,2.2231333333333336,,,,,,,,,,,,,0.6303931987247609,,,,,,,SAV-PIT,0
2025,1,SAV,PVD,165.4255516014235,411.0,904.7046263345196,2166.0,3425.0,25.0,0.0,0.0,0.0,0.0,0.0,2.2231333333333336,,,,,,,,,,,,,0.6324087591240876,,,,,,,SAV-PVD,0
2025,1,SAV,RIC,264.90309523809526,132.0,616.047619047619,71.0,208.0,2.0,0.0,0.0,0.0,0.0,0.0,2.2231333333333336,,,,,,,,,,,,,0.34134615384615385,,,,,,,SAV-RIC,0
2025,1,SAV,SBY,359.92384615384617,13.0,633.9230769230769,47.0,50.0,1.0,0.0,0.0,0.0,0.0,0.0,2.2231333333333336,,,,,,,,,,,,,0.94,,,,,,,SAV-SBY,1
2025,1,SAV,SDF,258.7252554744526,147.0,602.6642335766423,0.0,0.0,56.0,0.0,0.0,0.0,0.0,0.0,2.2231333333333336,,,,,,,,,,,,,,,,,,,,SAV-SDF,0
2025,1,SAV,STL,275.1473374613003,361.0,824.6284829721362,356.0,572.0,4.0,4.0,1.0,66.25,0.0,0.25,2.2231333333333336,,,,,,,,,,,,,0.6223776223776224,,,,,,,SAV-STL,0
2025,1,SAV,SYR,219.2995890410959,154.0,905.3150684931506,66.0,76.0,1.0,0.0,0.0,0.0,0.0,0.0,2.2231333333333336,,,,,,,,,,,,,0.868421052631579,,,,,,,SAV-SYR,1
2025,1,SBA,ACV,247.42624999999998,16.0,521.625,0.0,70.0,1.0,0.0,0.0,0.0,0.0,0.0,2.2231333333333336,,,,,,,,,,,,,0.0,,,,,,,SBA-ACV,0
2025,1,SBA,ATL,436.74078947368423,422.0,2079.4894736842107,19542.0,22828.0,176.0,90.0,1.0,18.15909090909091,0.022222222222222223,0.14444444444444443,2.2231333333333336,,,,,,,0.18040542999599665,0.022200385777195474,0.07972794287792138,0.19235893028329643,0.3715323460381475,0.35574939671415823,0.8560539688102331,0.18040542999599665,0.022200385777195474,0.07972794287792138,0.19235893028329643,0.3715323460381475,0.35574939671415823,SBA-ATL,1
2025,1,SBA,DEN,242.4931854199683,961.0,966.3977812995246,22019.0,29530.0,179.0,0.0,0.0,0.0,0.0,0.0,2.2231333333333336,,,,,,,,,,,,,0.7456484930579073,,,,,,,SBA-DEN,0
2025,1,SBA,DFW,341.6296721311476,876.0,1338.068306010929,18372.0,22312.0,142.0,73.0,1.0,30.098591549295776,0.0273972602739726,0.2465753424657534,2.2231333333333336,,,,,,,0.2062396282774643,0.03747759707932293,0.10718704340430481,0.1903530643250198,0.3470410781655484,0.3542601059847202,0.8234134098243098,0.2062396282774643,0.03747759707932293,0.10718704340430481,0.1903530643250198,0.3470410781655484,0.3542601059847202,SBA-DFW,1
2025,1,SBA,EUG,190.7340579710145,71.0,883.7536231884058,90.0,228.0,3.0,0.0,0.0,0.0,0.0,0.0,2.2231333333333336,,,,,,,,,,,,,0.39473684210526316,,,,,,,SBA-EUG,0
2025,1,SBA,GEG,183.94900826446283,127.0,1085.5206611570247,0.0,70.0,1.0,0.0,0.0,0.0,0.0,0.0,2.2231333333333336,,,,,,,,,,,,,0.0,,,,,,,SBA-GEG,0
2025,1,SBA,LAS,192.99965147453082,738.0,292.7238605898123,21642.0,30824.0,208.0,0.0,0.0,0.0,0.0,0.0,2.2231333333333336,,,,,,,,,,,,,0.7021152348819102,,,,,,,SBA-LAS,0
2025,1,SBA,LAX,199.79166666666666,18.0,89.0,7862.0,12019.0,164.0,163.0,1.0,-1.7037037037037037,0.006134969325153374,0.07975460122699386,2.2231333333333336,,,,,,,0.1662822530232157,0.008191243991291414,0.06384287985231527,0.17061212978089035,0.33008563663401874,0.43409495483748084,0.6541309593144189,0.1662822530232157,0.008191243991291414,0.06384287985231527,0.17061212978089035,0.33008563663401874,0.43409495483748084,SBA-LAX,0
2025,1,SBA,OAK,172.57851851851854,473.0,263.0,6968.0,14637.0,91.0,90.0,1.0,2.1666666666666665,0.0,0.15555555555555556,2.2231333333333336,,,,,,,,,,,,,0.4760538361686138,,,,,,,SBA-OAK,0
2025,1,SBA,PDX,200.17617312072892,629.0,822.0979498861047,5973.0,6764.0,89.0,0.0,0.0,0.0,0.0,0.0,2.2231333333333336,,,,,,,,,,,,,0.8830573625073921,,,,,,,SBA-PDX,1
2025,1,SBA,PHX,276.03369127516777,580.0,483.86577181208054,19383.0,23110.0,310.0,0.0,0.0,0.0,0.0,0.0,2.2231333333333336,,,,,,,,,,,,,0.8387278234530506,,,,,,,SBA-PHX,1
2025,1,SBA,RNO,227.0095098039216,109.0,540.3137254901961,2.0,7.0,1.0,0.0,0.0,0.0,0.0,0.0,2.2231333333333336,,,,,,,,,,,,,0.2857142857142857,,,,,,,SBA-RNO,0
2025,1,SBA,SAN,173.90571428571428,14.0,198.0,1.0,7.0,1.0,0.0,0.0,0.0,0.0,0.0,2.2231333333333336,,,,,,,0.20884454631252528,0.010516381286234326,0.06662806664762747,0.26037408113045896,0.37705046300462025,0.2940969356018669,0.14285714285714285,0.20884454631252528,0.010516381286234326,0.06662806664762747,0.26037408113045896,0.37705046300462025,0.2940969356018669,SBA-SAN,0
2025,1,SBA,SEA,204.19419834710746,1076.0,927.6727272727272,10957.0,14615.0,95.0,0.0,0.0,0.0,0.0,0.0,2.2231333333333336,,,,,,,,,,,,,0.7497092028737599,,,,,,,SBA-SEA,0
2025,1,SBA,SFO,218.19984886649874,1162.0,263.448362720403,22309.0,31879.0,284.0,287.0,2.0,9.777385159010601,0.013937282229965157,0.16376306620209058,2.2231333333333336,,,,,,,0.22080340516094707,0.00951789778605421,0.04750395680104273,0.43247928498277627,0.2687235825342147,0.25053346988176145,0.6998023777408325,0.22080340516094707,0.00951789778605421,0.04750395680104273,0.43247928498277627,0.2687235825342147,0.25053346988176145,SBA-SFO,0
2025,1,SBA,SLC,258.79537604456823,633.0,654.8551532033426,11985.0,21601.0,182.0,0.0,0.0,0.0,0.0,0.0,2.2231333333333336,,,,,,,,,,,,,0.5548354242859127,,,,,,,SBA-SLC,0
2025,1,SBA,SMF,201.0096815286624,533.0,336.2547770700637,7552.0,13371.0,85.0,85.0,1.0,1.0588235294117647,0.0,0.09411764705882353,2.2231333333333336,,,,,,,,,,,,,0.5648044274923342,,,,,,,SBA-SMF,0
2025,1,SBD,PVU,72.00438596491227,173.0,520.0,1759.0,2192.0,16.0,0.0,0.0,0.0,0.0,0.0,2.2231333333333336,,,,,,,,,,,,,0.802463503649635,,,,,,,SBD-PVU,1
2025,1,SBD,SFO,74.80379746835443,351.0,377.0,4507.0,6028.0,44.0,0.0,0.0,0.0,0.0,0.0,2.2231333333333336,,,,,,,0.22080340516094707,0.00951789778605421,0.04750395680104273,0.43247928498277627,0.2687235825342147,0.25053346988176145,0.7476775049767751,0.22080340516094707,0.00951789778605421,0.04750395680104273,0.43247928498277627,0.2687235825342147,0.25053346988176145,SBD-SFO,0
2025,1,SBN,ATL,369.7054867256637,442.0,595.9410029498525,16458.0,21816.0,276.0,262.0,3.0,12.749034749034749,0.011450381679389313,0.20610687022900764,2.2231333333333336,,,,,,,0.18040542999599665,0.022200385777195474,0.07972794287792138,0.19235893028329643,0.3715323460381475,0.35574939671415823,0.7544004400440044,0.18040542999599665,0.022200385777195474,0.07972794287792138,0.19235893028329643,0.3715323460381475,0.35574939671415823,SBN-ATL,0
2025,1,SBN,CLL,291.50333333333333,6.0,1010.0,0.0,65.0,1.0,0.0,0.0,0.0,0.0,0.0,2.2231333333333336,,,,,,,,,,,,,0.0,,,,,,,SBN-CLL,0
2025,1,SBN,DAL,501.48600000000005,5.0,1260.4,117.0,216.0,2.0,0.0,0.0,0.0,0.0,0.0,2.2231333333333336,,,,,,,,,,,,,0.5416666666666666,,,,,,,SBN-DAL,0
2025,1,SBN,DFW,341.1288671875,398.0,869.15234375,14119.0,17355.0,267.0,270.0,1.0,20.045801526717558,0.02962962962962963,0.2518518518518518,2.2231333333333336,,,,,,,0.2062396282774643,0.03747759707932293,0.10718704340430481,0.1903530643250198,0.3470410781655484,0.3542601059847202,0.8135407663497551,0.2062396282774643,0.03747759707932293,0.10718704340430481,0.1903530643250198,0.3470410781655484,0.3542601059847202,SBN-DFW,1
2025,1,SBN,IAH,289.3888489208633,146.0,1120.1007194244605,0.0,100.0,2.0,0.0,0.0,0.0,0.0,0.0,2.2231333333333336,,,,,,,0.16850534248952576,0.02717108362049731,0.06321467851469073,0.21375131175937725,0.3868472966603237,0.33570759355923724,0.0,0.16850534248952576,0.02717108362049731,0.06321467851469073,0.21375131175937725,0.3868472966603237,0.33570759355923724,SBN-IAH,0
2025,1,SBN,SFO,301.861,103.0,2170.01,1.0,8.0,1.0,0.0,0.0,0.0,0.0,0.0,2.2231333333333336,,,,,,,0.22080340516094707,0.00951789778605421,0.04750395680104273,0.43247928498277627,0.2687235825342147,0.25053346988176145,0.125,0.22080340516094707,0.00951789778605421,0.04750395680104273,0.43247928498277627,0.2687235825342147,0.25053346988176145,SBN-SFO,0
2025,1,SBP,DEN,242.69227272727272,509.0,964.10101010101,14388.0,18268.0,180.0,0.0,0.0,0.0,0.0,0.0,2.2231333333333336,,,,,,,,,,,,,0.7876067440332822,,,,,,,SBP-DEN,0
2025,1,SBP,DFW,343.5083408071749,506.0,1405.6726457399104,11988.0,13312.0,104.0,53.0,1.0,38.83018867924528,0.0,0.41509433962264153,2.2231333333333336,,,,,,,0.2062396282774643,0.03747759707932293,0.10718704340430481,0.1903530643250198,0.3470410781655484,0.3542601059847202,0.9005408653846154,0.2062396282774643,0.03747759707932293,0.10718704340430481,0.1903530643250198,0.3470410781655484,0.3542601059847202,SBP-DFW,1
2025,1,SBP,KOA,386.3452830188679,54.0,2627.0188679245284,5.0,8.0,1.0,0.0,0.0,0.0,0.0,0.0,2.2231333333333336,,,,,,,,,,,,,0.625,,,,,,,SBP-KOA,0
2025,1,SBP,LAS,169.53290322580648,465.0,364.4193548387097,4791.0,6612.0,87.0,0.0,0.0,0.0,0.0,0.0,2.2231333333333336,,,,,,,,,,,,,0.7245916515426497,,,,,,,SBP-LAS,0
2025,1,SBP,LAX,210.3925287356322,150.0,156.0,6729.0,12278.0,167.0,168.0,1.0,13.680722891566266,0.011904761904761904,0.10119047619047619,2.2231333333333336,,,,,,,0.1662822530232157,0.008191243991291414,0.06384287985231527,0.17061212978089035,0.33008563663401874,0.43409495483748084,0.5480534288972145,0.1662822530232157,0.008191243991291414,0.06384287985231527,0.17061212978089035,0.33008563663401874,0.43409495483748084,SBP-LAX,0
2025,1,SBP,PDX,216.00493975903615,284.0,891.9397590361446,1261.0,1368.0,18.0,0.0,0.0,0.0,0.0,0.0,2.2231333333333336,,,,,,,,,,,,,0.9217836257309941,,,,,,,SBP-PDX,1
2025,1,SBP,PHX,292.2189189189189,587.0,516.9864864864865,18974.0,22299.0,303.0,0.0,0.0,0.0,0.0,0.0,2.2231333333333336,,,,,,,,,,,,,0.8508901744472847,,,,,,,SBP-PHX,1
2025,1,SBP,PSC,256.835,14.0,938.3571428571429,0.0,152.0,2.0,0.0,0.0,0.0,0.0,0.0,2.2231333333333336,,,,,,,,,,,,,0.0,,,,,,,SBP-PSC,0
2025,1,SBP,SAN,158.85776699029128,614.0,266.0388349514563,9322.0,13224.0,174.0,179.0,1.0,3.9482758620689653,0.027932960893854747,0.16201117318435754,2.2231333333333336,,,,,,,0.20884454631252528,0.010516381286234326,0.06662806664762747,0.26037408113045896,0.37705046300462025,0.2940969356018669,0.7049304295220811,0.20884454631252528,0.010516381286234326,0.06662806664762747,0.26037408113045896,0.37705046300462025,0.2940969356018669,SBP-SAN,0
2025,1,SBP,SEA,200.82683417085428,762.0,876.2160804020101,9815.0,13985.0,89.0,0.0,0.0,0.0,0.0,0.0,2.2231333333333336,,,,,,,,,,,,,0.7018233821952091,,,,,,,SBP-SEA,0
2025,1,SBP,SFO,205.10274285714289,244.0,190.0,12366.0,15842.0,248.0,254.0,1.0,11.225806451612904,0.023622047244094488,0.1889763779527559,2.2231333333333336,,,,,,,0.22080340516094707,0.00951789778605421,0.04750395680104273,0.43247928498277627,0.2687235825342147,0.25053346988176145,0.7805832596894332,0.22080340516094707,0.00951789778605421,0.04750395680104273,0.43247928498277627,0.2687235825342147,0.25053346988176145,SBP-SFO,0
2025,1,SBP,SLC,247.43356164383565,75.0,929.2465753424658,0.0,50.0,1.0,0.0,0.0,0.0,0.0,0.0,2.2231333333333336,,,,,,,,,,,,,0.0,,,,,,,SBP-SLC,0
2025,1,SCK,LAS,64.3103448275862,840.0,359.0,8589.0,12771.0,81.0,0.0,0.0,0.0,0.0,0.0,2.2231333333333336,,,,,,,,,,,,,0.6725393469579516,,,,,,,SCK-LAS,0
2025,1,SCK,PHX,68.66580310880829,344.0,603.0,3635.0,4236.0,27.0,0.0,0.0,0.0,0.0,0.0,2.2231333333333336,,,,,,,,,,,,,0.8581208687440982,,,,,,,SCK-PHX,1
2025,1,SDF,ABY,314.0625,9.0,466.0,0.0,0.0,56.0,0.0,0.0,0.0,0.0,0.0,2.2231333333333336,,,,,,,,,,,,,,,,,,,,SDF-ABY,0
2025,1,SDF,ATL,232.74335968379447,1345.0,326.78919631093544,80816.0,97971.0,875.0,653.0,2.0,6.3734375,0.019908116385911178,0.13935681470137826,2.2231333333333336,,,,,,,0.18040542999599665,0.022200385777195474,0.07972794287792138,0.19235893028329643,0.3715323460381475,0.35574939671415823,0.8248971634463259,0.18040542999599665,0.022200385777195474,0.07972794287792138,0.19235893028329643,0.3715323460381475,0.35574939671415823,SDF-ATL,1
2025,1,SDF,AUS,280.10312684365783,370.0,1112.873156342183,39.0,143.0,64.0,0.0,0.0,0.0,0.0,0.0,2.2231333333333336,,,,,,,0.18066105522479983,0.012779716690617943,0.0655739832334086,0.16405824184380596,0.40716516563281335,0.3620476351146755,0.2727272727272727,0.18066105522479983,0.012779716690617943,0.0655739832334086,0.16405824184380596,0.40716516563281335,0.3620476351146755,SDF-AUS,0
2025,1,SDF,BRO,234.102,20.0,1137.65,0.0,0.0,1.0,0.0,0.0,0.0,0.0,0.0,2.2231333333333336,,,,,,,,,,,,,,,,,,,,SDF-BRO,0
2025,1,SDF,BUR,292.6987128712871,103.0,1937.8019801980197,0.0,0.0,90.0,0.0,0.0,0.0,0.0,0.0,2.2231333333333336,,,,,,,,,,,,,,,,,,,,SDF-BUR,0
2025,1,SDF,DAL,237.92654362416107,437.0,791.0704697986578,8367.0,12995.0,84.0,85.0,1.0,7.795180722891566,0.023529411764705882,0.21176470588235294,2.2231333333333336,,,,,,,,,,,,,0.6438630242400923,,,,,,,SDF-DAL,0
2025,1,SDF,DFW,297.7385778985507,1393.0,769.0697463768116,38040.0,47757.0,766.0,463.0,3.0,14.45537757437071,0.058315334773218146,0.17926565874730022,2.2231333333333336,,,,,,,0.2062396282774643,0.03747759707932293,0.10718704340430481,0.1903530643250198,0.3470410781655484,0.3542601059847202,0.796532445505371,0.2062396282774643,0.03747759707932293,0.10718704340430481,0.1903530643250198,0.3470410781655484,0.3542601059847202,SDF-DFW,0
2025,1,SDF,ELP,281.9642,100.0,1387.16,0.0,0.0,122.0,0.0,0.0,0.0,0.0,0.0,2.2231333333333336,,,,,,,,,,,,,,,,,,,,SDF-ELP,0
2025,1,SDF,FAT,339.0789655172414,60.0,2041.2413793103449,0.0,0.0,50.0,0.0,0.0,0.0,0.0,0.0,2.2231333333333336,,,,,,,,,,,,,,,,,,,,SDF-FAT,0
2025,1,SDF,HOU,225.04912536443152,458.0,944.9708454810495,6200.0,8490.0,54.0,55.0,1.0,15.49090909090909,0.01818181818181818,0.21818181818181817,2.2231333333333336,,,,,,,,,,,,,0.7302709069493521,,,,,,,SDF-HOU,0
2025,1,SDF,IAH,290.64406072106266,763.0,848.1973434535105,14586.0,18098.0,472.0,258.0,1.0,19.32520325203252,0.050387596899224806,0.20155038759689922,2.2231333333333336,,,,,,,0.16850534248952576,0.02717108362049731,0.06321467851469073,0.21375131175937725,0.3868472966603237,0.33570759355923724,0.8059454083324125,0.16850534248952576,0.02717108362049731,0.06321467851469073,0.21375131175937725,0.3868472966603237,0.33570759355923724,SDF-IAH,1
2025,1,SDF,LAX,331.79676413255356,553.0,2080.9493177387913,0.0,0.0,157.0,0.0,0.0,0.0,0.0,0.0,2.2231333333333336,,,,,,,0.1662822530232157,0.008191243991291414,0.06384287985231527,0.17061212978089035,0.33008563663401874,0.43409495483748084,,0.1662822530232157,0.008191243991291414,0.06384287985231527,0.17061212978089035,0.33008563663401874,0.43409495483748084,SDF-LAX,0
2025,1,SDF,LBB,295.07399999999996,42.0,1100.7,0.0,0.0,123.0,0.0,0.0,0.0,0.0,0.0,2.2231333333333336,,,,,,,,,,,,,,,,,,,,SDF-LBB,0
2025,1,SDF,LGB,255.23781609195402,90.0,1907.9655172413793,0.0,0.0,57.0,0.0,0.0,0.0,0.0,0.0,2.2231333333333336,,,,,,,,,,,,,,,,,,,,SDF-LGB,0
2025,1,SDF,LRD,260.45,10.0,1182.8,0.0,0.0,53.0,0.0,0.0,0.0,0.0,0.0,2.2231333333333336,,,,,,,,,,,,,,,,,,,,SDF-LRD,0
2025,1,SDF,MFE,308.7142857142857,42.0,1193.7380952380952,0.0,0.0,63.0,0.0,0.0,0.0,0.0,0.0,2.2231333333333336,,,,,,,,,,,,,,,,,,,,SDF-MFE,0
2025,1,SDF,OAK,262.7866,111.0,2099.97,0.0,0.0,298.0,0.0,0.0,0.0,0.0,0.0,2.2231333333333336,,,,,,,,,,,,,,,,,,,,SDF-OAK,0
2025,1,SDF,ONT,331.37740566037735,226.0,1956.2594339622642,0.0,0.0,302.0,0.0,0.0,0.0,0.0,0.0,2.2231333333333336,,,,,,,,,,,,,,,,,,,,SDF-ONT,0
2025,1,SDF,SAN,304.97061170212766,387.0,2005.845744680851,0.0,0.0,137.0,0.0,0.0,0.0,0.0,0.0,2.2231333333333336,,,,,,,0.20884454631252528,0.010516381286234326,0.06662806664762747,0.26037408113045896,0.37705046300462025,0.2940969356018669,,0.20884454631252528,0.010516381286234326,0.06662806664762747,0.26037408113045896,0.37705046300462025,0.2940969356018669,SDF-SAN,0
2025,1,SDF,SAT,298.0841786743516,376.0,1194.8559077809798,0.0,0.0,242.0,0.0,0.0,0.0,0.0,0.0,2.2231333333333336,,,,,,,,,,,,,,,,,,,,SDF-SAT,0
2025,1,SDF,SAV,249.87323741007194,157.0,584.4892086330935,0.0,0.0,46.0,0.0,0.0,0.0,0.0,0.0,2.2231333333333336,,,,,,,,,,,,,,,,,,,,SDF-SAV,0
2025,1,SDF,SFO,342.19426470588235,370.0,2220.914705882353,133.0,137.0,1.0,0.0,0.0,0.0,0.0,0.0,2.2231333333333336,,,,,,,0.22080340516094707,0.00951789778605421,0.04750395680104273,0.43247928498277627,0.2687235825342147,0.25053346988176145,0.9708029197080292,0.22080340516094707,0.00951789778605421,0.04750395680104273,0.43247928498277627,0.2687235825342147,0.25053346988176145,SDF-SFO,1
2025,1,SDF,SJC,339.9230927835052,106.0,2139.278350515464,0.0,0.0,37.0,0.0,0.0,0.0,0.0,0.0,2.2231333333333336,,,,,,,,,,,,,,,,,,,,SDF-SJC,0
2025,1,SDF,SNA,333.71170940170936,240.0,1982.2222222222222,0.0,0.0,36.0,0.0,0.0,0.0,0.0,0.0,2.2231333333333336,,,,,,,,,,,,,,,,,,,,SDF-SNA,0
2025,1,SEA,ATL,372.8336853110298,4341.0,2263.6570831155254,102193.0,115670.0,619.0,623.0,2.0,12.72520325203252,0.012841091492776886,0.17656500802568217,2.2231333333333336,,,,,,,0.18040542999599665,0.022200385777195474,0.07972794287792138,0.19235893028329643,0.3715323460381475,0.35574939671415823,0.8834875075646235,0.18040542999599665,0.022200385777195474,0.07972794287792138,0.19235893028329643,0.3715323460381475,0.35574939671415823,SEA-ATL,1
2025,1,SEA,AUS,282.9762399622106,4331.0,1822.8582900330657,50231.0,62013.0,386.0,386.0,2.0,4.233160621761658,0.0,0.13730569948186527,2.2231333333333336,,,,,,,0.18066105522479983,0.012779716690617943,0.0655739832334086,0.16405824184380596,0.40716516563281335,0.3620476351146755,0.8100075790560044,0.18066105522479983,0.012779716690617943,0.0655739832334086,0.16405824184380596,0.40716516563281335,0.3620476351146755,SEA-AUS,1
2025,1,SEA,BUR,214.41052083333335,3833.0,952.8680555555555,44502.0,57408.0,340.0,345.0,2.0,5.622418879056047,0.020289855072463767,0.2,2.2231333333333336,,,,,,,,,,,,,0.775188127090301,,,,,,,SEA-BUR,0
2025,1,SEA,DAL,196.58963875205254,966.0,1729.2266009852217,9427.0,11136.0,65.0,67.0,1.0,15.261538461538462,0.029850746268656716,0.2835820895522388,2.2231333333333336,,,,,,,,,,,,,0.8465337643678161,,,,,,,SEA-DAL,1
2025,1,SEA,DFW,255.8278222222222,7303.0,1686.1470085470085,172509.0,203089.0,1159.0,1186.0,4.0,9.409442060085837,0.01770657672849916,0.18296795952782463,2.2231333333333336,,,,,,,0.2062396282774643,0.03747759707932293,0.10718704340430481,0.1903530643250198,0.3470410781655484,0.3542601059847202,0.8494256212793406,0.2062396282774643,0.03747759707932293,0.10718704340430481,0.1903530643250198,0.3470410781655484,0.3542601059847202,SEA-DFW,1
2025,1,SEA,ELP,253.7285625,654.0,1479.2229166666666,5097.0,5852.0,78.0,79.0,1.0,13.79746835443038,0.02531645569620253,0.3037974683544304,2.2231333333333336,,,,,,,,,,,,,0.8709842788790157,,,,,,,SEA-ELP,1
2025,1,SEA,FAT,191.3574705882353,1151.0,795.7117647058824,15243.0,18020.0,174.0,173.0,3.0,7.92485549132948,0.0,0.18497109826589594,2.2231333333333336,,,,,,,,,,,,,0.8458934517203107,,,,,,,SEA-FAT,1
2025,1,SEA,HOU,240.58952218430034,318.0,2089.703071672355,37.0,186.0,1.0,0.0,0.0,0.0,0.0,0.0,2.2231333333333336,,,,,,,,,,,,,0.1989247311827957,,,,,,,SEA-HOU,0
2025,1,SEA,IAH,307.93311943793907,4109.0,1922.6744730679156,56467.0,66617.0,387.0,392.0,2.0,9.478036175710594,0.015306122448979591,0.19642857142857142,2.2231333333333336,,,,,,,0.16850534248952576,0.02717108362049731,0.06321467851469073,0.21375131175937725,0.3868472966603237,0.33570759355923724,0.8476364891844425,0.16850534248952576,0.02717108362049731,0.06321467851469073,0.21375131175937725,0.3868472966603237,0.33570759355923724,SEA-IAH,1
2025,1,SEA,LAX,196.589340763576,13511.0,966.8351908940004,210802.0,286623.0,1879.0,1807.0,7.0,5.7890625,0.008301051466519093,0.15218594355285003,2.2231333333333336,,,,,,,0.1662822530232157,0.008191243991291414,0.06384287985231527,0.17061212978089035,0.33008563663401874,0.43409495483748084,0.7354678445205025,0.1662822530232157,0.008191243991291414,0.06384287985231527,0.17061212978089035,0.33008563663401874,0.43409495483748084,SEA-LAX,0
2025,1,SEA,LRD,234.9689655172414,30.0,2078.7586206896553,0.0,0.0,1.0,0.0,0.0,0.0,0.0,0.0,2.2231333333333336,,,,,,,,,,,,,,,,,,,,SEA-LRD,0
2025,1,SEA,MRY,198.49266233766232,198.0,842.2727272727273,1961.0,2432.0,32.0,0.0,0.0,0.0,0.0,0.0,2.2231333333333336,,,,,,,,,,,,,0.8063322368421053,,,,,,,SEA-MRY,1
2025,1,SEA,OAK,184.95107101280558,3756.0,679.4284051222352,48777.0,66615.0,622.0,508.0,3.0,6.563241106719367,0.003937007874015748,0.19881889763779528,2.2231333333333336,,,,,,,,,,,,,0.7322224724161225,,,,,,,SEA-OAK,0
2025,1,SEA,ONT,185.6451926207271,4619.0,978.1128594682583,55807.0,65415.0,494.0,502.0,4.0,5.207661290322581,0.013944223107569721,0.18725099601593626,2.2231333333333336,,,,,,,,,,,,,0.8531223725445234,,,,,,,SEA-ONT,1
2025,1,SEA,PSP,271.10503171247353,5665.0,1001.3557082452431,66946.0,85972.0,547.0,551.0,4.0,4.36,0.0018148820326678765,0.15063520871143377,2.2231333333333336,,,,,,,,,,,,,0.7786953891964826,,,,,,,SEA-PSP,0
2025,1,SEA,RDD,158.87745098039215,142.0,537.6764705882352,2273.0,3040.0,40.0,0.0,0.0,0.0,0.0,0.0,2.2231333333333336,,,,,,,,,,,,,0.7476973684210526,,,,,,,SEA-RDD,0
2025,1,SEA,SAN,224.97102546215558,9994.0,1069.3456574816882,128045.0,163724.0,1003.0,1011.0,4.0,5.866533864541832,0.008902077151335312,0.1661721068249258,2.2231333333333336,,,,,,,0.20884454631252528,0.010516381286234326,0.06662806664762747,0.26037408113045896,0.37705046300462025,0.2940969356018669,0.782078375803181,0.20884454631252528,0.010516381286234326,0.06662806664762747,0.26037408113045896,0.37705046300462025,0.2940969356018669,SEA-SAN,0
2025,1,SEA,SAT,241.15622257053295,1836.0,1897.6152037617555,13935.0,17076.0,97.0,97.0,1.0,5.0,0.0,0.21649484536082475,2.2231333333333336,,,,,,,,,,,,,0.8160576247364723,,,,,,,SEA-SAT,1
2025,1,SEA,SBA,208.72535405872193,1055.0,927.720207253886,11219.0,14456.0,94.0,0.0,0.0,0.0,0.0,0.0,2.2231333333333336,,,,,,,,,,,,,0.7760791366906474,,,,,,,SEA-SBA,0
2025,1,SEA,SBP,206.9325617977528,784.0,878.3662921348315,10395.0,14144.0,90.0,0.0,0.0,0.0,0.0,0.0,2.2231333333333336,,,,,,,,,,,,,0.7349406108597285,,,,,,,SEA-SBP,0
2025,1,SEA,SFO,212.3112352021443,10866.0,686.0985034621398,169928.0,218696.0,1569.0,1580.0,5.0,12.576530612244898,0.00949367088607595,0.22974683544303798,2.2231333333333336,,,,,,,0.22080340516094707,0.00951789778605421,0.04750395680104273,0.43247928498277627,0.2687235825342147,0.25053346988176145,0.7770055236492666,0.22080340516094707,0.00951789778605421,0.04750395680104273,0.43247928498277627,0.2687235825342147,0.25053346988176145,SEA-SFO,0
2025,1,SEA,SJC,214.4118363522798,8245.0,700.7045596502186,102948.0,138684.0,1061.0,1071.0,4.0,4.739376770538244,0.011204481792717087,0.16339869281045752,2.2231333333333336,,,,,,,,,,,,,0.7423206714545297,,,,,,,SEA-SJC,0
2025,1,SEA,SMF,183.2853024911032,5610.0,610.6681494661922,86168.0,117784.0,1017.0,1000.0,4.0,5.720603015075377,0.005,0.165,2.2231333333333336,,,,,,,,,,,,,0.731576445017999,,,,,,,SEA-SMF,0
2025,1,SEA,SNA,229.85280433909202,8343.0,986.3503415026115,98834.0,119491.0,831.0,0.0,0.0,0.0,0.0,0.0,2.2231333333333336,,,,,,,,,,,,,0.8271250554435062,,,,,,,SEA-SNA,1
2025,1,SEA,STS,221.87227743271222,734.0,632.9544513457557,8995.0,10792.0,142.0,0.0,0.0,0.0,0.0,0.0,2.2231333333333336,,,,,,,,,,,,,0.8334877687175686,,,,,,,SEA-STS,1
2025,1,SFB,MFE,72.18713450292398,311.0,1059.0,3469.0,4588.0,26.0,0.0,0.0,0.0,0.0,0.0,2.2231333333333336,,,,,,,,,,,,,0.756102877070619,,,,,,,SFB-MFE,0
2025,1,SFO,ABQ,259.98162629757786,766.0,963.0242214532872,9352.0,11910.0,163.0,166.0,2.0,9.560975609756097,0.012048192771084338,0.16265060240963855,2.2231333333333336,0.22080340516094707,0.00951789778605421,0.04750395680104273,0.43247928498277627,0.2687235825342147,0.25053346988176145,,,,,,,0.7852225020990764,0.22080340516094707,0.00951789778605421,0.04750395680104273,0.43247928498277627,0.2687235825342147,0.25053346988176145,SFO-ABQ,0
2025,1,SFO,ACV,203.2017877094972,259.0,250.0,13795.0,17960.0,252.0,257.0,1.0,8.11111111111111,0.019455252918287938,0.14007782101167315,2.2231333333333336,0.22080340516094707,0.00951789778605421,0.04750395680104273,0.43247928498277627,0.2687235825342147,0.25053346988176145,,,,,,,0.7680957683741648,0.22080340516094707,0.00951789778605421,0.04750395680104273,0.43247928498277627,0.2687235825342147,0.25053346988176145,SFO-ACV,0
2025,1,SFO,ANC,436.0573553719008,284.0,2199.685950413223,497.0,528.0,2.0,0.0,0.0,0.0,0.0,0.0,2.2231333333333336,0.22080340516094707,0.00951789778605421,0.04750395680104273,0.43247928498277627,0.2687235825342147,0.25053346988176145,,,,,,,0.9412878787878788,0.22080340516094707,0.00951789778605421,0.04750395680104273,0.43247928498277627,0.2687235825342147,0.25053346988176145,SFO-ANC,1
2025,1,SFO,ASE,388.2212053571429,740.0,868.0669642857143,8248.0,13790.0,197.0,215.0,1.0,29.666666666666668,0.05116279069767442,0.2558139534883721,2.2231333333333336,0.22080340516094707,0.00951789778605421,0.04750395680104273,0.43247928498277627,0.2687235825342147,0.25053346988176145,,,,,,,0.5981145757795504,0.22080340516094707,0.00951789778605421,0.04750395680104273,0.43247928498277627,0.2687235825342147,0.25053346988176145,SFO-ASE,0
2025,1,SFO,ATL,390.06804451510334,11960.0,2182.445786963434,208808.0,239126.0,1308.0,661.0,3.0,11.259938837920489,0.01059001512859304,0.17700453857791226,2.2231333333333336,0.22080340516094707,0.00951789778605421,0.04750395680104273,0.43247928498277627,0.2687235825342147,0.25053346988176145,0.18040542999599665,0.022200385777195474,0.07972794287792138,0.19235893028329643,0.3715323460381475,0.35574939671415823,0.8732132850463772,0.20060441757847186,0.01585914178162484,0.06361594983948206,0.3124191076330364,0.32012796428618107,0.30314143329795984,SFO-ATL,1
2025,1,SFO,AUS,332.8716243833686,11056.0,1536.063424947146,134950.0,173656.0,1074.0,538.0,3.0,6.225325884543762,0.0018587360594795538,0.12825278810408922,2.2231333333333336,0.22080340516094707,0.00951789778605421,0.04750395680104273,0.43247928498277627,0.2687235825342147,0.25053346988176145,0.18066105522479983,0.012779716690617943,0.0655739832334086,0.16405824184380596,0.40716516563281335,0.3620476351146755,0.777111070161699,0.20073223019287345,0.011148807238336077,0.056538970017225666,0.2982687634132911,0.337944374083514,0.30629055249821846,SFO-AUS,0
2025,1,SFO,BFL,178.58858407079646,157.0,238.0,7161.0,12318.0,171.0,171.0,1.0,2.8,0.005847953216374269,0.11695906432748537,2.2231333333333336,0.22080340516094707,0.00951789778605421,0.04750395680104273,0.43247928498277627,0.2687235825342147,0.25053346988176145,,,,,,,0.5813443740867024,0.22080340516094707,0.00951789778605421,0.04750395680104273,0.43247928498277627,0.2687235825342147,0.25053346988176145,SFO-BFL,0
2025,1,SFO,BIH,215.94447619047617,144.0,222.2952380952381,3146.0,5326.0,76.0,76.0,1.0,4.473684210526316,0.0,0.13157894736842105,2.2231333333333336,0.22080340516094707,0.00951789778605421,0.04750395680104273,0.43247928498277627,0.2687235825342147,0.25053346988176145,,,,,,,0.5906871948929778,0.22080340516094707,0.00951789778605421,0.04750395680104273,0.43247928498277627,0.2687235825342147,0.25053346988176145,SFO-BIH,0
2025,1,SFO,BIL,283.53419354838707,62.0,1301.6290322580646,62.0,126.0,1.0,0.0,0.0,0.0,0.0,0.0,2.2231333333333336,0.22080340516094707,0.00951789778605421,0.04750395680104273,0.43247928498277627,0.2687235825342147,0.25053346988176145,,,,,,,0.49206349206349204,0.22080340516094707,0.00951789778605421,0.04750395680104273,0.43247928498277627,0.2687235825342147,0.25053346988176145,SFO-BIL,0
2025,1,SFO,BLI,259.46737704918036,72.0,772.0655737704918,0.0,76.0,1.0,0.0,0.0,0.0,0.0,0.0,2.2231333333333336,0.22080340516094707,0.00951789778605421,0.04750395680104273,0.43247928498277627,0.2687235825342147,0.25053346988176145,,,,,,,0.0,0.22080340516094707,0.00951789778605421,0.04750395680104273,0.43247928498277627,0.2687235825342147,0.25053346988176145,SFO-BLI,0
2025,1,SFO,BNA,369.4977535301669,2057.0,2071.4268292682927,18193.0,22316.0,139.0,138.0,1.0,5.474452554744525,0.007246376811594203,0.16666666666666666,2.2231333333333336,0.22080340516094707,0.00951789778605421,0.04750395680104273,0.43247928498277627,0.2687235825342147,0.25053346988176145,,,,,,,0.8152446675031367,0.22080340516094707,0.00951789778605421,0.04750395680104273,0.43247928498277627,0.2687235825342147,0.25053346988176145,SFO-BNA,1
2025,1,SFO,BOI,193.64651105651106,1098.0,539.5835380835381,28283.0,37575.0,440.0,434.0,3.0,7.905311778290993,0.002304147465437788,0.1774193548387097,2.2231333333333336,0.22080340516094707,0.00951789778605421,0.04750395680104273,0.43247928498277627,0.2687235825342147,0.25053346988176145,,,,,,,0.7527079174983367,0.22080340516094707,0.00951789778605421,0.04750395680104273,0.43247928498277627,0.2687235825342147,0.25053346988176145,SFO-BOI,0
2025,1,SFO,BOS,466.08738971296475,11808.0,2733.892891543055,129661.0,154593.0,893.0,901.0,4.0,9.731326644370123,0.004439511653718091,0.17203107658157601,2.2231333333333336,0.22080340516094707,0.00951789778605421,0.04750395680104273,0.43247928498277627,0.2687235825342147,0.25053346988176145,,,,,,,0.8387249099247702,0.22080340516094707,0.00951789778605421,0.04750395680104273,0.43247928498277627,0.2687235825342147,0.25053346988176145,SFO-BOS,1
2025,1,SFO,BUR,141.9164761904762,6359.0,327.23657142857144,71175.0,90008.0,850.0,865.0,4.0,10.775175644028103,0.015028901734104046,0.18728323699421964,2.2231333333333336,0.22080340516094707,0.00951789778605421,0.04750395680104273,0.43247928498277627,0.2687235825342147,0.25053346988176145,,,,,,,0.7907630432850413,0.22080340516094707,0.00951789778605421,0.04750395680104273,0.43247928498277627,0.2687235825342147,0.25053346988176145,SFO-BUR,0
2025,1,SFO,BWI,315.6198241912799,1862.0,2531.0358649789027,13514.0,16251.0,104.0,92.0,1.0,3.6483516483516483,0.010869565217391304,0.10869565217391304,2.2231333333333336,0.22080340516094707,0.00951789778605421,0.04750395680104273,0.43247928498277627,0.2687235825342147,0.25053346988176145,,,,,,,0.8315795951018399,0.22080340516094707,0.00951789778605421,0.04750395680104273,0.43247928498277627,0.2687235825342147,0.25053346988176145,SFO-BWI,1
2025,1,SFO,BZN,284.1415981012658,887.0,878.0458860759494,9780.0,13809.0,105.0,105.0,2.0,3.6095238095238096,0.0,0.14285714285714285,2.2231333333333336,0.22080340516094707,0.00951789778605421,0.04750395680104273,0.43247928498277627,0.2687235825342147,0.25053346988176145,,,,,,,0.7082337605909189,0.22080340516094707,0.00951789778605421,0.04750395680104273,0.43247928498277627,0.2687235825342147,0.25053346988176145,SFO-BZN,0
2025,1,SFO,CKB,829.0,1.0,2684.0,0.0,100.0,2.0,0.0,0.0,0.0,0.0,0.0,2.2231333333333336,0.22080340516094707,0.00951789778605421,0.04750395680104273,0.43247928498277627,0.2687235825342147,0.25053346988176145,,,,,,,0.0,0.22080340516094707,0.00951789778605421,0.04750395680104273,0.43247928498277627,0.2687235825342147,0.25053346988176145,SFO-CKB,0
2025,1,SFO,CLE,336.61677092916284,1465.0,2236.9871205151794,13169.0,18519.0,109.0,109.0,1.0,5.611111111111111,0.009174311926605505,0.1559633027522936,2.2231333333333336,0.22080340516094707,0.00951789778605421,0.04750395680104273,0.43247928498277627,0.2687235825342147,0.25053346988176145,,,,,,,0.7111075112047087,0.22080340516094707,0.00951789778605421,0.04750395680104273,0.43247928498277627,0.2687235825342147,0.25053346988176145,SFO-CLE,0
2025,1,SFO,CLT,392.87139277818716,2451.0,2349.184229918939,61603.0,72926.0,384.0,388.0,1.0,9.901041666666666,0.010309278350515464,0.13917525773195877,2.2231333333333336,0.22080340516094707,0.00951789778605421,0.04750395680104273,0.43247928498277627,0.2687235825342147,0.25053346988176145,,,,,,,0.8447330170309629,0.22080340516094707,0.00951789778605421,0.04750395680104273,0.43247928498277627,0.2687235825342147,0.25053346988176145,SFO-CLT,1
2025,1,SFO,CMH,331.69040712468194,821.0,2297.2544529262086,243.0,260.0,3.0,2.0,1.0,56.0,0.0,1.0,2.2231333333333336,0.22080340516094707,0.00951789778605421,0.04750395680104273,0.43247928498277627,0.2687235825342147,0.25053346988176145,,,,,,,0.9346153846153846,0.22080340516094707,0.00951789778605421,0.04750395680104273,0.43247928498277627,0.2687235825342147,0.25053346988176145,SFO-CMH,1
2025,1,SFO,CVG,332.2198881118881,755.0,2246.0195804195805,327.0,346.0,80.0,0.0,0.0,0.0,0.0,0.0,2.2231333333333336,0.22080340516094707,0.00951789778605421,0.04750395680104273,0.43247928498277627,0.2687235825342147,0.25053346988176145,,,,,,,0.9450867052023122,0.22080340516094707,0.00951789778605421,0.04750395680104273,0.43247928498277627,0.2687235825342147,0.25053346988176145,SFO-CVG,1
2025,1,SFO,DAL,193.50708333333333,306.0,1583.326388888889,116.0,288.0,4.0,0.0,0.0,0.0,0.0,0.0,2.2231333333333336,0.22080340516094707,0.00951789778605421,0.04750395680104273,0.43247928498277627,0.2687235825342147,0.25053346988176145,,,,,,,0.4027777777777778,0.22080340516094707,0.00951789778605421,0.04750395680104273,0.43247928498277627,0.2687235825342147,0.25053346988176145,SFO-DAL,0
2025,1,SFO,DCA,409.89013913824056,3475.0,2502.3361759425493,28637.0,36257.0,222.0,227.0,2.0,10.092511013215859,0.0,0.2026431718061674,2.2231333333333336,0.22080340516094707,0.00951789778605421,0.04750395680104273,0.43247928498277627,0.2687235825342147,0.25053346988176145,,,,,,,0.789833687287972,0.22080340516094707,0.00951789778605421,0.04750395680104273,0.43247928498277627,0.2687235825342147,0.25053346988176145,SFO-DCA,0
2025,1,SFO,DEN,246.40970028818444,8884.0,1003.38530259366,186912.0,257462.0,1394.0,1386.0,3.0,9.979724837074583,0.0036075036075036075,0.19047619047619047,2.2231333333333336,0.22080340516094707,0.00951789778605421,0.04750395680104273,0.43247928498277627,0.2687235825342147,0.25053346988176145,,,,,,,0.725978979422206,0.22080340516094707,0.00951789778605421,0.04750395680104273,0.43247928498277627,0.2687235825342147,0.25053346988176145,SFO-DEN,0
2025,1,SFO,DFW,299.99506694855535,15128.0,1496.2198731501057,276420.0,332190.0,1850.0,957.0,3.0,18.138560687432868,0.027168234064785787,0.19644723092998956,2.2231333333333336,0.22080340516094707,0.00951789778605421,0.04750395680104273,0.43247928498277627,0.2687235825342147,0.25053346988176145,0.2062396282774643,0.03747759707932293,0.10718704340430481,0.1903530643250198,0.3470410781655484,0.3542601059847202,0.8321141515397814,0.2135215167192057,0.023497747432688572,0.07734550010267377,0.31141617465389804,0.30788233034988155,0.3023967879332408,SFO-DFW,1
2025,1,SFO,DSM,319.3338596491228,244.0,1721.311403508772,0.0,76.0,1.0,0.0,0.0,0.0,0.0,0.0,2.2231333333333336,0.22080340516094707,0.00951789778605421,0.04750395680104273,0.43247928498277627,0.2687235825342147,0.25053346988176145,,,,,,,0.0,0.22080340516094707,0.00951789778605421,0.04750395680104273,0.43247928498277627,0.2687235825342147,0.25053346988176145,SFO-DSM,0
2025,1,SFO,DTW,485.97584158415845,2860.0,2141.778877887789,46813.0,64064.0,376.0,378.0,2.0,6.226666666666667,0.007936507936507936,0.14814814814814814,2.2231333333333336,0.22080340516094707,0.00951789778605421,0.04750395680104273,0.43247928498277627,0.2687235825342147,0.25053346988176145,,,,,,,0.7307224025974026,0.22080340516094707,0.00951789778605421,0.04750395680104273,0.43247928498277627,0.2687235825342147,0.25053346988176145,SFO-DTW,0
2025,1,SFO,EGE,355.7457333333333,322.0,874.6977777777778,4177.0,8114.0,101.0,101.0,2.0,1.4752475247524752,0.0,0.12871287128712872,2.2231333333333336,0.22080340516094707,0.00951789778605421,0.04750395680104273,0.43247928498277627,0.2687235825342147,0.25053346988176145,,,,,,,0.5147892531427163,0.22080340516094707,0.00951789778605421,0.04750395680104273,0.43247928498277627,0.2687235825342147,0.25053346988176145,SFO-EGE,0
2025,1,SFO,ELP,248.26610236220472,578.0,1165.8937007874015,188.0,380.0,2.0,0.0,0.0,0.0,0.0,0.0,2.2231333333333336,0.22080340516094707,0.00951789778605421,0.04750395680104273,0.43247928498277627,0.2687235825342147,0.25053346988176145,,,,,,,0.49473684210526314,0.22080340516094707,0.00951789778605421,0.04750395680104273,0.43247928498277627,0.2687235825342147,0.25053346988176145,SFO-ELP,0
2025,1,SFO,EUG,230.68375328083988,673.0,500.7165354330709,20664.0,29510.0,191.0,188.0,2.0,6.276595744680851,0.0,0.13829787234042554,2.2231333333333336,0.22080340516094707,0.00951789778605421,0.04750395680104273,0.43247928498277627,0.2687235825342147,0.25053346988176145,,,,,,,0.7002372077261945,0.22080340516094707,0.00951789778605421,0.04750395680104273,0.43247928498277627,0.2687235825342147,0.25053346988176145,SFO-EUG,0
2025,1,SFO,EWR,720.9682934529744,14857.0,2601.7088733798605,187959.0,217272.0,961.0,959.0,2.0,12.556830031282587,0.0,0.20437956204379562,2.2231333333333336,0.22080340516094707,0.00951789778605421,0.04750395680104273,0.43247928498277627,0.2687235825342147,0.25053346988176145,,,,,,,0.8650861592842152,0.22080340516094707,0.00951789778605421,0.04750395680104273,0.43247928498277627,0.2687235825342147,0.25053346988176145,SFO-EWR,1
2025,1,SFO,FAT,229.00972972972974,155.0,158.0,12820.0,20040.0,280.0,274.0,1.0,8.3690036900369,0.010948905109489052,0.1678832116788321,2.2231333333333336,0.22080340516094707,0.00951789778605421,0.04750395680104273,0.43247928498277627,0.2687235825342147,0.25053346988176145,,,,,,,0.6397205588822356,0.22080340516094707,0.00951789778605421,0.04750395680104273,0.43247928498277627,0.2687235825342147,0.25053346988176145,SFO-FAT,0
2025,1,SFO,FCA,276.18637168141595,124.0,1110.274336283186,794.0,1308.0,18.0,18.0,1.0,0.0,0.0,0.16666666666666666,2.2231333333333336,0.22080340516094707,0.00951789778605421,0.04750395680104273,0.43247928498277627,0.2687235825342147,0.25053346988176145,,,,,,,0.6070336391437309,0.22080340516094707,0.00951789778605421,0.04750395680104273,0.43247928498277627,0.2687235825342147,0.25053346988176145,SFO-FCA,0
2025,1,SFO,FLL,388.3192631103074,4557.0,2649.4538878842677,48882.0,55695.0,342.0,346.0,3.0,0.7739130434782608,0.002890173410404624,0.08959537572254335,2.2231333333333336,0.22080340516094707,0.00951789778605421,0.04750395680104273,0.43247928498277627,0.2687235825342147,0.25053346988176145,,,,,,,0.8776730406679235,0.22080340516094707,0.00951789778605421,0.04750395680104273,0.43247928498277627,0.2687235825342147,0.25053346988176145,SFO-FLL,1
2025,1,SFO,GEG,216.52711388455538,795.0,795.3619344773791,11635.0,13638.0,189.0,191.0,2.0,9.97883597883598,0.010471204188481676,0.17801047120418848,2.2231333333333336,0.22080340516094707,0.00951789778605421,0.04750395680104273,0.43247928498277627,0.2687235825342147,0.25053346988176145,,,,,,,0.8531309576184192,0.22080340516094707,0.00951789778605421,0.04750395680104273,0.43247928498277627,0.2687235825342147,0.25053346988176145,SFO-GEG,1
2025,1,SFO,GJT,241.66174603174605,67.0,1117.3968253968253,0.0,420.0,6.0,0.0,0.0,0.0,0.0,0.0,2.2231333333333336,0.22080340516094707,0.00951789778605421,0.04750395680104273,0.43247928498277627,0.2687235825342147,0.25053346988176145,,,,,,,0.0,0.22080340516094707,0.00951789778605421,0.04750395680104273,0.43247928498277627,0.2687235825342147,0.25053346988176145,SFO-GJT,0
2025,1,SFO,GNV,360.99575471698114,109.0,2533.5943396226417,140.0,177.0,1.0,0.0,0.0,0.0,0.0,0.0,2.2231333333333336,0.22080340516094707,0.00951789778605421,0.04750395680104273,0.43247928498277627,0.2687235825342147,0.25053346988176145,,,,,,,0.7909604519774012,0.22080340516094707,0.00951789778605421,0.04750395680104273,0.43247928498277627,0.2687235825342147,0.25053346988176145,SFO-GNV,0
2025,1,SFO,HDN,276.94551020408164,163.0,1059.5646258503402,776.0,952.0,13.0,13.0,1.0,6.153846153846154,0.0,0.23076923076923078,2.2231333333333336,0.22080340516094707,0.00951789778605421,0.04750395680104273,0.43247928498277627,0.2687235825342147,0.25053346988176145,,,,,,,0.8151260504201681,0.22080340516094707,0.00951789778605421,0.04750395680104273,0.43247928498277627,0.2687235825342147,0.25053346988176145,SFO-HDN,1
2025,1,SFO,HNL,357.3522786783043,6697.0,2433.6970074812966,128865.0,151918.0,579.0,577.0,3.0,13.673043478260869,0.0034662045060658577,0.18890814558058924,2.2231333333333336,0.22080340516094707,0.00951789778605421,0.04750395680104273,0.43247928498277627,0.2687235825342147,0.25053346988176145,,,,,,,0.8482536631603892,0.22080340516094707,0.00951789778605421,0.04750395680104273,0.43247928498277627,0.2687235825342147,0.25053346988176145,SFO-HNL,1
2025,1,SFO,HOU,229.2959420289855,478.0,1767.3623188405797,2.0,28.0,2.0,0.0,0.0,0.0,0.0,0.0,2.2231333333333336,0.22080340516094707,0.00951789778605421,0.04750395680104273,0.43247928498277627,0.2687235825342147,0.25053346988176145,,,,,,,0.07142857142857142,0.22080340516094707,0.00951789778605421,0.04750395680104273,0.43247928498277627,0.2687235825342147,0.25053346988176145,SFO-HOU,0
2025,1,SFO,HPN,305.1597590361446,86.0,2735.590361445783,48.0,72.0,1.0,0.0,0.0,0.0,0.0,0.0,2.2231333333333336,0.22080340516094707,0.00951789778605421,0.04750395680104273,0.43247928498277627,0.2687235825342147,0.25053346988176145,,,,,,,0.6666666666666666,0.22080340516094707,0.00951789778605421,0.04750395680104273,0.43247928498277627,0.2687235825342147,0.25053346988176145,SFO-HPN,0
2025,1,SFO,IAD,508.2464856451055,5998.0,2457.9439640262885,110359.0,134418.0,598.0,594.0,2.0,7.732656514382403,0.005050505050505051,0.14646464646464646,2.2231333333333336,0.22080340516094707,0.00951789778605421,0.04750395680104273,0.43247928498277627,0.2687235825342147,0.25053346988176145,,,,,,,0.8210135547322531,0.22080340516094707,0.00951789778605421,0.04750395680104273,0.43247928498277627,0.2687235825342147,0.25053346988176145,SFO-IAD,1
2025,1,SFO,IAH,389.17074198988195,10384.0,1685.6551433389545,258276.0,314244.0,1494.0,751.0,1.0,7.828378378378378,0.014647137150466045,0.15712383488681758,2.2231333333333336,0.22080340516094707,0.00951789778605421,0.04750395680104273,0.43247928498277627,0.2687235825342147,0.25053346988176145,0.16850534248952576,0.02717108362049731,0.06321467851469073,0.21375131175937725,0.3868472966603237,0.33570759355923724,0.8218963607897048,0.19465437382523643,0.01834449070327576,0.05535931765786673,0.3231152983710768,0.3277854395972692,0.29312053172049934,SFO-IAH,1
2025,1,SFO,IDA,293.39461538461535,39.0,1130.2051282051282,0.0,70.0,1.0,0.0,0.0,0.0,0.0,0.0,2.2231333333333336,0.22080340516094707,0.00951789778605421,0.04750395680104273,0.43247928498277627,0.2687235825342147,0.25053346988176145,,,,,,,0.0,0.22080340516094707,0.00951789778605421,0.04750395680104273,0.43247928498277627,0.2687235825342147,0.25053346988176145,SFO-IDA,0
2025,1,SFO,IND,314.05468118195955,1586.0,2062.604199066874,10517.0,14483.0,91.0,91.0,1.0,-0.4945054945054945,0.0,0.07692307692307693,2.2231333333333336,0.22080340516094707,0.00951789778605421,0.04750395680104273,0.43247928498277627,0.2687235825342147,0.25053346988176145,,,,,,,0.7261617068286957,0.22080340516094707,0.00951789778605421,0.04750395680104273,0.43247928498277627,0.2687235825342147,0.25053346988176145,SFO-IND,0
2025,1,SFO,JAC,331.40102974828375,632.0,780.649885583524,7458.0,12572.0,102.0,103.0,2.0,7.529411764705882,0.009708737864077669,0.17475728155339806,2.2231333333333336,0.22080340516094707,0.00951789778605421,0.04750395680104273,0.43247928498277627,0.2687235825342147,0.25053346988176145,,,,,,,0.5932230353165765,0.22080340516094707,0.00951789778605421,0.04750395680104273,0.43247928498277627,0.2687235825342147,0.25053346988176145,SFO-JAC,0
2025,1,SFO,JAX,329.86981455064193,786.0,2575.9543509272467,147.0,159.0,1.0,0.0,0.0,0.0,0.0,0.0,2.2231333333333336,0.22080340516094707,0.00951789778605421,0.04750395680104273,0.43247928498277627,0.2687235825342147,0.25053346988176145,,,,,,,0.9245283018867925,0.22080340516094707,0.00951789778605421,0.04750395680104273,0.43247928498277627,0.2687235825342147,0.25053346988176145,SFO-JAX,1
2025,1,SFO,JFK,585.7758258642765,17456.0,2603.8573943661972,193664.0,236404.0,1454.0,1468.0,4.0,9.12945205479452,0.005449591280653951,0.14645776566757493,2.2231333333333336,0.22080340516094707,0.00951789778605421,0.04750395680104273,0.43247928498277627,0.2687235825342147,0.25053346988176145,,,,,,,0.8192077968223888,0.22080340516094707,0.00951789778605421,0.04750395680104273,0.43247928498277627,0.2687235825342147,0.25053346988176145,SFO-JFK,1
2025,1,SFO,KOA,504.70137535816616,1952.0,2414.54441260745,31569.0,37890.0,139.0,139.0,1.0,14.46043165467626,0.0,0.2302158273381295,2.2231333333333336,0.22080340516094707,0.00951789778605421,0.04750395680104273,0.43247928498277627,0.2687235825342147,0.25053346988176145,,,,,,,0.8331749802058591,0.22080340516094707,0.00951789778605421,0.04750395680104273,0.43247928498277627,0.2687235825342147,0.25053346988176145,SFO-KOA,1
2025,1,SFO,LAS,189.61881236823612,12819.0,421.2689154368705,187340.0,254315.0,1524.0,1528.0,6.0,11.208935611038108,0.003926701570680628,0.2100785340314136,2.2231333333333336,0.22080340516094707,0.00951789778605421,0.04750395680104273,0.43247928498277627,0.2687235825342147,0.25053346988176145,,,,,,,0.7366454986925663,0.22080340516094707,0.00951789778605421,0.04750395680104273,0.43247928498277627,0.2687235825342147,0.25053346988176145,SFO-LAS,0
2025,1,SFO,LAX,150.5897151243094,20850.0,339.60790745856355,301566.0,408337.0,2977.0,2886.0,8.0,12.794015309672929,0.004158004158004158,0.20374220374220375,2.2231333333333336,0.22080340516094707,0.00951789778605421,0.04750395680104273,0.43247928498277627,0.2687235825342147,0.25053346988176145,0.1662822530232157,0.008191243991291414,0.06384287985231527,0.17061212978089035,0.33008563663401874,0.43409495483748084,0.7385223479625898,0.19354282909208137,0.008854570888672812,0.055673418326679,0.3015457073818333,0.29940460958411674,0.3423142123596211,SFO-LAX,0
2025,1,SFO,LBB,365.26714285714286,144.0,1577.3142857142857,256.0,360.0,2.0,0.0,0.0,0.0,0.0,0.0,2.2231333333333336,0.22080340516094707,0.00951789778605421,0.04750395680104273,0.43247928498277627,0.2687235825342147,0.25053346988176145,,,,,,,0.7111111111111111,0.22080340516094707,0.00951789778605421,0.04750395680104273,0.43247928498277627,0.2687235825342147,0.25053346988176145,SFO-LBB,0
2025,1,SFO,LIH,390.88724450194053,1116.0,2509.48382923674,16266.0,19090.0,115.0,115.0,1.0,-0.9130434782608695,0.008695652173913044,0.034782608695652174,2.2231333333333336,0.22080340516094707,0.00951789778605421,0.04750395680104273,0.43247928498277627,0.2687235825342147,0.25053346988176145,,,,,,,0.8520691461498167,0.22080340516094707,0.00951789778605421,0.04750395680104273,0.43247928498277627,0.2687235825342147,0.25053346988176145,SFO-LIH,1
2025,1,SFO,LNK,297.7391428571429,35.0,1434.3428571428572,162.0,249.0,2.0,0.0,0.0,0.0,0.0,0.0,2.2231333333333336,0.22080340516094707,0.00951789778605421,0.04750395680104273,0.43247928498277627,0.2687235825342147,0.25053346988176145,,,,,,,0.6506024096385542,0.22080340516094707,0.00951789778605421,0.04750395680104273,0.43247928498277627,0.2687235825342147,0.25053346988176145,SFO-LNK,0
2025,1,SFO,MCI,331.26199208443273,855.0,1626.0435356200528,5832.0,6751.0,91.0,96.0,2.0,3.739130434782609,0.041666666666666664,0.13541666666666666,2.2231333333333336,0.22080340516094707,0.00951789778605421,0.04750395680104273,0.43247928498277627,0.2687235825342147,0.25053346988176145,,,,,,,0.8638720189601541,0.22080340516094707,0.00951789778605421,0.04750395680104273,0.43247928498277627,0.2687235825342147,0.25053346988176145,SFO-MCI,1
2025,1,SFO,MCO,401.9291296561604,4861.0,2506.397564469914,51441.0,61016.0,346.0,345.0,2.0,1.8405797101449275,0.0,0.10144927536231885,2.2231333333333336,0.22080340516094707,0.00951789778605421,0.04750395680104273,0.43247928498277627,0.2687235825342147,0.25053346988176145,,,,,,,0.8430739478169661,0.22080340516094707,0.00951789778605421,0.04750395680104273,0.43247928498277627,0.2687235825342147,0.25053346988176145,SFO-MCO,1
2025,1,SFO,MDW,202.1519313304721,704.0,1912.8841201716739,8059.0,10003.0,61.0,62.0,1.0,7.983606557377049,0.016129032258064516,0.1774193548387097,2.2231333333333336,0.22080340516094707,0.00951789778605421,0.04750395680104273,0.43247928498277627,0.2687235825342147,0.25053346988176145,,,,,,,0.8056583025092472,0.22080340516094707,0.00951789778605421,0.04750395680104273,0.43247928498277627,0.2687235825342147,0.25053346988176145,SFO-MDW,1
2025,1,SFO,MEM,349.83139784946235,394.0,2023.9489247311828,78.0,86.0,61.0,0.0,0.0,0.0,0.0,0.0,2.2231333333333336,0.22080340516094707,0.00951789778605421,0.04750395680104273,0.43247928498277627,0.2687235825342147,0.25053346988176145,,,,,,,0.9069767441860465,0.22080340516094707,0.00951789778605421,0.04750395680104273,0.43247928498277627,0.2687235825342147,0.25053346988176145,SFO-MEM,1
2025,1,SFO,MFR,215.6125087108014,359.0,347.5296167247387,15878.0,22684.0,202.0,205.0,2.0,3.896039603960396,0.014634146341463415,0.12195121951219512,2.2231333333333336,0.22080340516094707,0.00951789778605421,0.04750395680104273,0.43247928498277627,0.2687235825342147,0.25053346988176145,,,,,,,0.699964732851349,0.22080340516094707,0.00951789778605421,0.04750395680104273,0.43247928498277627,0.2687235825342147,0.25053346988176145,SFO-MFR,0
2025,1,SFO,MIA,401.09457197696736,5258.0,2623.3984644913626,68649.0,78444.0,429.0,431.0,2.0,7.675174013921113,0.0,0.12993039443155452,2.2231333333333336,0.22080340516094707,0.00951789778605421,0.04750395680104273,0.43247928498277627,0.2687235825342147,0.25053346988176145,,,,,,,0.8751338534495946,0.22080340516094707,0.00951789778605421,0.04750395680104273,0.43247928498277627,0.2687235825342147,0.25053346988176145,SFO-MIA,1
2025,1,SFO,MRY,199.4690909090909,11.0,77.0,4908.0,11012.0,160.0,162.0,1.0,14.35625,0.018518518518518517,0.1728395061728395,2.2231333333333336,0.22080340516094707,0.00951789778605421,0.04750395680104273,0.43247928498277627,0.2687235825342147,0.25053346988176145,,,,,,,0.44569560479476933,0.22080340516094707,0.00951789778605421,0.04750395680104273,0.43247928498277627,0.2687235825342147,0.25053346988176145,SFO-MRY,0
2025,1,SFO,MSP,351.15063778580026,4196.0,1651.8176895306858,55049.0,68217.0,444.0,415.0,3.0,5.768674698795181,0.0,0.1566265060240964,2.2231333333333336,0.22080340516094707,0.00951789778605421,0.04750395680104273,0.43247928498277627,0.2687235825342147,0.25053346988176145,,,,,,,0.8069689373616548,0.22080340516094707,0.00951789778605421,0.04750395680104273,0.43247928498277627,0.2687235825342147,0.25053346988176145,SFO-MSP,1
2025,1,SFO,MSY,341.29793957703924,2224.0,1983.7033232628398,17777.0,22092.0,139.0,143.0,1.0,14.446043165467627,0.027972027972027972,0.21678321678321677,2.2231333333333336,0.22080340516094707,0.00951789778605421,0.04750395680104273,0.43247928498277627,0.2687235825342147,0.25053346988176145,,,,,,,0.8046804273040015,0.22080340516094707,0.00951789778605421,0.04750395680104273,0.43247928498277627,0.2687235825342147,0.25053346988176145,SFO-MSY,1
2025,1,SFO,MTJ,322.29499999999996,121.0,989.8490566037735,1199.0,2138.0,29.0,29.0,1.0,9.89655172413793,0.0,0.2413793103448276,2.2231333333333336,0.22080340516094707,0.00951789778605421,0.04750395680104273,0.43247928498277627,0.2687235825342147,0.25053346988176145,,,,,,,0.5608044901777361,0.22080340516094707,0.00951789778605421,0.04750395680104273,0.43247928498277627,0.2687235825342147,0.25053346988176145,SFO-MTJ,0
2025,1,SFO,OGG,388.43121395036883,2625.0,2368.3521126760565,45714.0,55835.0,316.0,314.0,3.0,2.268370607028754,0.0031847133757961785,0.11146496815286625,2.2231333333333336,0.22080340516094707,0.00951789778605421,0.04750395680104273,0.43247928498277627,0.2687235825342147,0.25053346988176145,,,,,,,0.8187337691412196,0.22080340516094707,0.00951789778605421,0.04750395680104273,0.43247928498277627,0.2687235825342147,0.25053346988176145,SFO-OGG,1
2025,1,SFO,OKC,303.85944134078215,394.0,1560.8072625698323,251.0,395.0,4.0,0.0,0.0,0.0,0.0,0.0,2.2231333333333336,0.22080340516094707,0.00951789778605421,0.04750395680104273,0.43247928498277627,0.2687235825342147,0.25053346988176145,,,,,,,0.6354430379746835,0.22080340516094707,0.00951789778605421,0.04750395680104273,0.43247928498277627,0.2687235825342147,0.25053346988176145,SFO-OKC,0
2025,1,SFO,OMA,275.171925795053,642.0,1534.3356890459363,5666.0,6818.0,93.0,94.0,1.0,14.182795698924732,0.010638297872340425,0.13829787234042554,2.2231333333333336,0.22080340516094707,0.00951789778605421,0.04750395680104273,0.43247928498277627,0.2687235825342147,0.25053346988176145,,,,,,,0.8310354942798475,0.22080340516094707,0.00951789778605421,0.04750395680104273,0.43247928498277627,0.2687235825342147,0.25053346988176145,SFO-OMA,1
2025,1,SFO,ONT,145.72736056559307,2564.0,375.12175962293793,33471.0,38827.0,321.0,324.0,3.0,9.320754716981131,0.018518518518518517,0.1574074074074074,2.2231333333333336,0.22080340516094707,0.00951789778605421,0.04750395680104273,0.43247928498277627,0.2687235825342147,0.25053346988176145,,,,,,,0.8620547557112319,0.22080340516094707,0.00951789778605421,0.04750395680104273,0.43247928498277627,0.2687235825342147,0.25053346988176145,SFO-ONT,1
2025,1,SFO,ORD,365.1591339869281,11504.0,1896.1451914098973,181831.0,221002.0,1038.0,1032.0,3.0,11.192233009708739,0.0029069767441860465,0.187015503875969,2.2231333333333336,0.22080340516094707,0.00951789778605421,0.04750395680104273,0.43247928498277627,0.2687235825342147,0.25053346988176145,,,,,,,0.822757260115293,0.22080340516094707,0.00951789778605421,0.04750395680104273,0.43247928498277627,0.2687235825342147,0.25053346988176145,SFO-ORD,1
2025,1,SFO,OTH,183.0957142857143,87.0,412.0,2684.0,3750.0,51.0,52.0,1.0,7.096153846153846,0.019230769230769232,0.19230769230769232,2.2231333333333336,0.22080340516094707,0.00951789778605421,0.04750395680104273,0.43247928498277627,0.2687235825342147,0.25053346988176145,,,,,,,0.7157333333333333,0.22080340516094707,0.00951789778605421,0.04750395680104273,0.43247928498277627,0.2687235825342147,0.25053346988176145,SFO-OTH,0
2025,1,SFO,PAE,207.98560975609757,571.0,714.9837398373984,6285.0,7524.0,99.0,104.0,1.0,25.606060606060606,0.04807692307692308,0.2980769230769231,2.2231333333333336,0.22080340516094707,0.00951789778605421,0.04750395680104273,0.43247928498277627,0.2687235825342147,0.25053346988176145,,,,,,,0.8353269537480064,0.22080340516094707,0.00951789778605421,0.04750395680104273,0.43247928498277627,0.2687235825342147,0.25053346988176145,SFO-PAE,1
2025,1,SFO,PDX,177.9413316307917,5794.0,560.5198832542868,100922.0,128680.0,943.0,942.0,5.0,8.876200640341516,0.005307855626326964,0.16560509554140126,2.2231333333333336,0.22080340516094707,0.00951789778605421,0.04750395680104273,0.43247928498277627,0.2687235825342147,0.25053346988176145,,,,,,,0.7842866024246192,0.22080340516094707,0.00951789778605421,0.04750395680104273,0.43247928498277627,0.2687235825342147,0.25053346988176145,SFO-PDX,0
2025,1,SFO,PHL,409.74670715249664,4411.0,2559.4669365721998,52137.0,65458.0,351.0,354.0,2.0,9.585714285714285,0.011299435028248588,0.13559322033898305,2.2231333333333336,0.22080340516094707,0.00951789778605421,0.04750395680104273,0.43247928498277627,0.2687235825342147,0.25053346988176145,,,,,,,0.7964954627394665,0.22080340516094707,0.00951789778605421,0.04750395680104273,0.43247928498277627,0.2687235825342147,0.25053346988176145,SFO-PHL,0
2025,1,SFO,PHX,186.44619673855863,9549.0,656.4981588637559,148414.0,193722.0,1260.0,1246.0,7.0,12.479485116653258,0.002407704654895666,0.21107544141252008,2.2231333333333336,0.22080340516094707,0.00951789778605421,0.04750395680104273,0.43247928498277627,0.2687235825342147,0.25053346988176145,,,,,,,0.7661184584094733,0.22080340516094707,0.00951789778605421,0.04750395680104273,0.43247928498277627,0.2687235825342147,0.25053346988176145,SFO-PHX,0
2025,1,SFO,PIT,344.8247952047952,1346.0,2378.4435564435566,11799.0,16035.0,100.0,98.0,1.0,7.663265306122449,0.0,0.1326530612244898,2.2231333333333336,0.22080340516094707,0.00951789778605421,0.04750395680104273,0.43247928498277627,0.2687235825342147,0.25053346988176145,,,,,,,0.7358278765201123,0.22080340516094707,0.00951789778605421,0.04750395680104273,0.43247928498277627,0.2687235825342147,0.25053346988176145,SFO-PIT,0
2025,1,SFO,PSC,226.66366812227076,317.0,702.6724890829694,9261.0,12996.0,174.0,176.0,1.0,3.578034682080925,0.017045454545454544,0.125,2.2231333333333336,0.22080340516094707,0.00951789778605421,0.04750395680104273,0.43247928498277627,0.2687235825342147,0.25053346988176145,,,,,,,0.7126038781163435,0.22080340516094707,0.00951789778605421,0.04750395680104273,0.43247928498277627,0.2687235825342147,0.25053346988176145,SFO-PSC,0
2025,1,SFO,PSP,196.55415356151713,4278.0,422.0222016651249,53006.0,69304.0,690.0,692.0,3.0,13.57703488372093,0.005780346820809248,0.2138728323699422,2.2231333333333336,0.22080340516094707,0.00951789778605421,0.04750395680104273,0.43247928498277627,0.2687235825342147,0.25053346988176145,,,,,,,0.764833198660972,0.22080340516094707,0.00951789778605421,0.04750395680104273,0.43247928498277627,0.2687235825342147,0.25053346988176145,SFO-PSP,0
2025,1,SFO,PVU,80.07360406091371,360.0,606.258883248731,3509.0,3973.0,29.0,0.0,0.0,0.0,0.0,0.0,2.2231333333333336,0.22080340516094707,0.00951789778605421,0.04750395680104273,0.43247928498277627,0.2687235825342147,0.25053346988176145,,,,,,,0.8832116788321168,0.22080340516094707,0.00951789778605421,0.04750395680104273,0.43247928498277627,0.2687235825342147,0.25053346988176145,SFO-PVU,1
2025,1,SFO,RDD,180.13575757575757,82.0,199.0,9987.0,13446.0,246.0,251.0,1.0,15.506072874493928,0.0199203187250996,0.19123505976095617,2.2231333333333336,0.22080340516094707,0.00951789778605421,0.04750395680104273,0.43247928498277627,0.2687235825342147,0.25053346988176145,,,,,,,0.7427487728692548,0.22080340516094707,0.00951789778605421,0.04750395680104273,0.43247928498277627,0.2687235825342147,0.25053346988176145,SFO-RDD,0
2025,1,SFO,RDM,204.8829491017964,1015.0,478.2125748502994,19861.0,27971.0,295.0,304.0,3.0,9.337837837837839,0.02631578947368421,0.1875,2.2231333333333336,0.22080340516094707,0.00951789778605421,0.04750395680104273,0.43247928498277627,0.2687235825342147,0.25053346988176145,,,,,,,0.7100568445890386,0.22080340516094707,0.00951789778605421,0.04750395680104273,0.43247928498277627,0.2687235825342147,0.25053346988176145,SFO-RDM,0
2025,1,SFO,RDU,391.0275279642058,2538.0,2472.7712527964204,22716.0,27391.0,164.0,165.0,1.0,5.2727272727272725,0.0,0.1393939393939394,2.2231333333333336,0.22080340516094707,0.00951789778605421,0.04750395680104273,0.43247928498277627,0.2687235825342147,0.25053346988176145,,,,,,,0.8293235004198459,0.22080340516094707,0.00951789778605421,0.04750395680104273,0.43247928498277627,0.2687235825342147,0.25053346988176145,SFO-RDU,1
2025,1,SFO,RIC,337.27414498141263,588.0,2608.4907063197024,246.0,274.0,2.0,0.0,0.0,0.0,0.0,0.0,2.2231333333333336,0.22080340516094707,0.00951789778605421,0.04750395680104273,0.43247928498277627,0.2687235825342147,0.25053346988176145,,,,,,,0.8978102189781022,0.22080340516094707,0.00951789778605421,0.04750395680104273,0.43247928498277627,0.2687235825342147,0.25053346988176145,SFO-RIC,1
2025,1,SFO,RNO,233.42802395209583,991.0,192.0,32234.0,44150.0,440.0,448.0,2.0,6.559633027522936,0.026785714285714284,0.14508928571428573,2.2231333333333336,0.22080340516094707,0.00951789778605421,0.04750395680104273,0.43247928498277627,0.2687235825342147,0.25053346988176145,,,,,,,0.7301019252548131,0.22080340516094707,0.00951789778605421,0.04750395680104273,0.43247928498277627,0.2687235825342147,0.25053346988176145,SFO-RNO,0
2025,1,SFO,RSW,433.4112520325203,669.0,2709.0471544715447,296.0,356.0,2.0,3.0,1.0,27.0,0.0,0.3333333333333333,2.2231333333333336,0.22080340516094707,0.00951789778605421,0.04750395680104273,0.43247928498277627,0.2687235825342147,0.25053346988176145,,,,,,,0.8314606741573034,0.22080340516094707,0.00951789778605421,0.04750395680104273,0.43247928498277627,0.2687235825342147,0.25053346988176145,SFO-RSW,1
2025,1,SFO,SAN,147.3701226456417,14392.0,449.92882172579937,188567.0,226650.0,1643.0,1656.0,6.0,10.934306569343066,0.00785024154589372,0.2028985507246377,2.2231333333333336,0.22080340516094707,0.00951789778605421,0.04750395680104273,0.43247928498277627,0.2687235825342147,0.25053346988176145,0.20884454631252528,0.010516381286234326,0.06662806664762747,0.26037408113045896,0.37705046300462025,0.2940969356018669,0.8319744098830797,0.21482397573673617,0.01001713953614427,0.0570660117243351,0.3464266830566176,0.3228870227694175,0.2723152027418142,SFO-SAN,1
2025,1,SFO,SAT,304.6529090909091,2072.0,1560.1648484848486,19444.0,25112.0,272.0,134.0,2.0,4.246268656716418,0.0,0.11940298507462686,2.2231333333333336,0.22080340516094707,0.00951789778605421,0.04750395680104273,0.43247928498277627,0.2687235825342147,0.25053346988176145,,,,,,,0.7742911755336094,0.22080340516094707,0.00951789778605421,0.04750395680104273,0.43247928498277627,0.2687235825342147,0.25053346988176145,SFO-SAT,0
2025,1,SFO,SBA,226.88998714652956,1163.0,263.82005141388174,22476.0,32929.0,286.0,288.0,2.0,7.28421052631579,0.010416666666666666,0.16666666666666666,2.2231333333333336,0.22080340516094707,0.00951789778605421,0.04750395680104273,0.43247928498277627,0.2687235825342147,0.25053346988176145,,,,,,,0.6825594460809621,0.22080340516094707,0.00951789778605421,0.04750395680104273,0.43247928498277627,0.2687235825342147,0.25053346988176145,SFO-SBA,0
2025,1,SFO,SBD,73.7483870967742,350.0,377.0,4249.0,6165.0,45.0,0.0,0.0,0.0,0.0,0.0,2.2231333333333336,0.22080340516094707,0.00951789778605421,0.04750395680104273,0.43247928498277627,0.2687235825342147,0.25053346988176145,,,,,,,0.6892133008921331,0.22080340516094707,0.00951789778605421,0.04750395680104273,0.43247928498277627,0.2687235825342147,0.25053346988176145,SFO-SBD,0
2025,1,SFO,SBP,225.01410256410256,222.0,195.82692307692307,11265.0,16018.0,249.0,254.0,1.0,15.984,0.015748031496062992,0.20078740157480315,2.2231333333333336,0.22080340516094707,0.00951789778605421,0.04750395680104273,0.43247928498277627,0.2687235825342147,0.25053346988176145,,,,,,,0.703271319765264,0.22080340516094707,0.00951789778605421,0.04750395680104273,0.43247928498277627,0.2687235825342147,0.25053346988176145,SFO-SBP,0
2025,1,SFO,SDF,354.4215878378378,316.0,2251.425675675676,120.0,137.0,1.0,0.0,0.0,0.0,0.0,0.0,2.2231333333333336,0.22080340516094707,0.00951789778605421,0.04750395680104273,0.43247928498277627,0.2687235825342147,0.25053346988176145,,,,,,,0.8759124087591241,0.22080340516094707,0.00951789778605421,0.04750395680104273,0.43247928498277627,0.2687235825342147,0.25053346988176145,SFO-SDF,1
2025,1,SFO,SEA,213.53787735849056,10811.0,685.6718328840971,167420.0,217458.0,1562.0,1573.0,5.0,10.409615384615385,0.008264462809917356,0.17418944691671964,2.2231333333333336,0.22080340516094707,0.00951789778605421,0.04750395680104273,0.43247928498277627,0.2687235825342147,0.25053346988176145,,,,,,,0.7698957959697965,0.22080340516094707,0.00951789778605421,0.04750395680104273,0.43247928498277627,0.2687235825342147,0.25053346988176145,SFO-SEA,0
2025,1,SFO,SLC,233.99984102365258,5449.0,611.9678169833269,82510.0,105407.0,907.0,902.0,4.0,15.192436040044495,0.0033259423503325942,0.22727272727272727,2.2231333333333336,0.22080340516094707,0.00951789778605421,0.04750395680104273,0.43247928498277627,0.2687235825342147,0.25053346988176145,,,,,,,0.7827753375013045,0.22080340516094707,0.00951789778605421,0.04750395680104273,0.43247928498277627,0.2687235825342147,0.25053346988176145,SFO-SLC,0
2025,1,SFO,SMF,231.41790322580644,75.0,86.0,15752.0,21800.0,289.0,285.0,2.0,6.512544802867383,0.021052631578947368,0.16140350877192983,2.2231333333333336,0.22080340516094707,0.00951789778605421,0.04750395680104273,0.43247928498277627,0.2687235825342147,0.25053346988176145,,,,,,,0.7225688073394495,0.22080340516094707,0.00951789778605421,0.04750395680104273,0.43247928498277627,0.2687235825342147,0.25053346988176145,SFO-SMF,0
2025,1,SFO,SNA,169.50085037174722,8395.0,374.1366171003717,98979.0,110995.0,1072.0,1105.0,5.0,9.545116279069767,0.028054298642533938,0.19638009049773755,2.2231333333333336,0.22080340516094707,0.00951789778605421,0.04750395680104273,0.43247928498277627,0.2687235825342147,0.25053346988176145,,,,,,,0.891742871300509,0.22080340516094707,0.00951789778605421,0.04750395680104273,0.43247928498277627,0.2687235825342147,0.25053346988176145,SFO-SNA,1
2025,1,SFO,STL,281.9969944852941,1515.0,1808.2931985294117,19822.0,24885.0,171.0,175.0,2.0,19.947674418604652,0.017142857142857144,0.30857142857142855,2.2231333333333336,0.22080340516094707,0.00951789778605421,0.04750395680104273,0.43247928498277627,0.2687235825342147,0.25053346988176145,,,,,,,0.7965441028732168,0.22080340516094707,0.00951789778605421,0.04750395680104273,0.43247928498277627,0.2687235825342147,0.25053346988176145,SFO-STL,0
2025,1,SFO,SUN,316.85805653710247,391.0,630.0742049469965,4944.0,7980.0,114.0,117.0,1.0,2.6293103448275863,0.008547008547008548,0.09401709401709402,2.2231333333333336,0.22080340516094707,0.00951789778605421,0.04750395680104273,0.43247928498277627,0.2687235825342147,0.25053346988176145,,,,,,,0.6195488721804512,0.22080340516094707,0.00951789778605421,0.04750395680104273,0.43247928498277627,0.2687235825342147,0.25053346988176145,SFO-SUN,0
2025,1,SFO,SYR,340.66046875,409.0,2648.1614583333335,155.0,159.0,1.0,0.0,0.0,0.0,0.0,0.0,2.2231333333333336,0.22080340516094707,0.00951789778605421,0.04750395680104273,0.43247928498277627,0.2687235825342147,0.25053346988176145,,,,,,,0.9748427672955975,0.22080340516094707,0.00951789778605421,0.04750395680104273,0.43247928498277627,0.2687235825342147,0.25053346988176145,SFO-SYR,1
2025,1,SFO,TPA,382.8877423638778,2411.0,2488.2556440903054,23540.0,29092.0,172.0,168.0,2.0,2.875,0.0,0.09523809523809523,2.2231333333333336,0.22080340516094707,0.00951789778605421,0.04750395680104273,0.43247928498277627,0.2687235825342147,0.25053346988176145,,,,,,,0.8091571566066272,0.22080340516094707,0.00951789778605421,0.04750395680104273,0.43247928498277627,0.2687235825342147,0.25053346988176145,SFO-TPA,1
2025,1,SFO,TUL,321.0335751295337,199.0,1656.2020725388602,284.0,362.0,2.0,0.0,0.0,0.0,0.0,0.0,2.2231333333333336,0.22080340516094707,0.00951789778605421,0.04750395680104273,0.43247928498277627,0.2687235825342147,0.25053346988176145,,,,,,,0.7845303867403315,0.22080340516094707,0.00951789778605421,0.04750395680104273,0.43247928498277627,0.2687235825342147,0.25053346988176145,SFO-TUL,0
2025,1,SFO,TUS,259.12752613240417,1202.0,763.2636469221835,17128.0,23460.0,269.0,270.0,2.0,6.794007490636704,0.011111111111111112,0.15555555555555556,2.2231333333333336,0.22080340516094707,0.00951789778605421,0.04750395680104273,0.43247928498277627,0.2687235825342147,0.25053346988176145,,,,,,,0.7300937766410912,0.22080340516094707,0.00951789778605421,0.04750395680104273,0.43247928498277627,0.2687235825342147,0.25053346988176145,SFO-TUS,0
2025,1,SFO,XNA,384.3984516129032,327.0,1790.4225806451614,140.0,177.0,1.0,0.0,0.0,0.0,0.0,0.0,2.2231333333333336,0.22080340516094707,0.00951789778605421,0.04750395680104273,0.43247928498277627,0.2687235825342147,0.25053346988176145,,,,,,,0.7909604519774012,0.22080340516094707,0.00951789778605421,0.04750395680104273,0.43247928498277627,0.2687235825342147,0.25053346988176145,SFO-XNA,0
2025,1,SFO,YKM,295.5806666666667,15.0,782.0,75.0,108.0,1.0,0.0,0.0,0.0,0.0,0.0,2.2231333333333336,0.22080340516094707,0.00951789778605421,0.04750395680104273,0.43247928498277627,0.2687235825342147,0.25053346988176145,,,,,,,0.6944444444444444,0.22080340516094707,0.00951789778605421,0.04750395680104273,0.43247928498277627,0.2687235825342147,0.25053346988176145,SFO-YKM,0
2025,1,SGF,ACT,318.3333333333333,6.0,453.0,0.0,50.0,1.0,0.0,0.0,0.0,0.0,0.0,2.2231333333333336,,,,,,,,,,,,,0.0,,,,,,,SGF-ACT,0
2025,1,SGF,ATL,298.21758620689656,420.0,601.8902821316615,17306.0,20414.0,269.0,277.0,1.0,7.096654275092937,0.02888086642599278,0.16606498194945848,2.2231333333333336,,,,,,,0.18040542999599665,0.022200385777195474,0.07972794287792138,0.19235893028329643,0.3715323460381475,0.35574939671415823,0.8477515430586852,0.18040542999599665,0.022200385777195474,0.07972794287792138,0.19235893028329643,0.3715323460381475,0.35574939671415823,SGF-ATL,1
2025,1,SGF,DFW,258.111,599.0,369.40263157894736,42248.0,49960.0,673.0,699.0,2.0,15.304154302670623,0.0357653791130186,0.20457796852646637,2.2231333333333336,,,,,,,0.2062396282774643,0.03747759707932293,0.10718704340430481,0.1903530643250198,0.3470410781655484,0.3542601059847202,0.8456365092073659,0.2062396282774643,0.03747759707932293,0.10718704340430481,0.1903530643250198,0.3470410781655484,0.3542601059847202,SGF-DFW,1
2025,1,SGF,HOU,260.6066666666666,24.0,611.125,236.0,753.0,4.0,0.0,0.0,0.0,0.0,0.0,2.2231333333333336,,,,,,,,,,,,,0.31341301460823373,,,,,,,SGF-HOU,0
2025,1,SGF,IAH,233.33388888888888,367.0,521.7875816993464,9829.0,12675.0,243.0,250.0,2.0,15.726141078838173,0.036,0.2,2.2231333333333336,,,,,,,0.16850534248952576,0.02717108362049731,0.06321467851469073,0.21375131175937725,0.3868472966603237,0.33570759355923724,0.7754635108481263,0.16850534248952576,0.02717108362049731,0.06321467851469073,0.21375131175937725,0.3868472966603237,0.33570759355923724,SGF-IAH,0
2025,1,SGF,LAX,255.2661574074074,250.0,1585.523148148148,1419.0,1716.0,11.0,11.0,1.0,49.90909090909091,0.0,0.36363636363636365,2.2231333333333336,,,,,,,0.1662822530232157,0.008191243991291414,0.06384287985231527,0.17061212978089035,0.33008563663401874,0.43409495483748084,0.8269230769230769,0.1662822530232157,0.008191243991291414,0.06384287985231527,0.17061212978089035,0.33008563663401874,0.43409495483748084,SGF-LAX,1
2025,1,SGF,SPS,359.3333333333333,3.0,477.0,75.0,76.0,1.0,0.0,0.0,0.0,0.0,0.0,2.2231333333333336,,,,,,,,,,,,,0.9868421052631579,,,,,,,SGF-SPS,1
2025,1,SGU,DFW,333.5031210191083,194.0,1040.9299363057326,5266.0,5720.0,88.0,90.0,1.0,14.696629213483146,0.011111111111111112,0.23333333333333334,2.2231333333333336,,,,,,,0.2062396282774643,0.03747759707932293,0.10718704340430481,0.1903530643250198,0.3470410781655484,0.3542601059847202,0.9206293706293707,0.2062396282774643,0.03747759707932293,0.10718704340430481,0.1903530643250198,0.3470410781655484,0.3542601059847202,SGU-DFW,1
2025,1,SGU,LAX,119.48538461538462,13.0,566.6923076923077,3381.0,4856.0,93.0,90.0,1.0,-4.166666666666667,0.0,0.03333333333333333,2.2231333333333336,,,,,,,0.1662822530232157,0.008191243991291414,0.06384287985231527,0.17061212978089035,0.33008563663401874,0.43409495483748084,0.6962520593080724,0.1662822530232157,0.008191243991291414,0.06384287985231527,0.17061212978089035,0.33008563663401874,0.43409495483748084,SGU-LAX,0
2025,1,SGU,LBB,375.50666666666666,3.0,1068.0,0.0,65.0,1.0,0.0,0.0,0.0,0.0,0.0,2.2231333333333336,,,,,,,,,,,,,0.0,,,,,,,SGU-LBB,0
2025,1,SGU,PSP,214.28571428571428,7.0,523.0,0.0,170.0,3.0,0.0,0.0,0.0,0.0,0.0,2.2231333333333336,,,,,,,,,,,,,0.0,,,,,,,SGU-PSP,0
2025,1,SHV,ATL,305.05646825396826,353.0,568.3174603174604,21659.0,30464.0,404.0,412.0,2.0,10.284653465346535,0.019417475728155338,0.14805825242718446,2.2231333333333336,,,,,,,0.18040542999599665,0.022200385777195474,0.07972794287792138,0.19235893028329643,0.3715323460381475,0.35574939671415823,0.7109703256302521,0.18040542999599665,0.022200385777195474,0.07972794287792138,0.19235893028329643,0.3715323460381475,0.35574939671415823,SHV-ATL,0
2025,1,SHV,DFW,294.214578313253,94.0,190.0,27824.0,35786.0,490.0,505.0,3.0,14.09297520661157,0.041584158415841586,0.18217821782178217,2.2231333333333336,,,,,,,0.2062396282774643,0.03747759707932293,0.10718704340430481,0.1903530643250198,0.3470410781655484,0.3542601059847202,0.7775107583971386,0.2062396282774643,0.03747759707932293,0.10718704340430481,0.1903530643250198,0.3470410781655484,0.3542601059847202,SHV-DFW,0
2025,1,SHV,GRK,223.5,2.0,324.0,70.0,76.0,1.0,0.0,0.0,0.0,0.0,0.0,2.2231333333333336,,,,,,,,,,,,,0.9210526315789473,,,,,,,SHV-GRK,1
2025,1,SHV,IAH,219.73184049079754,187.0,198.80981595092024,14632.0,21400.0,399.0,407.0,3.0,7.246851385390428,0.02457002457002457,0.13267813267813267,2.2231333333333336,,,,,,,0.16850534248952576,0.02717108362049731,0.06321467851469073,0.21375131175937725,0.3868472966603237,0.33570759355923724,0.6837383177570093,0.16850534248952576,0.02717108362049731,0.06321467851469073,0.21375131175937725,0.3868472966603237,0.33570759355923724,SHV-IAH,0
2025,1,SHV,LRD,260.3,5.0,567.4,0.0,0.0,12.0,0.0,0.0,0.0,0.0,0.0,2.2231333333333336,,,,,,,,,,,,,,,,,,,,SHV-LRD,0
2025,1,SJC,ATL,402.4971447028424,2050.0,2170.169250645995,48208.0,60332.0,336.0,169.0,1.0,5.502994011976048,0.011834319526627219,0.11834319526627218,2.2231333333333336,,,,,,,0.18040542999599665,0.022200385777195474,0.07972794287792138,0.19235893028329643,0.3715323460381475,0.35574939671415823,0.7990452827686799,0.18040542999599665,0.022200385777195474,0.07972794287792138,0.19235893028329643,0.3715323460381475,0.35574939671415823,SJC-ATL,0
2025,1,SJC,AUS,326.37870701513066,5058.0,1506.7943603851445,62260.0,88296.0,536.0,270.0,1.0,5.07089552238806,0.007407407407407408,0.11851851851851852,2.2231333333333336,,,,,,,0.18066105522479983,0.012779716690617943,0.0655739832334086,0.16405824184380596,0.40716516563281335,0.3620476351146755,0.7051282051282052,0.18066105522479983,0.012779716690617943,0.0655739832334086,0.16405824184380596,0.40716516563281335,0.3620476351146755,SJC-AUS,0
2025,1,SJC,BNA,249.1751585976628,656.0,2102.1085141903172,536.0,668.0,4.0,4.0,1.0,46.75,0.0,0.25,2.2231333333333336,,,,,,,,,,,,,0.8023952095808383,,,,,,,SJC-BNA,1
2025,1,SJC,BOI,190.7060394265233,910.0,595.8243727598566,12496.0,18859.0,151.0,150.0,2.0,2.04,0.0,0.11333333333333333,2.2231333333333336,,,,,,,,,,,,,0.6626014104671509,,,,,,,SJC-BOI,0
2025,1,SJC,BUR,176.87154793315744,3748.0,300.4678979771328,42689.0,85051.0,589.0,599.0,3.0,3.9830220713073006,0.01669449081803005,0.11853088480801335,2.2231333333333336,,,,,,,,,,,,,0.501922375986173,,,,,,,SJC-BUR,0
2025,1,SJC,BZN,210.01049504950495,105.0,1143.1881188118812,4.0,8.0,1.0,0.0,0.0,0.0,0.0,0.0,2.2231333333333336,,,,,,,,,,,,,0.5,,,,,,,SJC-BZN,0
2025,1,SJC,CLT,279.44556818181815,182.0,2392.2613636363635,41.0,186.0,1.0,0.0,0.0,0.0,0.0,0.0,2.2231333333333336,,,,,,,,,,,,,0.22043010752688172,,,,,,,SJC-CLT,0
2025,1,SJC,DAL,220.72621169916437,2390.0,1467.2186629526461,34386.0,45722.0,262.0,131.0,1.0,2.876923076923077,0.007633587786259542,0.07633587786259542,2.2231333333333336,,,,,,,,,,,,,0.7520668387209658,,,,,,,SJC-DAL,0
2025,1,SJC,DEN,214.73051311288484,3392.0,963.7519954389966,68762.0,103090.0,683.0,682.0,3.0,3.3891336270190897,0.002932551319648094,0.1187683284457478,2.2231333333333336,,,,,,,,,,,,,0.6670094092540498,,,,,,,SJC-DEN,0
2025,1,SJC,DFW,260.9162130637636,4664.0,1456.1329704510108,87554.0,111356.0,644.0,331.0,2.0,13.956656346749226,0.02416918429003021,0.17220543806646527,2.2231333333333336,,,,,,,0.2062396282774643,0.03747759707932293,0.10718704340430481,0.1903530643250198,0.3470410781655484,0.3542601059847202,0.7862530981716297,0.2062396282774643,0.03747759707932293,0.10718704340430481,0.1903530643250198,0.3470410781655484,0.3542601059847202,SJC-DFW,0
2025,1,SJC,EUG,197.97228395061728,224.0,548.141975308642,3976.0,6568.0,43.0,42.0,1.0,7.285714285714286,0.0,0.21428571428571427,2.2231333333333336,,,,,,,,,,,,,0.6053593179049939,,,,,,,SJC-EUG,0
2025,1,SJC,EWR,277.59434782608696,212.0,2703.014492753623,48.0,72.0,1.0,0.0,0.0,0.0,0.0,0.0,2.2231333333333336,,,,,,,,,,,,,0.6666666666666666,,,,,,,SJC-EWR,0
2025,1,SJC,GEG,222.25829268292682,452.0,852.8130081300814,6655.0,8950.0,55.0,55.0,2.0,8.10909090909091,0.0,0.18181818181818182,2.2231333333333336,,,,,,,,,,,,,0.7435754189944134,,,,,,,SJC-GEG,0
2025,1,SJC,HNL,263.1740161290322,3444.0,2454.431182795699,41689.0,51203.0,284.0,280.0,3.0,0.2007168458781362,0.0035714285714285713,0.07857142857142857,2.2231333333333336,,,,,,,,,,,,,0.8141905747710095,,,,,,,SJC-HNL,1
2025,1,SJC,HOU,274.72309644670054,1788.0,1638.311336717428,23066.0,29904.0,176.0,90.0,1.0,0.3258426966292135,0.011111111111111112,0.06666666666666667,2.2231333333333336,,,,,,,,,,,,,0.77133493846977,,,,,,,SJC-HOU,0
2025,1,SJC,HPN,353.87857142857143,14.0,2881.3571428571427,0.0,0.0,0.0,0.0,0.0,0.0,0.0,0.0,2.2231333333333336,,,,,,,,,,,,,,,,,,,,SJC-HPN,0
2025,1,SJC,IAD,294.33512711864404,261.0,2534.1949152542375,59.0,72.0,1.0,0.0,0.0,0.0,0.0,0.0,2.2231333333333336,,,,,,,,,,,,,0.8194444444444444,,,,,,,SJC-IAD,1
2025,1,SJC,IAH,214.88685628742516,784.0,1732.254491017964,1108.0,1950.0,12.0,7.0,1.0,-2.6,0.2857142857142857,0.14285714285714285,2.2231333333333336,,,,,,,0.16850534248952576,0.02717108362049731,0.06321467851469073,0.21375131175937725,0.3868472966603237,0.33570759355923724,0.5682051282051283,0.16850534248952576,0.02717108362049731,0.06321467851469073,0.21375131175937725,0.3868472966603237,0.33570759355923724,SJC-IAH,0
2025,1,SJC,IND,292.86679487179487,242.0,2086.209401709402,0.0,72.0,4.0,0.0,0.0,0.0,0.0,0.0,2.2231333333333336,,,,,,,,,,,,,0.0,,,,,,,SJC-IND,0
2025,1,SJC,JAC,256.505,37.0,912.0,1.0,9.0,1.0,0.0,0.0,0.0,0.0,0.0,2.2231333333333336,,,,,,,,,,,,,0.1111111111111111,,,,,,,SJC-JAC,0
2025,1,SJC,KOA,311.5889361702128,796.0,2481.814313346228,6770.0,8348.0,49.0,48.0,1.0,-3.0416666666666665,0.0,0.0625,2.2231333333333336,,,,,,,,,,,,,0.8109726880689986,,,,,,,SJC-KOA,1
2025,1,SJC,LAS,167.99639013452915,9455.0,400.11696562032887,121998.0,183885.0,1093.0,1091.0,6.0,6.686346863468635,0.006416131989000917,0.17048579285059579,2.2231333333333336,,,,,,,,,,,,,0.6634472632351741,,,,,,,SJC-LAS,0
2025,1,SJC,LAX,139.9823986975398,9880.0,310.08683068017365,125533.0,167840.0,1513.0,1508.0,6.0,1.401062416998672,0.001326259946949602,0.10941644562334217,2.2231333333333336,,,,,,,0.1662822530232157,0.008191243991291414,0.06384287985231527,0.17061212978089035,0.33008563663401874,0.43409495483748084,0.7479325548141087,0.1662822530232157,0.008191243991291414,0.06384287985231527,0.17061212978089035,0.33008563663401874,0.43409495483748084,SJC-LAX,0
2025,1,SJC,LGB,162.7692924528302,2165.0,326.8490566037736,23892.0,48308.0,300.0,301.0,1.0,4.323333333333333,0.0033222591362126247,0.11295681063122924,2.2231333333333336,,,,,,,,,,,,,0.49457646766581104,,,,,,,SJC-LGB,0
2025,1,SJC,LIH,297.9637777777778,311.0,2577.9851851851854,528.0,636.0,4.0,3.0,1.0,-4.0,0.0,0.0,2.2231333333333336,,,,,,,,,,,,,0.8301886792452831,,,,,,,SJC-LIH,1
2025,1,SJC,MCI,257.29555555555555,339.0,1595.3746031746032,38.0,186.0,1.0,0.0,0.0,0.0,0.0,0.0,2.2231333333333336,,,,,,,,,,,,,0.20430107526881722,,,,,,,SJC-MCI,0
2025,1,SJC,MDW,255.62243792325057,642.0,1878.6772009029346,11036.0,14726.0,90.0,90.0,1.0,1.9666666666666666,0.0,0.07777777777777778,2.2231333333333336,,,,,,,,,,,,,0.7494227896237946,,,,,,,SJC-MDW,0
2025,1,SJC,MEM,328.2079605263158,158.0,1913.3223684210527,0.0,0.0,64.0,0.0,0.0,0.0,0.0,0.0,2.2231333333333336,,,,,,,,,,,,,,,,,,,,SJC-MEM,0
2025,1,SJC,MSP,335.2426724137931,382.0,1688.1724137931035,5916.0,9941.0,76.0,75.0,1.0,-0.5333333333333333,0.0,0.08,2.2231333333333336,,,,,,,,,,,,,0.595111155819334,,,,,,,SJC-MSP,0
2025,1,SJC,OGG,301.44603233830844,1570.0,2382.67039800995,21979.0,29445.0,163.0,160.0,3.0,-0.05,0.0,0.075,2.2231333333333336,,,,,,,,,,,,,0.7464425199524537,,,,,,,SJC-OGG,0
2025,1,SJC,ONT,185.27335475578408,2200.0,337.9190231362468,25806.0,47089.0,300.0,298.0,1.0,2.823728813559322,0.010067114093959731,0.12080536912751678,2.2231333333333336,,,,,,,,,,,,,0.5480260782773047,,,,,,,SJC-ONT,0
2025,1,SJC,ORD,291.0032,528.0,1890.9105882352942,9460.0,12229.0,88.0,89.0,1.0,-0.48863636363636365,0.011235955056179775,0.06741573033707865,2.2231333333333336,,,,,,,,,,,,,0.7735710197072533,,,,,,,SJC-ORD,0
2025,1,SJC,PDX,199.25559437166424,3627.0,578.7132459970888,45407.0,71045.0,651.0,651.0,4.0,2.0372093023255813,0.009216589861751152,0.10906298003072197,2.2231333333333336,,,,,,,,,,,,,0.6391301287916109,,,,,,,SJC-PDX,0
2025,1,SJC,PHL,261.6372277227723,340.0,2620.366336633663,0.0,72.0,1.0,0.0,0.0,0.0,0.0,0.0,2.2231333333333336,,,,,,,,,,,,,0.0,,,,,,,SJC-PHL,0
2025,1,SJC,PHX,197.25212667946258,5459.0,626.0230326295585,81054.0,113038.0,807.0,804.0,5.0,4.2002487562189055,0.0,0.13557213930348258,2.2231333333333336,,,,,,,,,,,,,0.7170509032360799,,,,,,,SJC-PHX,0
2025,1,SJC,PSC,261.9825373134329,68.0,904.2835820895523,70.0,82.0,2.0,0.0,0.0,0.0,0.0,0.0,2.2231333333333336,,,,,,,,,,,,,0.8536585365853658,,,,,,,SJC-PSC,1
2025,1,SJC,PSP,192.23544776119402,719.0,399.3805970149254,8562.0,14100.0,90.0,88.0,2.0,7.056818181818182,0.0,0.22727272727272727,2.2231333333333336,,,,,,,,,,,,,0.6072340425531915,,,,,,,SJC-PSP,0
2025,1,SJC,RDU,320.3966666666667,338.0,2517.816513761468,131.0,406.0,3.0,0.0,0.0,0.0,0.0,0.0,2.2231333333333336,,,,,,,,,,,,,0.3226600985221675,,,,,,,SJC-RDU,0
2025,1,SJC,RNO,161.40819277108432,314.0,188.0,5231.0,9159.0,60.0,56.0,1.0,-0.6607142857142857,0.0,0.07142857142857142,2.2231333333333336,,,,,,,,,,,,,0.571132219674637,,,,,,,SJC-RNO,0
2025,1,SJC,SAN,153.72489376285125,10592.0,420.27039067854696,120158.0,173889.0,1276.0,1290.0,5.0,4.49453125,0.008527131782945736,0.14031007751937985,2.2231333333333336,,,,,,,0.20884454631252528,0.010516381286234326,0.06662806664762747,0.26037408113045896,0.37705046300462025,0.2940969356018669,0.6910040313073282,0.20884454631252528,0.010516381286234326,0.06662806664762747,0.26037408113045896,0.37705046300462025,0.2940969356018669,SJC-SAN,0
2025,1,SJC,SDF,351.8633684210526,100.0,2127.4947368421053,0.0,0.0,60.0,0.0,0.0,0.0,0.0,0.0,2.2231333333333336,,,,,,,,,,,,,,,,,,,,SJC-SDF,0
2025,1,SJC,SEA,213.95795911949688,8136.0,701.3075471698113,101038.0,136254.0,1060.0,1073.0,4.0,1.6534839924670433,0.010251630941286114,0.11369990680335508,2.2231333333333336,,,,,,,,,,,,,0.7415415327256447,,,,,,,SJC-SEA,0
2025,1,SJC,SLC,241.9363269054178,1967.0,609.4573002754821,32984.0,50309.0,406.0,399.0,3.0,0.3032581453634085,0.0,0.07268170426065163,2.2231333333333336,,,,,,,,,,,,,0.6556282176151385,,,,,,,SJC-SLC,0
2025,1,SJC,SNA,240.35842105263157,4667.0,349.9188955996549,51446.0,91513.0,646.0,655.0,2.0,3.2414330218068534,0.01984732824427481,0.13282442748091602,2.2231333333333336,,,,,,,,,,,,,0.5621714947603073,,,,,,,SJC-SNA,0
2025,1,SJC,SRQ,248.04840000000002,51.0,2539.58,1.0,12.0,1.0,0.0,0.0,0.0,0.0,0.0,2.2231333333333336,,,,,,,,,,,,,0.08333333333333333,,,,,,,SJC-SRQ,0
2025,1,SJC,STL,253.8801652892562,401.0,1864.0633608815426,1104.0,1383.0,9.0,10.0,1.0,2.4444444444444446,0.1,0.1,2.2231333333333336,,,,,,,,,,,,,0.7982646420824295,,,,,,,SJC-STL,0
2025,1,SJT,BPT,237.5,1.0,499.0,0.0,65.0,1.0,0.0,0.0,0.0,0.0,0.0,2.2231333333333336,,,,,,,,,,,,,0.0,,,,,,,SJT-BPT,0
2025,1,SJT,CLL,1154.0,1.0,393.0,0.0,65.0,1.0,0.0,0.0,0.0,0.0,0.0,2.2231333333333336,,,,,,,,,,,,,0.0,,,,,,,SJT-CLL,0
2025,1,SJT,DFW,278.5565306122449,75.0,229.3265306122449,10963.0,16510.0,254.0,270.0,1.0,14.51968503937008,0.06296296296296296,0.2111111111111111,2.2231333333333336,,,,,,,0.2062396282774643,0.03747759707932293,0.10718704340430481,0.1903530643250198,0.3470410781655484,0.3542601059847202,0.6640218049666868,0.2062396282774643,0.03747759707932293,0.10718704340430481,0.1903530643250198,0.3470410781655484,0.3542601059847202,SJT-DFW,0
2025,1,SJT,HOU,245.2790909090909,12.0,476.0,0.0,186.0,1.0,0.0,0.0,0.0,0.0,0.0,2.2231333333333336,,,,,,,,,,,,,0.0,,,,,,,SJT-HOU,0
2025,1,SJT,SBN,234.0,1.0,1075.0,0.0,65.0,1.0,0.0,0.0,0.0,0.0,0.0,2.2231333333333336,,,,,,,,,,,,,0.0,,,,,,,SJT-SBN,0
2025,1,SJU,ATL,279.3242018779343,4264.0,1596.6279342723005,101405.0,111884.0,564.0,569.0,3.0,8.737967914438503,0.015817223198594025,0.15992970123022848,2.2231333333333336,,,,,,,0.18040542999599665,0.022200385777195474,0.07972794287792138,0.19235893028329643,0.3715323460381475,0.35574939671415823,0.9063404955132102,0.18040542999599665,0.022200385777195474,0.07972794287792138,0.19235893028329643,0.3715323460381475,0.35574939671415823,SJU-ATL,1
2025,1,SJU,AUS,300.19647509578544,954.0,2270.7969348659003,1436.0,1558.0,9.0,8.0,1.0,29.375,0.0,0.25,2.2231333333333336,,,,,,,0.18066105522479983,0.012779716690617943,0.0655739832334086,0.16405824184380596,0.40716516563281335,0.3620476351146755,0.9216944801026957,0.18066105522479983,0.012779716690617943,0.0655739832334086,0.16405824184380596,0.40716516563281335,0.3620476351146755,SJU-AUS,1
2025,1,SJU,DFW,288.6098782051282,2872.0,2209.5551282051283,39980.0,46175.0,240.0,246.0,3.0,15.725409836065573,0.008130081300813009,0.24390243902439024,2.2231333333333336,,,,,,,0.2062396282774643,0.03747759707932293,0.10718704340430481,0.1903530643250198,0.3470410781655484,0.3542601059847202,0.865836491608013,0.2062396282774643,0.03747759707932293,0.10718704340430481,0.1903530643250198,0.3470410781655484,0.3542601059847202,SJU-DFW,1
2025,1,SJU,HOU,245.7115811965812,279.0,2048.209401709402,1834.0,2243.0,13.0,13.0,1.0,9.923076923076923,0.07692307692307693,0.3076923076923077,2.2231333333333336,,,,,,,,,,,,,0.8176549264378065,,,,,,,SJU-HOU,1
2025,1,SJU,IAH,287.1898642857143,2522.0,2046.71,45068.0,51584.0,277.0,280.0,2.0,4.956678700361011,0.017857142857142856,0.14642857142857144,2.2231333333333336,,,,,,,0.16850534248952576,0.02717108362049731,0.06321467851469073,0.21375131175937725,0.3868472966603237,0.33570759355923724,0.8736817617866005,0.16850534248952576,0.02717108362049731,0.06321467851469073,0.21375131175937725,0.3868472966603237,0.33570759355923724,SJU-IAH,1
2025,1,SJU,SAT,295.24564541213067,831.0,2317.9735614307933,2004.0,2693.0,15.0,14.0,1.0,0.5714285714285714,0.0,0.07142857142857142,2.2231333333333336,,,,,,,,,,,,,0.7441515038989974,,,,,,,SJU-SAT,0
2025,1,SLC,ATL,441.1226624015748,4393.0,1716.0733267716535,123452.0,139072.0,726.0,729.0,1.0,10.402219140083218,0.010973936899862825,0.17421124828532236,2.2231333333333336,,,,,,,0.18040542999599665,0.022200385777195474,0.07972794287792138,0.19235893028329643,0.3715323460381475,0.35574939671415823,0.8876840773124712,0.18040542999599665,0.022200385777195474,0.07972794287792138,0.19235893028329643,0.3715323460381475,0.35574939671415823,SLC-ATL,1
2025,1,SLC,AUS,311.27428138265617,3192.0,1153.6446331109764,45310.0,56195.0,402.0,401.0,3.0,8.907268170426065,0.004987531172069825,0.19201995012468828,2.2231333333333336,,,,,,,0.18066105522479983,0.012779716690617943,0.0655739832334086,0.16405824184380596,0.40716516563281335,0.3620476351146755,0.8062994928374411,0.18066105522479983,0.012779716690617943,0.0655739832334086,0.16405824184380596,0.40716516563281335,0.3620476351146755,SLC-AUS,1
2025,1,SLC,BUR,264.48506908462866,1722.0,602.4412780656304,24105.0,35313.0,409.0,318.0,3.0,1.6876971608832807,0.0031446540880503146,0.11949685534591195,2.2231333333333336,,,,,,,,,,,,,0.682609803754991,,,,,,,SLC-BUR,0
2025,1,SLC,DAL,216.0745292620865,1438.0,1038.711195928753,27885.0,35122.0,211.0,206.0,1.0,6.0,0.009708737864077669,0.1407766990291262,2.2231333333333336,,,,,,,,,,,,,0.7939468139627583,,,,,,,SLC-DAL,0
2025,1,SLC,DFW,291.69948083067095,5691.0,1018.577875399361,138100.0,159718.0,966.0,984.0,3.0,13.545265348595214,0.023373983739837397,0.1758130081300813,2.2231333333333336,,,,,,,0.2062396282774643,0.03747759707932293,0.10718704340430481,0.1903530643250198,0.3470410781655484,0.3542601059847202,0.864648943763383,0.2062396282774643,0.03747759707932293,0.10718704340430481,0.1903530643250198,0.3470410781655484,0.3542601059847202,SLC-DFW,1
2025,1,SLC,ELP,224.48716560509556,346.0,974.3726114649681,0.0,65.0,1.0,0.0,0.0,0.0,0.0,0.0,2.2231333333333336,,,,,,,,,,,,,0.0,,,,,,,SLC-ELP,0
2025,1,SLC,FAT,303.8389781021898,470.0,538.3029197080292,15617.0,18842.0,260.0,257.0,1.0,-0.2840466926070039,0.0,0.07392996108949416,2.2231333333333336,,,,,,,,,,,,,0.8288398259208152,,,,,,,SLC-FAT,1
2025,1,SLC,HOU,267.5462625,1174.0,1306.3375,14118.0,16685.0,108.0,106.0,1.0,9.342857142857143,0.009433962264150943,0.20754716981132076,2.2231333333333336,,,,,,,,,,,,,0.8461492358405753,,,,,,,SLC-HOU,1
2025,1,SLC,IAH,339.67931034482757,3810.0,1241.3714285714286,63469.0,78650.0,572.0,576.0,4.0,6.519366197183099,0.013888888888888888,0.14756944444444445,2.2231333333333336,,,,,,,0.16850534248952576,0.02717108362049731,0.06321467851469073,0.21375131175937725,0.3868472966603237,0.33570759355923724,0.8069802924348379,0.16850534248952576,0.02717108362049731,0.06321467851469073,0.21375131175937725,0.3868472966603237,0.33570759355923724,SLC-IAH,1
2025,1,SLC,LAX,210.9079721002325,11071.0,613.6670111082408,153453.0,182547.0,1238.0,1191.0,6.0,5.676742233417296,0.0,0.15029387069689337,2.2231333333333336,,,,,,,0.1662822530232157,0.008191243991291414,0.06384287985231527,0.17061212978089035,0.33008563663401874,0.43409495483748084,0.8406218672451479,0.1662822530232157,0.008191243991291414,0.06384287985231527,0.17061212978089035,0.33008563663401874,0.43409495483748084,SLC-LAX,1
2025,1,SLC,LBB,260.0521621621622,118.0,1164.7027027027027,114.0,143.0,1.0,0.0,0.0,0.0,0.0,0.0,2.2231333333333336,,,,,,,,,,,,,0.7972027972027972,,,,,,,SLC-LBB,0
2025,1,SLC,LGB,207.77791353383458,3532.0,600.8941102756892,40569.0,48275.0,407.0,0.0,0.0,0.0,0.0,0.0,2.2231333333333336,,,,,,,,,,,,,0.8403728638011393,,,,,,,SLC-LGB,1
2025,1,SLC,MRY,216.61219512195123,42.0,990.0731707317074,0.0,65.0,1.0,0.0,0.0,0.0,0.0,0.0,2.2231333333333336,,,,,,,,,,,,,0.0,,,,,,,SLC-MRY,0
2025,1,SLC,OAK,181.1602674591382,2698.0,601.0260029717682,43890.0,57677.0,528.0,463.0,3.0,7.62634989200864,0.0,0.1490280777537797,2.2231333333333336,,,,,,,,,,,,,0.7609619085597379,,,,,,,SLC-OAK,0
2025,1,SLC,ONT,242.23845444059975,1332.0,631.4855824682815,26227.0,37944.0,350.0,269.0,3.0,4.12639405204461,0.0,0.13382899628252787,2.2231333333333336,,,,,,,,,,,,,0.691202825216108,,,,,,,SLC-ONT,0
2025,1,SLC,PSP,321.5477603143418,814.0,588.5481335952849,20230.0,23491.0,270.0,269.0,2.0,-0.5373134328358209,0.0037174721189591076,0.07434944237918216,2.2231333333333336,,,,,,,,,,,,,0.8611808777829807,,,,,,,SLC-PSP,1
2025,1,SLC,SAN,225.72420541852,6561.0,658.1597250303275,85914.0,107676.0,644.0,638.0,3.0,8.852664576802507,0.0,0.17398119122257052,2.2231333333333336,,,,,,,0.20884454631252528,0.010516381286234326,0.06662806664762747,0.26037408113045896,0.37705046300462025,0.2940969356018669,0.7978936810431294,0.20884454631252528,0.010516381286234326,0.06662806664762747,0.26037408113045896,0.37705046300462025,0.2940969356018669,SLC-SAN,0
2025,1,SLC,SAT,305.48391304347825,1622.0,1191.1627647714604,23385.0,30562.0,242.0,244.0,1.0,6.921487603305785,0.00819672131147541,0.20081967213114754,2.2231333333333336,,,,,,,,,,,,,0.7651658922845364,,,,,,,SLC-SAT,0
2025,1,SLC,SBA,264.15671122994655,648.0,652.7352941176471,13262.0,21338.0,179.0,0.0,0.0,0.0,0.0,0.0,2.2231333333333336,,,,,,,,,,,,,0.6215202924360296,,,,,,,SLC-SBA,0
2025,1,SLC,SBP,319.5878378378378,76.0,946.2567567567568,0.0,76.0,1.0,0.0,0.0,0.0,0.0,0.0,2.2231333333333336,,,,,,,,,,,,,0.0,,,,,,,SLC-SBP,0
2025,1,SLC,SFO,239.76738484963838,5573.0,613.2287780738485,84178.0,103379.0,905.0,901.0,4.0,15.196209587513936,0.004439511653718091,0.2142064372918979,2.2231333333333336,,,,,,,0.22080340516094707,0.00951789778605421,0.04750395680104273,0.43247928498277627,0.2687235825342147,0.25053346988176145,0.8142659534334826,0.22080340516094707,0.00951789778605421,0.04750395680104273,0.43247928498277627,0.2687235825342147,0.25053346988176145,SLC-SFO,1
2025,1,SLC,SJC,242.96197106690778,1989.0,610.4023508137432,34422.0,49443.0,404.0,398.0,3.0,3.6055276381909547,0.0,0.14321608040201006,2.2231333333333336,,,,,,,,,,,,,0.6961956191978642,,,,,,,SLC-SJC,0
2025,1,SLC,SMF,232.6282254901961,2214.0,564.3392156862745,48390.0,69673.0,473.0,466.0,3.0,5.0665236051502145,0.0,0.1630901287553648,2.2231333333333336,,,,,,,,,,,,,0.6945301623297404,,,,,,,SLC-SMF,0
2025,1,SLC,SNA,336.9477537437604,2525.0,652.1663893510815,36032.0,41488.0,383.0,0.0,0.0,0.0,0.0,0.0,2.2231333333333336,,,,,,,,,,,,,0.8684920940994987,,,,,,,SLC-SNA,1
2025,1,SLC,STS,74.20494623655914,241.0,659.1827956989247,2236.0,3884.0,27.0,0.0,0.0,0.0,0.0,0.0,2.2231333333333336,,,,,,,,,,,,,0.5756951596292482,,,,,,,SLC-STS,0
2025,1,SLE,BUR,75.54700854700855,242.0,779.0,2655.0,3874.0,26.0,0.0,0.0,0.0,0.0,0.0,2.2231333333333336,,,,,,,,,,,,,0.6853381517811048,,,,,,,SLE-BUR,0
2025,1,SMF,ACV,263.4230769230769,14.0,336.0,0.0,76.0,144.0,0.0,0.0,0.0,0.0,0.0,2.2231333333333336,,,,,,,,,,,,,0.0,,,,,,,SMF-ACV,0
2025,1,SMF,ATL,356.7926826923077,2998.0,2179.789423076923,76408.0,87470.0,486.0,246.0,1.0,11.995884773662551,0.016260162601626018,0.10569105691056911,2.2231333333333336,,,,,,,0.18040542999599665,0.022200385777195474,0.07972794287792138,0.19235893028329643,0.3715323460381475,0.35574939671415823,0.8735337830113181,0.18040542999599665,0.022200385777195474,0.07972794287792138,0.19235893028329643,0.3715323460381475,0.35574939671415823,SMF-ATL,1
2025,1,SMF,AUS,271.6910500490677,2934.0,1551.3729146221785,33042.0,41960.0,278.0,138.0,1.0,10.768115942028986,0.0,0.18115942028985507,2.2231333333333336,,,,,,,0.18066105522479983,0.012779716690617943,0.0655739832334086,0.16405824184380596,0.40716516563281335,0.3620476351146755,0.7874642516682555,0.18066105522479983,0.012779716690617943,0.0655739832334086,0.16405824184380596,0.40716516563281335,0.3620476351146755,SMF-AUS,0
2025,1,SMF,BNA,242.92572172619046,1627.0,2057.4553571428573,9791.0,11230.0,66.0,66.0,1.0,13.5,0.0,0.21212121212121213,2.2231333333333336,,,,,,,,,,,,,0.8718610863757792,,,,,,,SMF-BNA,1
2025,1,SMF,BOI,163.68454545454546,1828.0,483.25589225589226,25132.0,33192.0,250.0,249.0,3.0,6.497991967871486,0.0,0.1646586345381526,2.2231333333333336,,,,,,,,,,,,,0.7571704025066281,,,,,,,SMF-BOI,0
2025,1,SMF,BOS,257.8690144546649,847.0,2832.695137976347,53.0,72.0,1.0,0.0,0.0,0.0,0.0,0.0,2.2231333333333336,,,,,,,,,,,,,0.7361111111111112,,,,,,,SMF-BOS,0
2025,1,SMF,BUR,181.5759773371105,4210.0,365.5354107648725,51086.0,88946.0,622.0,638.0,1.0,5.7632,0.0219435736677116,0.16927899686520376,2.2231333333333336,,,,,,,,,,,,,0.5743484811008926,,,,,,,SMF-BUR,0
2025,1,SMF,BWI,295.6122719141324,611.0,2513.0948121645797,3672.0,4550.0,26.0,26.0,1.0,4.538461538461538,0.0,0.11538461538461539,2.2231333333333336,,,,,,,,,,,,,0.807032967032967,,,,,,,SMF-BWI,1
2025,1,SMF,CLT,291.4810135135135,879.0,2335.7797297297298,14343.0,15610.0,82.0,84.0,1.0,7.939024390243903,0.023809523809523808,0.07142857142857142,2.2231333333333336,,,,,,,,,,,,,0.9188340807174888,,,,,,,SMF-CLT,1
2025,1,SMF,CVG,296.8553429602888,291.0,2139.375451263538,0.0,0.0,76.0,0.0,0.0,0.0,0.0,0.0,2.2231333333333336,,,,,,,,,,,,,,,,,,,,SMF-CVG,0
2025,1,SMF,DAL,266.57375,2336.0,1481.6671195652175,37976.0,44950.0,284.0,143.0,1.0,7.070921985815603,0.013986013986013986,0.1258741258741259,2.2231333333333336,,,,,,,,,,,,,0.8448498331479422,,,,,,,SMF-DAL,1
2025,1,SMF,DEN,212.6049630541872,3542.0,929.1625615763547,106019.0,143348.0,865.0,861.0,3.0,5.366279069767442,0.0011614401858304297,0.15331010452961671,2.2231333333333336,,,,,,,,,,,,,0.7395917627033513,,,,,,,SMF-DEN,0
2025,1,SMF,DFW,333.5814464802315,3686.0,1476.8331726133076,129552.0,150124.0,790.0,412.0,1.0,10.0575,0.02912621359223301,0.1383495145631068,2.2231333333333336,,,,,,,0.2062396282774643,0.03747759707932293,0.10718704340430481,0.1903530643250198,0.3470410781655484,0.3542601059847202,0.8629666142655404,0.2062396282774643,0.03747759707932293,0.10718704340430481,0.1903530643250198,0.3470410781655484,0.3542601059847202,SMF-DFW,1
2025,1,SMF,EUG,208.61699570815452,355.0,482.3304721030043,8690.0,14886.0,90.0,90.0,1.0,2.2888888888888888,0.0,0.1111111111111111,2.2231333333333336,,,,,,,,,,,,,0.583769985221013,,,,,,,SMF-EUG,0
2025,1,SMF,EWR,346.54742320819116,641.0,2660.6621160409554,1067.0,1272.0,8.0,8.0,1.0,16.75,0.0,0.25,2.2231333333333336,,,,,,,,,,,,,0.8388364779874213,,,,,,,SMF-EWR,1
2025,1,SMF,FAT,361.9766666666667,3.0,244.0,0.0,186.0,1.0,0.0,0.0,0.0,0.0,0.0,2.2231333333333336,,,,,,,,,,,,,0.0,,,,,,,SMF-FAT,0
2025,1,SMF,GEG,209.45040345821323,1054.0,723.5907780979827,14975.0,20982.0,138.0,138.0,1.0,4.3478260869565215,0.0,0.18840579710144928,2.2231333333333336,,,,,,,,,,,,,0.7137069869411877,,,,,,,SMF-GEG,0
2025,1,SMF,HNL,328.5646159122085,2829.0,2540.028806584362,32821.0,39680.0,178.0,180.0,2.0,4.196629213483146,0.011111111111111112,0.08333333333333333,2.2231333333333336,,,,,,,,,,,,,0.8271421370967742,,,,,,,SMF-HNL,1
2025,1,SMF,HOU,281.9116785206259,1938.0,1658.1564722617354,23724.0,27566.0,178.0,90.0,1.0,4.044943820224719,0.011111111111111112,0.06666666666666667,2.2231333333333336,,,,,,,,,,,,,0.8606254081114416,,,,,,,SMF-HOU,1
2025,1,SMF,IAD,331.8856473829201,1015.0,2432.6611570247933,12391.0,15209.0,89.0,90.0,1.0,1.5168539325842696,0.011111111111111112,0.07777777777777778,2.2231333333333336,,,,,,,,,,,,,0.814714971398514,,,,,,,SMF-IAD,1
2025,1,SMF,IAH,318.13455418381346,2140.0,1675.7805212620028,36974.0,48030.0,302.0,152.0,1.0,1.509933774834437,0.006578947368421052,0.14473684210526316,2.2231333333333336,,,,,,,0.16850534248952576,0.02717108362049731,0.06321467851469073,0.21375131175937725,0.3868472966603237,0.33570759355923724,0.7698105350822403,0.16850534248952576,0.02717108362049731,0.06321467851469073,0.21375131175937725,0.3868472966603237,0.33570759355923724,SMF-IAH,0
2025,1,SMF,JAC,284.48155555555553,48.0,921.2888888888889,0.0,76.0,1.0,0.0,0.0,0.0,0.0,0.0,2.2231333333333336,,,,,,,,,,,,,0.0,,,,,,,SMF-JAC,0
2025,1,SMF,KOA,297.71771704180065,879.0,2531.869774919614,8895.0,12096.0,66.0,66.0,2.0,11.075757575757576,0.0,0.13636363636363635,2.2231333333333336,,,,,,,,,,,,,0.7353670634920635,,,,,,,SMF-KOA,0
2025,1,SMF,LAS,160.93468458379994,10093.0,417.8152295632699,143852.0,193566.0,1283.0,1285.0,4.0,6.3734375,0.0038910505836575876,0.16575875486381322,2.2231333333333336,,,,,,,,,,,,,0.7431677050721718,,,,,,,SMF-LAS,0
2025,1,SMF,LAX,158.1901954686806,6977.0,376.3545091070635,99901.0,134098.0,1295.0,1280.0,3.0,2.7034428794992174,0.0015625,0.11328125,2.2231333333333336,,,,,,,0.1662822530232157,0.008191243991291414,0.06384287985231527,0.17061212978089035,0.33008563663401874,0.43409495483748084,0.7449850109621322,0.1662822530232157,0.008191243991291414,0.06384287985231527,0.17061212978089035,0.33008563663401874,0.43409495483748084,SMF-LAX,0
2025,1,SMF,LGB,170.71897177419356,4148.0,389.76512096774195,48431.0,75746.0,487.0,487.0,1.0,5.205338809034908,0.002053388090349076,0.16427104722792607,2.2231333333333336,,,,,,,,,,,,,0.639386898318063,,,,,,,SMF-LGB,0
2025,1,SMF,LIH,331.5447413793104,975.0,2582.168103448276,5438.0,9450.0,50.0,51.0,1.0,23.08,0.0196078431372549,0.23529411764705882,2.2231333333333336,,,,,,,,,,,,,0.5754497354497354,,,,,,,SMF-LIH,0
2025,1,SMF,MCI,246.39507422402158,869.0,1571.6140350877192,6250.0,8234.0,54.0,55.0,1.0,10.703703703703704,0.01818181818181818,0.14545454545454545,2.2231333333333336,,,,,,,,,,,,,0.7590478503764877,,,,,,,SMF-MCI,0
2025,1,SMF,MCO,250.4027169197397,2389.0,2493.3622559652927,7672.0,10124.0,58.0,57.0,2.0,2.3859649122807016,0.0,0.05263157894736842,2.2231333333333336,,,,,,,,,,,,,0.7578032398261557,,,,,,,SMF-MCO,0
2025,1,SMF,MDW,262.8962583518931,634.0,1845.4699331848553,12117.0,14692.0,92.0,93.0,1.0,6.204301075268817,0.0,0.20430107526881722,2.2231333333333336,,,,,,,,,,,,,0.8247345494146474,,,,,,,SMF-MDW,1
2025,1,SMF,MEM,303.92019685039367,267.0,1906.8425196850394,0.0,0.0,61.0,0.0,0.0,0.0,0.0,0.0,2.2231333333333336,,,,,,,,,,,,,,,,,,,,SMF-MEM,0
2025,1,SMF,MFR,267.96210526315787,20.0,565.5263157894736,70.0,76.0,1.0,0.0,0.0,0.0,0.0,0.0,2.2231333333333336,,,,,,,,,,,,,0.9210526315789473,,,,,,,SMF-MFR,1
2025,1,SMF,MIA,303.2805302096178,931.0,2644.276202219482,7467.0,9088.0,52.0,52.0,1.0,4.346153846153846,0.0,0.23076923076923078,2.2231333333333336,,,,,,,,,,,,,0.8216329225352113,,,,,,,SMF-MIA,1
2025,1,SMF,MSP,313.56971014492757,944.0,1637.2304347826087,11522.0,15388.0,97.0,95.0,1.0,4.91578947368421,0.0,0.12631578947368421,2.2231333333333336,,,,,,,,,,,,,0.7487652716402391,,,,,,,SMF-MSP,0
2025,1,SMF,OGG,370.94883838383834,1483.0,2496.7954545454545,16814.0,21896.0,118.0,119.0,2.0,1.1440677966101696,0.008403361344537815,0.07563025210084033,2.2231333333333336,,,,,,,,,,,,,0.7679028132992327,,,,,,,SMF-OGG,0
2025,1,SMF,OKC,276.6094761904762,470.0,1481.5214285714285,290.0,334.0,3.0,0.0,0.0,0.0,0.0,0.0,2.2231333333333336,,,,,,,,,,,,,0.8682634730538922,,,,,,,SMF-OKC,1
2025,1,SMF,OMA,273.0784824902724,275.0,1499.5019455252918,125.0,126.0,1.0,0.0,0.0,0.0,0.0,0.0,2.2231333333333336,,,,,,,,,,,,,0.9920634920634921,,,,,,,SMF-OMA,1
2025,1,SMF,ONT,200.8363257277734,4025.0,400.68371361132967,46557.0,74911.0,479.0,481.0,2.0,5.047916666666667,0.004158004158004158,0.15176715176715178,2.2231333333333336,,,,,,,,,,,,,0.621497510378983,,,,,,,SMF-ONT,0
2025,1,SMF,ORD,330.89965363128493,1247.0,1860.5340782122905,27632.0,31657.0,191.0,194.0,2.0,1.8298969072164948,0.0,0.10824742268041238,2.2231333333333336,,,,,,,,,,,,,0.8728559244400922,,,,,,,SMF-ORD,1
2025,1,SMF,PDX,174.41620237351657,3600.0,488.6583385384135,48738.0,71782.0,611.0,603.0,3.0,5.163606010016695,0.006633499170812604,0.13930348258706468,2.2231333333333336,,,,,,,,,,,,,0.6789724443453791,,,,,,,SMF-PDX,0
2025,1,SMF,PHX,243.58166859791424,5982.0,664.6083429895713,100547.0,136825.0,1012.0,918.0,4.0,9.236065573770492,0.0032679738562091504,0.14161220043572983,2.2231333333333336,,,,,,,,,,,,,0.7348583957610086,,,,,,,SMF-PHX,0
2025,1,SMF,PSP,211.4600151975684,1267.0,457.45288753799394,14474.0,22880.0,141.0,138.0,1.0,8.53623188405797,0.0,0.15942028985507245,2.2231333333333336,,,,,,,,,,,,,0.6326048951048951,,,,,,,SMF-PSP,0
2025,1,SMF,SAN,155.974387628866,10675.0,486.7554639175258,124230.0,159654.0,1171.0,1184.0,3.0,6.959965928449744,0.009290540540540541,0.16300675675675674,2.2231333333333336,,,,,,,0.20884454631252528,0.010516381286234326,0.06662806664762747,0.26037408113045896,0.37705046300462025,0.2940969356018669,0.7781201848998459,0.20884454631252528,0.010516381286234326,0.06662806664762747,0.26037408113045896,0.37705046300462025,0.2940969356018669,SMF-SAN,0
2025,1,SMF,SAT,254.16913612565446,1682.0,1575.3952879581152,244.0,380.0,2.0,0.0,0.0,0.0,0.0,0.0,2.2231333333333336,,,,,,,,,,,,,0.6421052631578947,,,,,,,SMF-SAT,0
2025,1,SMF,SBA,200.39235474006117,548.0,332.9296636085627,7832.0,14124.0,84.0,85.0,1.0,7.976470588235294,0.0,0.25882352941176473,2.2231333333333336,,,,,,,,,,,,,0.5545171339563862,,,,,,,SMF-SBA,0
2025,1,SMF,SEA,182.9865307057745,5534.0,608.8528872593951,84457.0,117206.0,1001.0,996.0,4.0,3.6191919191919193,0.006024096385542169,0.1495983935742972,2.2231333333333336,,,,,,,,,,,,,0.7205859768271249,,,,,,,SMF-SEA,0
2025,1,SMF,SFO,181.59053571428572,62.0,86.0,16031.0,21549.0,288.0,284.0,2.0,12.62589928057554,0.02112676056338028,0.15845070422535212,2.2231333333333336,,,,,,,0.22080340516094707,0.00951789778605421,0.04750395680104273,0.43247928498277627,0.2687235825342147,0.25053346988176145,0.7439324330595387,0.22080340516094707,0.00951789778605421,0.04750395680104273,0.43247928498277627,0.2687235825342147,0.25053346988176145,SMF-SFO,0
2025,1,SMF,SLC,229.70540967423494,2224.0,566.2161895360316,45855.0,70307.0,470.0,466.0,3.0,2.652360515021459,0.0,0.11587982832618025,2.2231333333333336,,,,,,,,,,,,,0.6522110173951384,,,,,,,SMF-SLC,0
2025,1,SMF,SNA,232.77996237064912,4282.0,419.00470366886174,48822.0,76355.0,534.0,537.0,1.0,3.588785046728972,0.0037243947858473,0.13594040968342644,2.2231333333333336,,,,,,,,,,,,,0.6394080282889136,,,,,,,SMF-SNA,0
2025,1,SMF,STL,284.6727603305785,690.0,1783.3685950413224,7219.0,8887.0,57.0,57.0,1.0,8.732142857142858,0.017543859649122806,0.19298245614035087,2.2231333333333336,,,,,,,,,,,,,0.8123101158996286,,,,,,,SMF-STL,1
2025,1,SMF,TUS,183.88912052117263,807.0,783.6791530944625,5576.0,7604.0,93.0,93.0,2.0,4.924731182795699,0.0,0.16129032258064516,2.2231333333333336,,,,,,,,,,,,,0.7332982640715413,,,,,,,SMF-TUS,0
2025,1,SMX,LAS,47.453125,223.0,310.0,2515.0,3900.0,25.0,0.0,0.0,0.0,0.0,0.0,2.2231333333333336,,,,,,,,,,,,,0.6448717948717949,,,,,,,SMX-LAS,0
2025,1,SNA,ACT,287.6155,40.0,1294.0,322.0,344.0,2.0,0.0,0.0,0.0,0.0,0.0,2.2231333333333336,,,,,,,,,,,,,0.936046511627907,,,,,,,SNA-ACT,1
2025,1,SNA,ATL,497.9742372881356,3132.0,1963.4205508474577,62698.0,75406.0,446.0,226.0,1.0,19.808035714285715,0.008849557522123894,0.19911504424778761,2.2231333333333336,,,,,,,0.18040542999599665,0.022200385777195474,0.07972794287792138,0.19235893028329643,0.3715323460381475,0.35574939671415823,0.8314722966342201,0.18040542999599665,0.022200385777195474,0.07972794287792138,0.19235893028329643,0.3715323460381475,0.35574939671415823,SNA-ATL,1
2025,1,SNA,AUS,314.6805420991927,2474.0,1318.3056516724337,20024.0,22908.0,162.0,80.0,2.0,5.0125,0.0,0.0625,2.2231333333333336,,,,,,,0.18066105522479983,0.012779716690617943,0.0655739832334086,0.16405824184380596,0.40716516563281335,0.3620476351146755,0.8741051161166404,0.18066105522479983,0.012779716690617943,0.0655739832334086,0.16405824184380596,0.40716516563281335,0.3620476351146755,SNA-AUS,1
2025,1,SNA,BOI,186.35324245374878,1716.0,804.684518013632,12942.0,15404.0,136.0,0.0,0.0,0.0,0.0,0.0,2.2231333333333336,,,,,,,,,,,,,0.8401713840560894,,,,,,,SNA-BOI,1
2025,1,SNA,BOS,335.04475884244374,711.0,2713.110932475884,47.0,72.0,1.0,0.0,0.0,0.0,0.0,0.0,2.2231333333333336,,,,,,,,,,,,,0.6527777777777778,,,,,,,SNA-BOS,0
2025,1,SNA,CID,300.690234375,130.0,1762.9921875,93.0,166.0,1.0,0.0,0.0,0.0,0.0,0.0,2.2231333333333336,,,,,,,,,,,,,0.5602409638554217,,,,,,,SNA-CID,0
2025,1,SNA,CLT,372.57921273031826,808.0,2143.025125628141,15583.0,17438.0,89.0,0.0,0.0,0.0,0.0,0.0,2.2231333333333336,,,,,,,,,,,,,0.8936231219176511,,,,,,,SNA-CLT,1
2025,1,SNA,COS,201.8515611814346,312.0,916.8987341772151,1180.0,2592.0,14.0,0.0,0.0,0.0,0.0,0.0,2.2231333333333336,,,,,,,,,,,,,0.45524691358024694,,,,,,,SNA-COS,0
2025,1,SNA,DAL,293.19137592137594,1252.0,1254.7813267813267,20254.0,25518.0,178.0,90.0,1.0,8.067415730337078,0.011111111111111112,0.1111111111111111,2.2231333333333336,,,,,,,,,,,,,0.7937142409279724,,,,,,,SNA-DAL,0
2025,1,SNA,DEN,230.64281066425664,5869.0,858.8084048802531,98958.0,126798.0,810.0,0.0,0.0,0.0,0.0,0.0,2.2231333333333336,,,,,,,,,,,,,0.7804381772583163,,,,,,,SNA-DEN,0
2025,1,SNA,DFW,430.20371588523443,8180.0,1262.263820853744,189864.0,238940.0,1390.0,727.0,1.0,7.5413105413105415,0.03576341127922971,0.171939477303989,2.2231333333333336,,,,,,,0.2062396282774643,0.03747759707932293,0.10718704340430481,0.1903530643250198,0.3470410781655484,0.3542601059847202,0.7946095254038671,0.2062396282774643,0.03747759707932293,0.10718704340430481,0.1903530643250198,0.3470410781655484,0.3542601059847202,SNA-DFW,0
2025,1,SNA,DSM,206.56411602209945,523.0,1487.511049723757,4366.0,5046.0,28.0,0.0,0.0,0.0,0.0,0.0,2.2231333333333336,,,,,,,,,,,,,0.8652397938961554,,,,,,,SNA-DSM,1
2025,1,SNA,DTW,430.015824,800.0,2028.1712,8266.0,10748.0,64.0,0.0,0.0,0.0,0.0,0.0,2.2231333333333336,,,,,,,,,,,,,0.7690733159657611,,,,,,,SNA-DTW,0
2025,1,SNA,EUG,175.1579805352798,573.0,887.8345498783455,3069.0,4215.0,23.0,0.0,0.0,0.0,0.0,0.0,2.2231333333333336,,,,,,,,,,,,,0.7281138790035587,,,,,,,SNA-EUG,0
2025,1,SNA,EWR,425.3457134109002,2975.0,2462.5425597060625,30664.0,33888.0,268.0,0.0,0.0,0.0,0.0,0.0,2.2231333333333336,,,,,,,,,,,,,0.9048630783758262,,,,,,,SNA-EWR,1
2025,1,SNA,FAT,250.32757575757574,34.0,491.8181818181818,148.0,159.0,1.0,0.0,0.0,0.0,0.0,0.0,2.2231333333333336,,,,,,,,,,,,,0.9308176100628931,,,,,,,SNA-FAT,1
2025,1,SNA,HOU,255.2682857142857,302.0,1467.5857142857142,200.0,286.0,2.0,0.0,0.0,0.0,0.0,0.0,2.2231333333333336,,,,,,,,,,,,,0.6993006993006993,,,,,,,SNA-HOU,0
2025,1,SNA,IAD,373.9933482142857,240.0,2411.0714285714284,3.0,8.0,1.0,0.0,0.0,0.0,0.0,0.0,2.2231333333333336,,,,,,,,,,,,,0.375,,,,,,,SNA-IAD,0
2025,1,SNA,IAH,339.89323176361955,4468.0,1378.8393351800555,78060.0,99624.0,688.0,346.0,1.0,2.146198830409357,0.011560693641618497,0.08092485549132948,2.2231333333333336,,,,,,,0.16850534248952576,0.02717108362049731,0.06321467851469073,0.21375131175937725,0.3868472966603237,0.33570759355923724,0.7835461334618165,0.16850534248952576,0.02717108362049731,0.06321467851469073,0.21375131175937725,0.3868472966603237,0.33570759355923724,SNA-IAH,0
2025,1,SNA,IDA,128.23886639676113,388.0,801.0769230769231,3523.0,4260.0,27.0,0.0,0.0,0.0,0.0,0.0,2.2231333333333336,,,,,,,,,,,,,0.8269953051643193,,,,,,,SNA-IDA,1
2025,1,SNA,JAC,278.5433766233766,80.0,970.4285714285714,5.0,13.0,1.0,0.0,0.0,0.0,0.0,0.0,2.2231333333333336,,,,,,,,,,,,,0.38461538461538464,,,,,,,SNA-JAC,0
2025,1,SNA,JFK,518.0703874538746,846.0,2497.867158671587,7298.0,8740.0,85.0,0.0,0.0,0.0,0.0,0.0,2.2231333333333336,,,,,,,,,,,,,0.8350114416475972,,,,,,,SNA-JFK,1
2025,1,SNA,LAS,152.2503390688259,6875.0,226.02226720647772,107955.0,153998.0,1435.0,0.0,0.0,0.0,0.0,0.0,2.2231333333333336,,,,,,,,,,,,,0.7010155976051637,,,,,,,SNA-LAS,0
2025,1,SNA,LIH,276.9262962962963,28.0,3089.1111111111113,6.0,13.0,1.0,0.0,0.0,0.0,0.0,0.0,2.2231333333333336,,,,,,,,,,,,,0.46153846153846156,,,,,,,SNA-LIH,0
2025,1,SNA,MEM,385.6597326203208,200.0,1744.5935828877004,0.0,0.0,60.0,0.0,0.0,0.0,0.0,0.0,2.2231333333333336,,,,,,,,,,,,,,,,,,,,SNA-MEM,0
2025,1,SNA,MFR,160.83463601532566,371.0,780.0574712643678,3029.0,3822.0,24.0,0.0,0.0,0.0,0.0,0.0,2.2231333333333336,,,,,,,,,,,,,0.7925170068027211,,,,,,,SNA-MFR,0
2025,1,SNA,MRY,224.183,21.0,441.65,12.0,100.0,3.0,0.0,0.0,0.0,0.0,0.0,2.2231333333333336,,,,,,,,,,,,,0.12,,,,,,,SNA-MRY,0
2025,1,SNA,MSP,422.5576062322946,1122.0,1589.7677053824364,13686.0,15124.0,135.0,0.0,0.0,0.0,0.0,0.0,2.2231333333333336,,,,,,,,,,,,,0.9049193335096535,,,,,,,SNA-MSP,1
2025,1,SNA,MTJ,133.28472222222223,277.0,742.5555555555555,2298.0,6576.0,48.0,0.0,0.0,0.0,0.0,0.0,2.2231333333333336,,,,,,,,,,,,,0.3494525547445255,,,,,,,SNA-MTJ,0
2025,1,SNA,OAK,189.71338600451466,5316.0,372.43942814145976,58064.0,92937.0,628.0,637.0,2.0,2.8359872611464967,0.0141287284144427,0.12087912087912088,2.2231333333333336,,,,,,,,,,,,,0.6247673154932911,,,,,,,SNA-OAK,0
2025,1,SNA,OGD,83.32919254658385,307.0,610.0,3043.0,3562.0,26.0,0.0,0.0,0.0,0.0,0.0,2.2231333333333336,,,,,,,,,,,,,0.8542953396967996,,,,,,,SNA-OGD,1
2025,1,SNA,OKC,278.8251145038168,306.0,1301.6335877862596,158.0,172.0,1.0,0.0,0.0,0.0,0.0,0.0,2.2231333333333336,,,,,,,,,,,,,0.9186046511627907,,,,,,,SNA-OKC,1
2025,1,SNA,ORD,358.77881778212014,4089.0,1750.0063507572056,68100.0,84700.0,513.0,0.0,0.0,0.0,0.0,0.0,2.2231333333333336,,,,,,,,,,,,,0.8040141676505312,,,,,,,SNA-ORD,1
2025,1,SNA,PAE,208.81676240208878,620.0,1013.8250652741515,5990.0,6612.0,87.0,0.0,0.0,0.0,0.0,0.0,2.2231333333333336,,,,,,,,,,,,,0.9059286146400484,,,,,,,SNA-PAE,1
2025,1,SNA,PBI,436.0988741721854,161.0,2417.0,4.0,22.0,2.0,0.0,0.0,0.0,0.0,0.0,2.2231333333333336,,,,,,,,,,,,,0.18181818181818182,,,,,,,SNA-PBI,0
2025,1,SNA,PDX,231.24503452605148,4429.0,887.6729441305713,44355.0,52863.0,338.0,0.0,0.0,0.0,0.0,0.0,2.2231333333333336,,,,,,,,,,,,,0.8390556722092958,,,,,,,SNA-PDX,1
2025,1,SNA,PHX,211.85650678733032,6966.0,339.9950226244344,126267.0,178590.0,1108.0,0.0,0.0,0.0,0.0,0.0,2.2231333333333336,,,,,,,,,,,,,0.7070216697463464,,,,,,,SNA-PHX,0
2025,1,SNA,PVU,108.95749704840614,3468.0,565.0,35595.0,39998.0,263.0,0.0,0.0,0.0,0.0,0.0,2.2231333333333336,,,,,,,,,,,,,0.8899194959747987,,,,,,,SNA-PVU,1
2025,1,SNA,RNO,198.3741847826087,210.0,550.8858695652174,1486.0,2093.0,66.0,0.0,0.0,0.0,0.0,0.0,2.2231333333333336,,,,,,,,,,,,,0.7099856665074057,,,,,,,SNA-RNO,0
2025,1,SNA,SAT,285.1435781990521,972.0,1333.952606635071,276.0,488.0,4.0,0.0,0.0,0.0,0.0,0.0,2.2231333333333336,,,,,,,,,,,,,0.5655737704918032,,,,,,,SNA-SAT,0
2025,1,SNA,SDF,343.98689655172416,243.0,1974.521551724138,0.0,0.0,46.0,0.0,0.0,0.0,0.0,0.0,2.2231333333333336,,,,,,,,,,,,,,,,,,,,SNA-SDF,0
2025,1,SNA,SEA,234.8201110229976,8359.0,986.4540047581285,99777.0,119983.0,837.0,0.0,0.0,0.0,0.0,0.0,2.2231333333333336,,,,,,,,,,,,,0.8315928089812723,,,,,,,SNA-SEA,1
2025,1,SNA,SFO,167.17986367837338,8480.0,372.3539741219963,99763.0,111273.0,1070.0,1106.0,5.0,15.499534016775396,0.029837251356238697,0.22513562386980107,2.2231333333333336,,,,,,,0.22080340516094707,0.00951789778605421,0.04750395680104273,0.43247928498277627,0.2687235825342147,0.25053346988176145,0.8965607110440089,0.22080340516094707,0.00951789778605421,0.04750395680104273,0.43247928498277627,0.2687235825342147,0.25053346988176145,SNA-SFO,1
2025,1,SNA,SJC,236.37853092783504,4783.0,346.4553264604811,53541.0,91820.0,647.0,654.0,1.0,4.221528861154447,0.021406727828746176,0.12844036697247707,2.2231333333333336,,,,,,,,,,,,,0.5831082552820737,,,,,,,SNA-SJC,0
2025,1,SNA,SLC,329.0445971162002,2463.0,646.1798134011874,35342.0,41738.0,386.0,0.0,0.0,0.0,0.0,0.0,2.2231333333333336,,,,,,,,,,,,,0.8467583497053045,,,,,,,SNA-SLC,1
2025,1,SNA,SMF,233.9030568499534,4314.0,411.5824790307549,50395.0,76108.0,532.0,537.0,1.0,3.902621722846442,0.0074487895716946,0.1378026070763501,2.2231333333333336,,,,,,,,,,,,,0.6621511536237977,,,,,,,SNA-SMF,0
2025,1,SNA,STL,321.68594387755104,414.0,1713.8852040816328,246.0,316.0,3.0,0.0,0.0,0.0,0.0,0.0,2.2231333333333336,,,,,,,,,,,,,0.7784810126582279,,,,,,,SNA-STL,0
2025,1,SNA,STS,203.5193982808023,915.0,433.1289398280802,9071.0,11096.0,146.0,0.0,0.0,0.0,0.0,0.0,2.2231333333333336,,,,,,,,,,,,,0.8175018024513339,,,,,,,SNA-STS,1
2025,1,SNA,SYR,370.67915887850467,112.0,2446.2523364485983,99.0,102.0,1.0,0.0,0.0,0.0,0.0,0.0,2.2231333333333336,,,,,,,,,,,,,0.9705882352941176,,,,,,,SNA-SYR,1
2025,1,SNA,TUS,191.21989361702126,606.0,438.8723404255319,5177.0,6764.0,89.0,0.0,0.0,0.0,0.0,0.0,2.2231333333333336,,,,,,,,,,,,,0.7653755174452986,,,,,,,SNA-TUS,0
2025,1,SPS,DFW,336.5,6.0,113.0,7914.0,12097.0,183.0,180.0,2.0,28.60233918128655,0.05,0.2222222222222222,2.2231333333333336,,,,,,,0.2062396282774643,0.03747759707932293,0.10718704340430481,0.1903530643250198,0.3470410781655484,0.3542601059847202,0.6542117880466232,0.2062396282774643,0.03747759707932293,0.10718704340430481,0.1903530643250198,0.3470410781655484,0.3542601059847202,SPS-DFW,0
2025,1,SRQ,ATL,237.3491770011274,1900.0,449.065388951522,85177.0,108816.0,622.0,633.0,2.0,9.428571428571429,0.017377567140600316,0.13902053712480253,2.2231333333333336,,,,,,,0.18040542999599665,0.022200385777195474,0.07972794287792138,0.19235893028329643,0.3715323460381475,0.35574939671415823,0.7827617262167328,0.18040542999599665,0.022200385777195474,0.07972794287792138,0.19235893028329643,0.3715323460381475,0.35574939671415823,SRQ-ATL,0
2025,1,SRQ,AUS,274.7006511627907,240.0,1285.6093023255814,347.0,487.0,3.0,2.0,1.0,20.5,0.0,0.5,2.2231333333333336,,,,,,,0.18066105522479983,0.012779716690617943,0.0655739832334086,0.16405824184380596,0.40716516563281335,0.3620476351146755,0.7125256673511293,0.18066105522479983,0.012779716690617943,0.0655739832334086,0.16405824184380596,0.40716516563281335,0.3620476351146755,SRQ-AUS,0
2025,1,SRQ,DAL,199.19930513595168,496.0,1022.250755287009,10691.0,13004.0,84.0,85.0,1.0,15.05952380952381,0.011764705882352941,0.2235294117647059,2.2231333333333336,,,,,,,,,,,,,0.8221316517994464,,,,,,,SRQ-DAL,1
2025,1,SRQ,DFW,281.80097029702966,722.0,1011.5702970297029,12279.0,16665.0,119.0,123.0,2.0,30.529411764705884,0.032520325203252036,0.23577235772357724,2.2231333333333336,,,,,,,0.2062396282774643,0.03747759707932293,0.10718704340430481,0.1903530643250198,0.3470410781655484,0.3542601059847202,0.7368136813681369,0.2062396282774643,0.03747759707932293,0.10718704340430481,0.1903530643250198,0.3470410781655484,0.3542601059847202,SRQ-DFW,0
2025,1,SRQ,IAH,240.1811320754717,338.0,923.6943396226416,4657.0,6188.0,76.0,80.0,3.0,13.447368421052632,0.05,0.125,2.2231333333333336,,,,,,,0.16850534248952576,0.02717108362049731,0.06321467851469073,0.21375131175937725,0.3868472966603237,0.33570759355923724,0.7525856496444732,0.16850534248952576,0.02717108362049731,0.06321467851469073,0.21375131175937725,0.3868472966603237,0.33570759355923724,SRQ-IAH,0
2025,1,SRQ,SJC,275.3879245283019,55.0,2541.9622641509436,1.0,12.0,1.0,0.0,0.0,0.0,0.0,0.0,2.2231333333333336,,,,,,,,,,,,,0.08333333333333333,,,,,,,SRQ-SJC,0
2025,1,STL,ATL,243.91423412204236,3410.0,500.02428393524286,93232.0,127944.0,776.0,793.0,2.0,6.596129032258064,0.02269861286254729,0.13619167717528374,2.2231333333333336,,,,,,,0.18040542999599665,0.022200385777195474,0.07972794287792138,0.19235893028329643,0.3715323460381475,0.35574939671415823,0.7286938035390483,0.18040542999599665,0.022200385777195474,0.07972794287792138,0.19235893028329643,0.3715323460381475,0.35574939671415823,STL-ATL,0
2025,1,STL,AUS,225.04066019417476,1699.0,772.7038834951456,21754.0,30424.0,195.0,200.0,1.0,14.107692307692307,0.025,0.26,2.2231333333333336,,,,,,,0.18066105522479983,0.012779716690617943,0.0655739832334086,0.16405824184380596,0.40716516563281335,0.3620476351146755,0.7150276097817513,0.18066105522479983,0.012779716690617943,0.0655739832334086,0.16405824184380596,0.40716516563281335,0.3620476351146755,STL-AUS,0
2025,1,STL,BRO,252.72916666666666,24.0,1001.125,0.0,0.0,1.0,0.0,0.0,0.0,0.0,0.0,2.2231333333333336,,,,,,,,,,,,,,,,,,,,STL-BRO,0
2025,1,STL,BUR,278.4896561604584,437.0,1640.6647564469913,5431.0,7436.0,52.0,53.0,1.0,13.346153846153847,0.018867924528301886,0.2641509433962264,2.2231333333333336,,,,,,,,,,,,,0.7303657880580957,,,,,,,STL-BUR,0
2025,1,STL,DAL,229.4824777327935,2921.0,563.2242914979757,49274.0,78721.0,487.0,509.0,1.0,8.44672131147541,0.0412573673870334,0.17288801571709234,2.2231333333333336,,,,,,,,,,,,,0.6259320892773211,,,,,,,STL-DAL,0
2025,1,STL,DFW,272.1079389312977,1942.0,571.7837150127226,56265.0,67116.0,504.0,531.0,4.0,15.107355864811133,0.05273069679849341,0.1487758945386064,2.2231333333333336,,,,,,,0.2062396282774643,0.03747759707932293,0.10718704340430481,0.1903530643250198,0.3470410781655484,0.3542601059847202,0.8383246915787592,0.2062396282774643,0.03747759707932293,0.10718704340430481,0.1903530643250198,0.3470410781655484,0.3542601059847202,STL-DFW,1
2025,1,STL,HOU,234.7379726890756,2173.0,715.0735294117648,36661.0,56631.0,345.0,355.0,1.0,10.115606936416185,0.030985915492957747,0.19718309859154928,2.2231333333333336,,,,,,,,,,,,,0.6473662834843107,,,,,,,STL-HOU,0
2025,1,STL,IAH,275.6359973045822,983.0,699.6159029649596,21808.0,29020.0,293.0,302.0,3.0,4.755172413793104,0.039735099337748346,0.11920529801324503,2.2231333333333336,,,,,,,0.16850534248952576,0.02717108362049731,0.06321467851469073,0.21375131175937725,0.3868472966603237,0.33570759355923724,0.7514817367332874,0.16850534248952576,0.02717108362049731,0.06321467851469073,0.21375131175937725,0.3868472966603237,0.33570759355923724,STL-IAH,0
2025,1,STL,LAX,295.9884780994803,2085.0,1678.2880475129919,19410.0,27168.0,178.0,183.0,2.0,5.230337078651686,0.0273224043715847,0.18032786885245902,2.2231333333333336,,,,,,,0.1662822530232157,0.008191243991291414,0.06384287985231527,0.17061212978089035,0.33008563663401874,0.43409495483748084,0.7144434628975265,0.1662822530232157,0.008191243991291414,0.06384287985231527,0.17061212978089035,0.33008563663401874,0.43409495483748084,STL-LAX,0
2025,1,STL,LGB,259.79026607538805,656.0,1625.29933481153,9192.0,14999.0,89.0,0.0,0.0,0.0,0.0,0.0,2.2231333333333336,,,,,,,,,,,,,0.6128408560570705,,,,,,,STL-LGB,0
2025,1,STL,LRD,243.4962962962963,29.0,949.2592592592592,0.0,0.0,1.0,0.0,0.0,0.0,0.0,0.0,2.2231333333333336,,,,,,,,,,,,,,,,,,,,STL-LRD,0
2025,1,STL,OAK,249.74278350515462,203.0,1844.4329896907216,445.0,668.0,4.0,4.0,1.0,15.5,0.0,0.25,2.2231333333333336,,,,,,,,,,,,,0.6661676646706587,,,,,,,STL-OAK,0
2025,1,STL,ONT,256.1003095238095,480.0,1650.1285714285714,54.0,128.0,1.0,0.0,0.0,0.0,0.0,0.0,2.2231333333333336,,,,,,,,,,,,,0.421875,,,,,,,STL-ONT,0
2025,1,STL,PSP,274.16285318559557,417.0,1624.3850415512466,60.0,156.0,1.0,0.0,0.0,0.0,0.0,0.0,2.2231333333333336,,,,,,,,,,,,,0.38461538461538464,,,,,,,STL-PSP,0
2025,1,STL,SAN,268.42262574595054,1608.0,1656.012787723785,16426.0,21083.0,136.0,136.0,1.0,12.052238805970148,0.014705882352941176,0.22794117647058823,2.2231333333333336,,,,,,,0.20884454631252528,0.010516381286234326,0.06662806664762747,0.26037408113045896,0.37705046300462025,0.2940969356018669,0.7791111321918133,0.20884454631252528,0.010516381286234326,0.06662806664762747,0.26037408113045896,0.37705046300462025,0.2940969356018669,STL-SAN,0
2025,1,STL,SAT,248.7657158234661,1257.0,841.1550053821313,13268.0,18267.0,117.0,122.0,1.0,5.743589743589744,0.040983606557377046,0.14754098360655737,2.2231333333333336,,,,,,,,,,,,,0.7263371106366672,,,,,,,STL-SAT,0
2025,1,STL,SAV,266.86266666666666,362.0,811.8920634920635,554.0,700.0,4.0,4.0,1.0,9.25,0.0,0.25,2.2231333333333336,,,,,,,,,,,,,0.7914285714285715,,,,,,,STL-SAV,0
2025,1,STL,SBA,305.8997701149425,91.0,1742.551724137931,42.0,186.0,1.0,0.0,0.0,0.0,0.0,0.0,2.2231333333333336,,,,,,,,,,,,,0.22580645161290322,,,,,,,STL-SBA,0
2025,1,STL,SFO,280.5565533522191,1471.0,1805.198300283286,18651.0,24875.0,172.0,174.0,2.0,23.1453488372093,0.011494252873563218,0.29310344827586204,2.2231333333333336,,,,,,,0.22080340516094707,0.00951789778605421,0.04750395680104273,0.43247928498277627,0.2687235825342147,0.25053346988176145,0.7497889447236181,0.22080340516094707,0.00951789778605421,0.04750395680104273,0.43247928498277627,0.2687235825342147,0.25053346988176145,STL-SFO,0
2025,1,STL,SJC,246.1791304347826,405.0,1841.1141304347825,1142.0,1304.0,8.0,10.0,1.0,24.75,0.2,0.2,2.2231333333333336,,,,,,,,,,,,,0.8757668711656442,,,,,,,STL-SJC,1
2025,1,STL,SMF,288.61877650897225,678.0,1815.05220228385,7244.0,9128.0,56.0,57.0,1.0,10.160714285714286,0.017543859649122806,0.2807017543859649,2.2231333333333336,,,,,,,,,,,,,0.7936021034180544,,,,,,,STL-SMF,0
2025,1,STS,BOI,83.92022727272727,268.0,527.6212121212121,2201.0,3874.0,26.0,0.0,0.0,0.0,0.0,0.0,2.2231333333333336,,,,,,,,,,,,,0.568146618482189,,,,,,,STS-BOI,0
2025,1,STS,BUR,114.2886,1068.0,388.382,10951.0,15853.0,150.0,90.0,2.0,3.359550561797753,0.011111111111111112,0.1,2.2231333333333336,,,,,,,,,,,,,0.6907840787232701,,,,,,,STS-BUR,0
2025,1,STS,FCA,207.76555555555555,21.0,982.4444444444445,135.0,298.0,2.0,0.0,0.0,0.0,0.0,0.0,2.2231333333333336,,,,,,,,,,,,,0.45302013422818793,,,,,,,STS-FCA,0
2025,1,STS,LAS,129.55603524229076,965.0,466.12334801762114,10051.0,14439.0,141.0,0.0,0.0,0.0,0.0,0.0,2.2231333333333336,,,,,,,,,,,,,0.6961008380081724,,,,,,,STS-LAS,0
2025,1,STS,LAX,161.39000000000001,748.0,406.4391691394659,9532.0,11932.0,157.0,161.0,1.0,12.726114649681529,0.024844720496894408,0.20496894409937888,2.2231333333333336,,,,,,,0.1662822530232157,0.008191243991291414,0.06384287985231527,0.17061212978089035,0.33008563663401874,0.43409495483748084,0.7988602078444519,0.1662822530232157,0.008191243991291414,0.06384287985231527,0.17061212978089035,0.33008563663401874,0.43409495483748084,STS-LAX,0
2025,1,STS,ONT,69.12698412698413,138.0,508.85714285714283,1218.0,2384.0,16.0,0.0,0.0,0.0,0.0,0.0,2.2231333333333336,,,,,,,,,,,,,0.5109060402684564,,,,,,,STS-ONT,0
2025,1,STS,PDX,190.31732095490716,534.0,493.790450928382,6410.0,7980.0,105.0,0.0,0.0,0.0,0.0,0.0,2.2231333333333336,,,,,,,,,,,,,0.8032581453634086,,,,,,,STS-PDX,1
2025,1,STS,PHX,248.24990024937657,550.0,700.1521197007481,9835.0,12888.0,138.0,0.0,0.0,0.0,0.0,0.0,2.2231333333333336,,,,,,,,,,,,,0.763112973308504,,,,,,,STS-PHX,0
2025,1,STS,PSP,90.91233766233766,322.0,484.2597402597403,3408.0,5592.0,39.0,0.0,0.0,0.0,0.0,0.0,2.2231333333333336,,,,,,,,,,,,,0.6094420600858369,,,,,,,STS-PSP,0
2025,1,STS,RDM,145.32190476190476,26.0,598.047619047619,145.0,298.0,2.0,0.0,0.0,0.0,0.0,0.0,2.2231333333333336,,,,,,,,,,,,,0.4865771812080537,,,,,,,STS-RDM,0
2025,1,STS,SAN,188.80524154589372,825.0,523.6497584541063,8697.0,10640.0,140.0,151.0,1.0,0.7676056338028169,0.059602649006622516,0.10596026490066225,2.2231333333333336,,,,,,,0.20884454631252528,0.010516381286234326,0.06662806664762747,0.26037408113045896,0.37705046300462025,0.2940969356018669,0.8173872180451128,0.20884454631252528,0.010516381286234326,0.06662806664762747,0.26037408113045896,0.37705046300462025,0.2940969356018669,STS-SAN,1
2025,1,STS,SEA,220.32850505050504,743.0,625.2767676767677,9215.0,10792.0,142.0,0.0,0.0,0.0,0.0,0.0,2.2231333333333336,,,,,,,,,,,,,0.8538732394366197,,,,,,,STS-SEA,1
2025,1,STS,SLC,65.39784946236558,238.0,636.4516129032259,2103.0,3874.0,26.0,0.0,0.0,0.0,0.0,0.0,2.2231333333333336,,,,,,,,,,,,,0.5428497676819825,,,,,,,STS-SLC,0
2025,1,STS,SNA,196.60276836158192,909.0,433.1073446327684,9292.0,11255.0,149.0,0.0,0.0,0.0,0.0,0.0,2.2231333333333336,,,,,,,,,,,,,0.8255886272767659,,,,,,,STS-SNA,1
2025,1,STS,TUS,231.3918918918919,38.0,817.8648648648649,47.0,76.0,1.0,0.0,0.0,0.0,0.0,0.0,2.2231333333333336,,,,,,,,,,,,,0.618421052631579,,,,,,,STS-TUS,0
2025,1,STT,ATL,454.73067729083664,852.0,1627.7509960159362,32522.0,37797.0,190.0,197.0,1.0,20.850515463917525,0.015228426395939087,0.2233502538071066,2.2231333333333336,,,,,,,0.18040542999599665,0.022200385777195474,0.07972794287792138,0.19235893028329643,0.3715323460381475,0.35574939671415823,0.8604386591528428,0.18040542999599665,0.022200385777195474,0.07972794287792138,0.19235893028329643,0.3715323460381475,0.35574939671415823,STT-ATL,1
2025,1,STT,DFW,444.46919999999994,390.0,2295.6523076923077,1446.0,1792.0,14.0,14.0,1.0,21.0,0.0,0.2857142857142857,2.2231333333333336,,,,,,,0.2062396282774643,0.03747759707932293,0.10718704340430481,0.1903530643250198,0.3470410781655484,0.3542601059847202,0.8069196428571429,0.2062396282774643,0.03747759707932293,0.10718704340430481,0.1903530643250198,0.3470410781655484,0.3542601059847202,STT-DFW,1
2025,1,STT,IAH,431.2639449541284,238.0,2170.821100917431,1851.0,2656.0,16.0,17.0,1.0,1.1875,0.058823529411764705,0.17647058823529413,2.2231333333333336,,,,,,,0.16850534248952576,0.02717108362049731,0.06321467851469073,0.21375131175937725,0.3868472966603237,0.33570759355923724,0.6969126506024096,0.16850534248952576,0.02717108362049731,0.06321467851469073,0.21375131175937725,0.3868472966603237,0.33570759355923724,STT-IAH,0
2025,1,STT,LAX,545.1878534031414,203.0,3592.759162303665,2.0,14.0,1.0,0.0,0.0,0.0,0.0,0.0,2.2231333333333336,,,,,,,0.1662822530232157,0.008191243991291414,0.06384287985231527,0.17061212978089035,0.33008563663401874,0.43409495483748084,0.14285714285714285,0.1662822530232157,0.008191243991291414,0.06384287985231527,0.17061212978089035,0.33008563663401874,0.43409495483748084,STT-LAX,0
2025,1,STX,ATL,402.3873205741627,262.0,1670.0095693779904,11036.0,11838.0,74.0,77.0,1.0,22.2,0.025974025974025976,0.4155844155844156,2.2231333333333336,,,,,,,0.18040542999599665,0.022200385777195474,0.07972794287792138,0.19235893028329643,0.3715323460381475,0.35574939671415823,0.9322520696063524,0.18040542999599665,0.022200385777195474,0.07972794287792138,0.19235893028329643,0.3715323460381475,0.35574939671415823,STX-ATL,1
2025,1,SUN,LAX,351.5049738219895,485.0,735.2539267015707,5701.0,8890.0,127.0,130.0,1.0,0.5433070866141733,0.023076923076923078,0.08461538461538462,2.2231333333333336,,,,,,,0.1662822530232157,0.008191243991291414,0.06384287985231527,0.17061212978089035,0.33008563663401874,0.43409495483748084,0.6412823397075366,0.1662822530232157,0.008191243991291414,0.06384287985231527,0.17061212978089035,0.33008563663401874,0.43409495483748084,SUN-LAX,0
2025,1,SUN,OAK,424.75,4.0,894.25,4.0,7.0,1.0,0.0,0.0,0.0,0.0,0.0,2.2231333333333336,,,,,,,,,,,,,0.5714285714285714,,,,,,,SUN-OAK,0
2025,1,SUN,SFO,345.2473267326733,408.0,635.5577557755776,5589.0,7980.0,114.0,117.0,1.0,20.17391304347826,0.017094017094017096,0.28205128205128205,2.2231333333333336,,,,,,,0.22080340516094707,0.00951789778605421,0.04750395680104273,0.43247928498277627,0.2687235825342147,0.25053346988176145,0.7003759398496241,0.22080340516094707,0.00951789778605421,0.04750395680104273,0.43247928498277627,0.2687235825342147,0.25053346988176145,SUN-SFO,0
2025,1,SUN,SJC,324.43888888888887,18.0,907.3888888888889,0.0,70.0,1.0,0.0,0.0,0.0,0.0,0.0,2.2231333333333336,,,,,,,,,,,,,0.0,,,,,,,SUN-SJC,0
2025,1,SWO,DFW,216.50827586206896,36.0,225.0,6918.0,11050.0,170.0,180.0,1.0,10.088757396449704,0.06111111111111111,0.15,2.2231333333333336,,,,,,,0.2062396282774643,0.03747759707932293,0.10718704340430481,0.1903530643250198,0.3470410781655484,0.3542601059847202,0.6260633484162896,0.2062396282774643,0.03747759707932293,0.10718704340430481,0.1903530643250198,0.3470410781655484,0.3542601059847202,SWO-DFW,0
2025,1,SWO,HOU,286.36285714285714,7.0,472.14285714285717,80.0,190.0,3.0,0.0,0.0,0.0,0.0,0.0,2.2231333333333336,,,,,,,,,,,,,0.42105263157894735,,,,,,,SWO-HOU,0
2025,1,SWO,HRL,183.5,1.0,686.0,0.0,150.0,1.0,0.0,0.0,0.0,0.0,0.0,2.2231333333333336,,,,,,,,,,,,,0.0,,,,,,,SWO-HRL,0
2025,1,SWO,IAH,307.14285714285717,8.0,449.0,0.0,75.0,1.0,0.0,0.0,0.0,0.0,0.0,2.2231333333333336,,,,,,,0.16850534248952576,0.02717108362049731,0.06321467851469073,0.21375131175937725,0.3868472966603237,0.33570759355923724,0.0,0.16850534248952576,0.02717108362049731,0.06321467851469073,0.21375131175937725,0.3868472966603237,0.33570759355923724,SWO-IAH,0
2025,1,SWO,LBB,343.25,4.0,507.0,46.0,50.0,1.0,0.0,0.0,0.0,0.0,0.0,2.2231333333333336,,,,,,,,,,,,,0.92,,,,,,,SWO-LBB,1
2025,1,SWO,MFE,330.5,2.0,694.0,0.0,65.0,1.0,0.0,0.0,0.0,0.0,0.0,2.2231333333333336,,,,,,,,,,,,,0.0,,,,,,,SWO-MFE,0
2025,1,SYR,ATL,299.468201754386,806.0,851.5899122807018,33711.0,41124.0,252.0,252.0,1.0,16.272,0.007936507936507936,0.1865079365079365,2.2231333333333336,,,,,,,0.18040542999599665,0.022200385777195474,0.07972794287792138,0.19235893028329643,0.3715323460381475,0.35574939671415823,0.8197402976364166,0.18040542999599665,0.022200385777195474,0.07972794287792138,0.19235893028329643,0.3715323460381475,0.35574939671415823,SYR-ATL,1
2025,1,SYR,DFW,309.7778241758242,527.0,1464.832967032967,6215.0,7474.0,50.0,52.0,1.0,28.14,0.038461538461538464,0.17307692307692307,2.2231333333333336,,,,,,,0.2062396282774643,0.03747759707932293,0.10718704340430481,0.1903530643250198,0.3470410781655484,0.3542601059847202,0.8315493711533315,0.2062396282774643,0.03747759707932293,0.10718704340430481,0.1903530643250198,0.3470410781655484,0.3542601059847202,SYR-DFW,1
2025,1,SYR,SJC,389.5492857142857,28.0,2637.25,84.0,254.0,2.0,0.0,0.0,0.0,0.0,0.0,2.2231333333333336,,,,,,,,,,,,,0.33070866141732286,,,,,,,SYR-SJC,0
2025,1,TBN,DFW,112.59666666666665,3.0,434.0,1374.0,2326.0,78.0,0.0,0.0,0.0,0.0,0.0,2.2231333333333336,,,,,,,0.2062396282774643,0.03747759707932293,0.10718704340430481,0.1903530643250198,0.3470410781655484,0.3542601059847202,0.5907136715391229,0.2062396282774643,0.03747759707932293,0.10718704340430481,0.1903530643250198,0.3470410781655484,0.3542601059847202,TBN-DFW,0
2025,1,TLH,ATL,236.86764525993885,398.0,223.0,42699.0,57120.0,537.0,550.0,2.0,8.43177570093458,0.02727272727272727,0.15636363636363637,2.2231333333333336,,,,,,,0.18040542999599665,0.022200385777195474,0.07972794287792138,0.19235893028329643,0.3715323460381475,0.35574939671415823,0.747531512605042,0.18040542999599665,0.022200385777195474,0.07972794287792138,0.19235893028329643,0.3715323460381475,0.35574939671415823,TLH-ATL,0
2025,1,TLH,DAL,321.1111111111111,9.0,944.0,2.0,13.0,1.0,0.0,0.0,0.0,0.0,0.0,2.2231333333333336,,,,,,,,,,,,,0.15384615384615385,,,,,,,TLH-DAL,0
2025,1,TLH,DFW,335.6295637583893,407.0,799.6174496644295,14275.0,19203.0,256.0,270.0,2.0,14.607003891050583,0.05185185185185185,0.17407407407407408,2.2231333333333336,,,,,,,0.2062396282774643,0.03747759707932293,0.10718704340430481,0.1903530643250198,0.3470410781655484,0.3542601059847202,0.7433734312347029,0.2062396282774643,0.03747759707932293,0.10718704340430481,0.1903530643250198,0.3470410781655484,0.3542601059847202,TLH-DFW,0
2025,1,TLH,SJC,484.8348,25.0,2307.36,34.0,137.0,1.0,0.0,0.0,0.0,0.0,0.0,2.2231333333333336,,,,,,,,,,,,,0.24817518248175183,,,,,,,TLH-SJC,0
2025,1,TPA,ABY,348.6666666666667,7.0,551.0,0.0,0.0,1.0,0.0,0.0,0.0,0.0,0.0,2.2231333333333336,,,,,,,,,,,,,,,,,,,,TPA-ABY,0
2025,1,TPA,ATL,204.4590273556231,8678.0,417.3088905775076,239653.0,292845.0,1517.0,1544.0,4.0,18.82936507936508,0.02072538860103627,0.23575129533678757,2.2231333333333336,,,,,,,0.18040542999599665,0.022200385777195474,0.07972794287792138,0.19235893028329643,0.3715323460381475,0.35574939671415823,0.8183612491249637,0.18040542999599665,0.022200385777195474,0.07972794287792138,0.19235893028329643,0.3715323460381475,0.35574939671415823,TPA-ATL,1
2025,1,TPA,AUS,261.09016563147,2513.0,1015.8233264320221,30710.0,41477.0,262.0,261.0,1.0,12.45,0.0038314176245210726,0.19923371647509577,2.2231333333333336,,,,,,,0.18066105522479983,0.012779716690617943,0.0655739832334086,0.16405824184380596,0.40716516563281335,0.3620476351146755,0.7404103479036575,0.18066105522479983,0.012779716690617943,0.0655739832334086,0.16405824184380596,0.40716516563281335,0.3620476351146755,TPA-AUS,0
2025,1,TPA,DAL,218.59206125827816,2434.0,945.2028145695364,38587.0,50981.0,308.0,314.0,1.0,12.532467532467532,0.022292993630573247,0.19745222929936307,2.2231333333333336,,,,,,,,,,,,,0.7568898216982798,,,,,,,TPA-DAL,0
2025,1,TPA,DFW,255.67508753861998,5163.0,972.1709577754892,108459.0,131664.0,745.0,735.0,3.0,20.515406162464988,0.031292517006802724,0.19863945578231293,2.2231333333333336,,,,,,,0.2062396282774643,0.03747759707932293,0.10718704340430481,0.1903530643250198,0.3470410781655484,0.3542601059847202,0.8237559241706162,0.2062396282774643,0.03747759707932293,0.10718704340430481,0.1903530643250198,0.3470410781655484,0.3542601059847202,TPA-DFW,1
2025,1,TPA,HOU,227.5536053593179,1598.0,817.5310596833131,29999.0,37210.0,230.0,235.0,1.0,11.722943722943723,0.02127659574468085,0.19574468085106383,2.2231333333333336,,,,,,,,,,,,,0.8062080085998388,,,,,,,TPA-HOU,1
2025,1,TPA,IAH,225.9538045738046,3007.0,835.1843381843382,58997.0,76015.0,433.0,440.0,3.0,5.414351851851852,0.01818181818181818,0.11136363636363636,2.2231333333333336,,,,,,,0.16850534248952576,0.02717108362049731,0.06321467851469073,0.21375131175937725,0.3868472966603237,0.33570759355923724,0.7761231335920542,0.16850534248952576,0.02717108362049731,0.06321467851469073,0.21375131175937725,0.3868472966603237,0.33570759355923724,TPA-IAH,0
2025,1,TPA,LAX,354.95382131800085,3793.0,2247.43653250774,29276.0,37792.0,206.0,208.0,2.0,7.875,0.0,0.15865384615384615,2.2231333333333336,,,,,,,0.1662822530232157,0.008191243991291414,0.06384287985231527,0.17061212978089035,0.33008563663401874,0.43409495483748084,0.7746613039796783,0.1662822530232157,0.008191243991291414,0.06384287985231527,0.17061212978089035,0.33008563663401874,0.43409495483748084,TPA-LAX,0
2025,1,TPA,ONT,256.5262891566265,458.0,2207.5518072289155,109.0,166.0,1.0,0.0,0.0,0.0,0.0,0.0,2.2231333333333336,,,,,,,,,,,,,0.6566265060240963,,,,,,,TPA-ONT,0
2025,1,TPA,SAN,276.0521819380356,2088.0,2230.3223467369808,9338.0,11895.0,68.0,69.0,1.0,1.0,0.014492753623188406,0.11594202898550725,2.2231333333333336,,,,,,,0.20884454631252528,0.010516381286234326,0.06662806664762747,0.26037408113045896,0.37705046300462025,0.2940969356018669,0.7850357292980243,0.20884454631252528,0.010516381286234326,0.06662806664762747,0.26037408113045896,0.37705046300462025,0.2940969356018669,TPA-SAN,0
2025,1,TPA,SAT,268.7222038567493,1420.0,1087.2754820936639,10690.0,14414.0,99.0,99.0,2.0,17.1734693877551,0.010101010101010102,0.24242424242424243,2.2231333333333336,,,,,,,,,,,,,0.7416400721520744,,,,,,,TPA-SAT,0
2025,1,TPA,SAV,278.76160256410253,161.0,652.1666666666666,157.0,175.0,1.0,0.0,0.0,0.0,0.0,0.0,2.2231333333333336,,,,,,,,,,,,,0.8971428571428571,,,,,,,TPA-SAV,1
2025,1,TPA,SFO,381.03483633934536,2376.0,2488.2144288577156,23173.0,28559.0,168.0,168.0,2.0,8.529761904761905,0.0,0.15476190476190477,2.2231333333333336,,,,,,,0.22080340516094707,0.00951789778605421,0.04750395680104273,0.43247928498277627,0.2687235825342147,0.25053346988176145,0.8114079624636718,0.22080340516094707,0.00951789778605421,0.04750395680104273,0.43247928498277627,0.2687235825342147,0.25053346988176145,TPA-SFO,1
2025,1,TPA,SJC,258.6843465909091,386.0,2440.9602272727275,46.0,72.0,1.0,0.0,0.0,0.0,0.0,0.0,2.2231333333333336,,,,,,,,,,,,,0.6388888888888888,,,,,,,TPA-SJC,0
2025,1,TPA,SNA,335.9369337979094,654.0,2233.135888501742,7.0,10.0,1.0,0.0,0.0,0.0,0.0,0.0,2.2231333333333336,,,,,,,,,,,,,0.7,,,,,,,TPA-SNA,0
2025,1,TRI,ATL,194.74862857142858,198.0,229.16571428571427,22109.0,30446.0,409.0,417.0,1.0,2.7872860635696823,0.019184652278177457,0.10551558752997602,2.2231333333333336,,,,,,,0.18040542999599665,0.022200385777195474,0.07972794287792138,0.19235893028329643,0.3715323460381475,0.35574939671415823,0.7261709255731459,0.18040542999599665,0.022200385777195474,0.07972794287792138,0.19235893028329643,0.3715323460381475,0.35574939671415823,TRI-ATL,0
2025,1,TRI,DFW,378.5303783783784,238.0,932.4216216216216,6226.0,8160.0,111.0,115.0,2.0,5.207207207207207,0.034782608695652174,0.14782608695652175,2.2231333333333336,,,,,,,0.2062396282774643,0.03747759707932293,0.10718704340430481,0.1903530643250198,0.3470410781655484,0.3542601059847202,0.7629901960784313,0.2062396282774643,0.03747759707932293,0.10718704340430481,0.1903530643250198,0.3470410781655484,0.3542601059847202,TRI-DFW,0
2025,1,TTN,ATL,125.03571428571429,44.0,985.6428571428571,275.0,372.0,2.0,2.0,1.0,84.5,0.0,0.5,2.2231333333333336,,,,,,,0.18040542999599665,0.022200385777195474,0.07972794287792138,0.19235893028329643,0.3715323460381475,0.35574939671415823,0.739247311827957,0.18040542999599665,0.022200385777195474,0.07972794287792138,0.19235893028329643,0.3715323460381475,0.35574939671415823,TTN-ATL,0
2025,1,TUL,ATL,313.5502025782689,772.0,748.9502762430939,27824.0,35246.0,324.0,333.0,2.0,13.13312693498452,0.03003003003003003,0.19519519519519518,2.2231333333333336,,,,,,,0.18040542999599665,0.022200385777195474,0.07972794287792138,0.19235893028329643,0.3715323460381475,0.35574939671415823,0.7894229132383817,0.18040542999599665,0.022200385777195474,0.07972794287792138,0.19235893028329643,0.3715323460381475,0.35574939671415823,TUL-ATL,0
2025,1,TUL,AUS,198.65589928057554,537.0,443.4484412470024,5394.0,8142.0,51.0,50.0,1.0,1.76,0.0,0.08,2.2231333333333336,,,,,,,0.18066105522479983,0.012779716690617943,0.0655739832334086,0.16405824184380596,0.40716516563281335,0.3620476351146755,0.6624907885040531,0.18066105522479983,0.012779716690617943,0.0655739832334086,0.16405824184380596,0.40716516563281335,0.3620476351146755,TUL-AUS,0
2025,1,TUL,CSG,351.35714285714283,7.0,757.0,0.0,50.0,1.0,0.0,0.0,0.0,0.0,0.0,2.2231333333333336,,,,,,,,,,,,,0.0,,,,,,,TUL-CSG,0
2025,1,TUL,DAL,187.1687725631769,467.0,238.0,25171.0,42027.0,261.0,263.0,1.0,3.13953488372093,0.019011406844106463,0.11406844106463879,2.2231333333333336,,,,,,,,,,,,,0.5989245009160777,,,,,,,TUL-DAL,0
2025,1,TUL,DFW,243.60429980276135,656.0,242.59960552268245,61104.0,86373.0,706.0,719.0,4.0,15.772133526850508,0.04450625869262865,0.1474269819193324,2.2231333333333336,,,,,,,0.2062396282774643,0.03747759707932293,0.10718704340430481,0.1903530643250198,0.3470410781655484,0.3542601059847202,0.7074432982529263,0.2062396282774643,0.03747759707932293,0.10718704340430481,0.1903530643250198,0.3470410781655484,0.3542601059847202,TUL-DFW,0
2025,1,TUL,HOU,197.32155487804877,1124.0,462.4207317073171,18203.0,29181.0,179.0,182.0,1.0,0.6368715083798883,0.016483516483516484,0.08241758241758242,2.2231333333333336,,,,,,,,,,,,,0.6237963058154279,,,,,,,TUL-HOU,0
2025,1,TUL,IAH,253.84707366296672,1125.0,431.95358224016144,23636.0,28494.0,438.0,453.0,4.0,9.020642201834862,0.037527593818984545,0.11920529801324503,2.2231333333333336,,,,,,,0.16850534248952576,0.02717108362049731,0.06321467851469073,0.21375131175937725,0.3868472966603237,0.33570759355923724,0.8295079665894575,0.16850534248952576,0.02717108362049731,0.06321467851469073,0.21375131175937725,0.3868472966603237,0.33570759355923724,TUL-IAH,1
2025,1,TUL,LAX,201.34035961272474,1002.0,1361.2821576763486,8323.0,10274.0,115.0,116.0,3.0,34.947826086956525,0.008620689655172414,0.2413793103448276,2.2231333333333336,,,,,,,0.1662822530232157,0.008191243991291414,0.06384287985231527,0.17061212978089035,0.33008563663401874,0.43409495483748084,0.8101031730582052,0.1662822530232157,0.008191243991291414,0.06384287985231527,0.17061212978089035,0.33008563663401874,0.43409495483748084,TUL-LAX,1
2025,1,TUL,LBB,253.7056,56.0,526.2,0.0,50.0,1.0,0.0,0.0,0.0,0.0,0.0,2.2231333333333336,,,,,,,,,,,,,0.0,,,,,,,TUL-LBB,0
2025,1,TUL,OAK,273.41035714285715,86.0,1544.642857142857,0.0,0.0,2.0,0.0,0.0,0.0,0.0,0.0,2.2231333333333336,,,,,,,,,,,,,,,,,,,,TUL-OAK,0
2025,1,TUP,DFW,280.7842857142857,8.0,577.1428571428571,1916.0,2460.0,82.0,0.0,0.0,0.0,0.0,0.0,2.2231333333333336,,,,,,,0.2062396282774643,0.03747759707932293,0.10718704340430481,0.1903530643250198,0.3470410781655484,0.3542601059847202,0.7788617886178861,0.2062396282774643,0.03747759707932293,0.10718704340430481,0.1903530643250198,0.3470410781655484,0.3542601059847202,TUP-DFW,0
2025,1,TUP,SAT,355.5,1.0,733.0,0.0,155.0,1.0,0.0,0.0,0.0,0.0,0.0,2.2231333333333336,,,,,,,,,,,,,0.0,,,,,,,TUP-SAT,0
2025,1,TUS,ACT,398.45466666666664,17.0,913.0,50.0,150.0,2.0,0.0,0.0,0.0,0.0,0.0,2.2231333333333336,,,,,,,,,,,,,0.3333333333333333,,,,,,,TUS-ACT,0
2025,1,TUS,ATL,397.7697011494253,760.0,1607.416091954023,32486.0,41149.0,230.0,231.0,1.0,6.771929824561403,0.012987012987012988,0.1038961038961039,2.2231333333333336,,,,,,,0.18040542999599665,0.022200385777195474,0.07972794287792138,0.19235893028329643,0.3715323460381475,0.35574939671415823,0.7894724051617293,0.18040542999599665,0.022200385777195474,0.07972794287792138,0.19235893028329643,0.3715323460381475,0.35574939671415823,TUS-ATL,0
2025,1,TUS,DAL,214.6005392156863,303.0,899.7254901960785,8808.0,13192.0,88.0,90.0,1.0,5.280898876404494,0.011111111111111112,0.16666666666666666,2.2231333333333336,,,,,,,,,,,,,0.6676773802304427,,,,,,,TUS-DAL,0
2025,1,TUS,DFW,306.4869020866774,1336.0,850.4638844301766,90001.0,112113.0,608.0,628.0,1.0,6.641914191419142,0.03503184713375796,0.1321656050955414,2.2231333333333336,,,,,,,0.2062396282774643,0.03747759707932293,0.10718704340430481,0.1903530643250198,0.3470410781655484,0.3542601059847202,0.8027704191306985,0.2062396282774643,0.03747759707932293,0.10718704340430481,0.1903530643250198,0.3470410781655484,0.3542601059847202,TUS-DFW,1
2025,1,TUS,ELP,298.54545454545456,30.0,457.0,136.0,310.0,13.0,0.0,0.0,0.0,0.0,0.0,2.2231333333333336,,,,,,,,,,,,,0.43870967741935485,,,,,,,TUS-ELP,0
2025,1,TUS,FAT,247.1943,104.0,643.3,0.0,140.0,2.0,0.0,0.0,0.0,0.0,0.0,2.2231333333333336,,,,,,,,,,,,,0.0,,,,,,,TUS-FAT,0
2025,1,TUS,HOU,240.29916299559474,313.0,1015.590308370044,8837.0,13756.0,89.0,90.0,1.0,0.8522727272727273,0.022222222222222223,0.07777777777777778,2.2231333333333336,,,,,,,,,,,,,0.6424105844722303,,,,,,,TUS-HOU,0
2025,1,TUS,HRL,198.38447368421052,41.0,1256.8684210526317,303.0,540.0,3.0,0.0,0.0,0.0,0.0,0.0,2.2231333333333336,,,,,,,,,,,,,0.5611111111111111,,,,,,,TUS-HRL,0
2025,1,TUS,IAH,302.8038604651163,558.0,989.0441860465116,15905.0,20188.0,178.0,180.0,3.0,9.625,0.022222222222222223,0.12777777777777777,2.2231333333333336,,,,,,,0.16850534248952576,0.02717108362049731,0.06321467851469073,0.21375131175937725,0.3868472966603237,0.33570759355923724,0.7878442639191598,0.16850534248952576,0.02717108362049731,0.06321467851469073,0.21375131175937725,0.3868472966603237,0.33570759355923724,TUS-IAH,0
2025,1,TUS,LAX,199.62874892887746,2199.0,459.6546700942588,35781.0,56722.0,692.0,692.0,2.0,8.306240928882438,0.004335260115606936,0.15028901734104047,2.2231333333333336,,,,,,,0.1662822530232157,0.008191243991291414,0.06384287985231527,0.17061212978089035,0.33008563663401874,0.43409495483748084,0.6308134409929128,0.1662822530232157,0.008191243991291414,0.06384287985231527,0.17061212978089035,0.33008563663401874,0.43409495483748084,TUS-LAX,0
2025,1,TUS,LBB,250.07355555555554,59.0,1064.2888888888888,61.0,440.0,3.0,0.0,0.0,0.0,0.0,0.0,2.2231333333333336,,,,,,,,,,,,,0.13863636363636364,,,,,,,TUS-LBB,0
2025,1,TUS,LRD,249.46040000000002,27.0,1214.6,0.0,0.0,1.0,0.0,0.0,0.0,0.0,0.0,2.2231333333333336,,,,,,,,,,,,,,,,,,,,TUS-LRD,0
2025,1,TUS,MAF,283.7085714285714,28.0,1136.142857142857,0.0,50.0,1.0,0.0,0.0,0.0,0.0,0.0,2.2231333333333336,,,,,,,,,,,,,0.0,,,,,,,TUS-MAF,0
2025,1,TUS,PSP,248.13925925925926,55.0,405.01851851851853,0.0,141.0,2.0,0.0,0.0,0.0,0.0,0.0,2.2231333333333336,,,,,,,,,,,,,0.0,,,,,,,TUS-PSP,0
2025,1,TUS,SAN,197.41219202898552,1065.0,398.2391304347826,12254.0,20039.0,137.0,137.0,1.0,3.6911764705882355,0.0072992700729927005,0.1386861313868613,2.2231333333333336,,,,,,,0.20884454631252528,0.010516381286234326,0.06662806664762747,0.26037408113045896,0.37705046300462025,0.2940969356018669,0.6115075602574979,0.20884454631252528,0.010516381286234326,0.06662806664762747,0.26037408113045896,0.37705046300462025,0.2940969356018669,TUS-SAN,0
2025,1,TUS,SAT,246.42712418300653,341.0,1140.1764705882354,69.0,76.0,1.0,0.0,0.0,0.0,0.0,0.0,2.2231333333333336,,,,,,,,,,,,,0.9078947368421053,,,,,,,TUS-SAT,1
2025,1,TUS,SFO,258.1702366863905,1185.0,769.4781065088757,16372.0,23354.0,268.0,271.0,2.0,10.57089552238806,0.01107011070110701,0.17712177121771217,2.2231333333333336,,,,,,,0.22080340516094707,0.00951789778605421,0.04750395680104273,0.43247928498277627,0.2687235825342147,0.25053346988176145,0.7010362250578059,0.22080340516094707,0.00951789778605421,0.04750395680104273,0.43247928498277627,0.2687235825342147,0.25053346988176145,TUS-SFO,0
2025,1,TUS,SMF,184.64846787479405,815.0,789.322899505766,4833.0,7747.0,94.0,93.0,2.0,-0.8172043010752689,0.0,0.08602150537634409,2.2231333333333336,,,,,,,,,,,,,0.6238543952497742,,,,,,,TUS-SMF,0
2025,1,TUS,SNA,192.60486419753087,641.0,453.70864197530864,5113.0,6764.0,89.0,0.0,0.0,0.0,0.0,0.0,2.2231333333333336,,,,,,,,,,,,,0.755913660555884,,,,,,,TUS-SNA,0
2025,1,TXK,DFW,206.17478260869566,24.0,181.0,8033.0,11397.0,175.0,180.0,1.0,15.80813953488372,0.044444444444444446,0.20555555555555555,2.2231333333333336,,,,,,,0.2062396282774643,0.03747759707932293,0.10718704340430481,0.1903530643250198,0.3470410781655484,0.3542601059847202,0.7048346055979644,0.2062396282774643,0.03747759707932293,0.10718704340430481,0.1903530643250198,0.3470410781655484,0.3542601059847202,TXK-DFW,0
2025,1,TXK,HOU,221.195,8.0,428.0,0.0,65.0,1.0,0.0,0.0,0.0,0.0,0.0,2.2231333333333336,,,,,,,,,,,,,0.0,,,,,,,TXK-HOU,0
2025,1,TYR,DFW,278.43416666666667,14.0,102.0,11732.0,16900.0,260.0,270.0,1.0,6.2890625,0.05185185185185185,0.15925925925925927,2.2231333333333336,,,,,,,0.2062396282774643,0.03747759707932293,0.10718704340430481,0.1903530643250198,0.3470410781655484,0.3542601059847202,0.6942011834319527,0.2062396282774643,0.03747759707932293,0.10718704340430481,0.1903530643250198,0.3470410781655484,0.3542601059847202,TYR-DFW,0
2025,1,TYR,GJT,497.0,1.0,875.0,0.0,65.0,1.0,0.0,0.0,0.0,0.0,0.0,2.2231333333333336,,,,,,,,,,,,,0.0,,,,,,,TYR-GJT,0
2025,1,TYR,MSY,264.7307692307692,14.0,549.0,0.0,65.0,1.0,0.0,0.0,0.0,0.0,0.0,2.2231333333333336,,,,,,,,,,,,,0.0,,,,,,,TYR-MSY,0
2025,1,TYR,SBN,446.0,3.0,948.0,0.0,65.0,1.0,0.0,0.0,0.0,0.0,0.0,2.2231333333333336,,,,,,,,,,,,,0.0,,,,,,,TYR-SBN,0
2025,1,TYS,ATL,298.4549397590361,184.0,152.0,55929.0,64914.0,684.0,683.0,2.0,7.104321907600596,0.017569546120058566,0.13323572474377746,2.2231333333333336,,,,,,,0.18040542999599665,0.022200385777195474,0.07972794287792138,0.19235893028329643,0.3715323460381475,0.35574939671415823,0.8615860985303633,0.18040542999599665,0.022200385777195474,0.07972794287792138,0.19235893028329643,0.3715323460381475,0.35574939671415823,TYS-ATL,1
2025,1,TYS,AUS,222.63832911392404,456.0,987.6632911392405,1991.0,2469.0,15.0,12.0,1.0,4.75,0.0,0.16666666666666666,2.2231333333333336,,,,,,,0.18066105522479983,0.012779716690617943,0.0655739832334086,0.16405824184380596,0.40716516563281335,0.3620476351146755,0.8063993519643581,0.18066105522479983,0.012779716690617943,0.0655739832334086,0.16405824184380596,0.40716516563281335,0.3620476351146755,TYS-AUS,1
2025,1,TYS,CLL,249.2,15.0,936.0,174.0,422.0,3.0,0.0,0.0,0.0,0.0,0.0,2.2231333333333336,,,,,,,,,,,,,0.41232227488151657,,,,,,,TYS-CLL,0
2025,1,TYS,CSG,173.75,2.0,235.0,54.0,132.0,1.0,0.0,0.0,0.0,0.0,0.0,2.2231333333333336,,,,,,,,,,,,,0.4090909090909091,,,,,,,TYS-CSG,0
2025,1,TYS,DAL,445.5221052631579,19.0,882.6842105263158,0.0,50.0,1.0,0.0,0.0,0.0,0.0,0.0,2.2231333333333336,,,,,,,,,,,,,0.0,,,,,,,TYS-DAL,0
2025,1,TYS,DFW,319.01817357512954,1165.0,815.2279792746114,40647.0,49479.0,326.0,342.0,4.0,25.834355828220858,0.04678362573099415,0.25146198830409355,2.2231333333333336,,,,,,,0.2062396282774643,0.03747759707932293,0.10718704340430481,0.1903530643250198,0.3470410781655484,0.3542601059847202,0.8215000303158916,0.2062396282774643,0.03747759707932293,0.10718704340430481,0.1903530643250198,0.3470410781655484,0.3542601059847202,TYS-DFW,1
2025,1,TYS,HOU,227.8030357142857,58.0,912.5535714285714,339.0,363.0,2.0,2.0,1.0,8.5,0.0,0.5,2.2231333333333336,,,,,,,,,,,,,0.9338842975206612,,,,,,,TYS-HOU,1
2025,1,TYS,IAH,260.65935582822084,919.0,830.4785276073619,15731.0,17350.0,348.0,354.0,1.0,9.655882352941177,0.03954802259887006,0.11299435028248588,2.2231333333333336,,,,,,,0.16850534248952576,0.02717108362049731,0.06321467851469073,0.21375131175937725,0.3868472966603237,0.33570759355923724,0.906685878962536,0.16850534248952576,0.02717108362049731,0.06321467851469073,0.21375131175937725,0.3868472966603237,0.33570759355923724,TYS-IAH,1
2025,1,VCT,DEN,276.5,7.0,985.0,0.0,50.0,1.0,0.0,0.0,0.0,0.0,0.0,2.2231333333333336,,,,,,,,,,,,,0.0,,,,,,,VCT-DEN,0
2025,1,VCT,IAH,81.01,1.0,123.0,3414.0,7680.0,152.0,158.0,1.0,21.416107382550337,0.056962025316455694,0.17088607594936708,2.2231333333333336,,,,,,,0.16850534248952576,0.02717108362049731,0.06321467851469073,0.21375131175937725,0.3868472966603237,0.33570759355923724,0.44453125,0.16850534248952576,0.02717108362049731,0.06321467851469073,0.21375131175937725,0.3868472966603237,0.33570759355923724,VCT-IAH,0
2025,1,VLD,ATL,239.61,49.0,210.04255319148936,12256.0,16799.0,239.0,250.0,1.0,7.275,0.04,0.132,2.2231333333333336,,,,,,,0.18040542999599665,0.022200385777195474,0.07972794287792138,0.19235893028329643,0.3715323460381475,0.35574939671415823,0.7295672361450086,0.18040542999599665,0.022200385777195474,0.07972794287792138,0.19235893028329643,0.3715323460381475,0.35574939671415823,VLD-ATL,0
2025,1,VLD,GSO,330.55,10.0,514.0,61.0,69.0,1.0,0.0,0.0,0.0,0.0,0.0,2.2231333333333336,,,,,,,,,,,,,0.8840579710144928,,,,,,,VLD-GSO,1
2025,1,VPS,ATL,241.63404858299594,331.0,256.05263157894734,52262.0,66244.0,484.0,503.0,1.0,8.134297520661157,0.03777335984095427,0.1749502982107356,2.2231333333333336,,,,,,,0.18040542999599665,0.022200385777195474,0.07972794287792138,0.19235893028329643,0.3715323460381475,0.35574939671415823,0.788931827788177,0.18040542999599665,0.022200385777195474,0.07972794287792138,0.19235893028329643,0.3715323460381475,0.35574939671415823,VPS-ATL,0
2025,1,VPS,DAL,243.65498007968128,328.0,703.2390438247012,9758.0,13881.0,87.0,90.0,1.0,4.804597701149425,0.03333333333333333,0.08888888888888889,2.2231333333333336,,,,,,,,,,,,,0.7029752899646999,,,,,,,VPS-DAL,0
2025,1,VPS,DFW,288.55631147540987,658.0,657.2233606557377,23734.0,29103.0,292.0,312.0,3.0,18.768707482993197,0.057692307692307696,0.20512820512820512,2.2231333333333336,,,,,,,0.2062396282774643,0.03747759707932293,0.10718704340430481,0.1903530643250198,0.3470410781655484,0.3542601059847202,0.8155173006219291,0.2062396282774643,0.03747759707932293,0.10718704340430481,0.1903530643250198,0.3470410781655484,0.3542601059847202,VPS-DFW,1
2025,1,VPS,GRK,340.0,5.0,775.0,60.0,76.0,1.0,0.0,0.0,0.0,0.0,0.0,2.2231333333333336,,,,,,,,,,,,,0.7894736842105263,,,,,,,VPS-GRK,0
2025,1,VPS,HOU,187.69747747747746,124.0,715.8918918918919,1891.0,3353.0,23.0,23.0,1.0,15.695652173913043,0.0,0.30434782608695654,2.2231333333333336,,,,,,,,,,,,,0.5639725618848792,,,,,,,VPS-HOU,0
2025,1,VPS,IAH,311.40629629629626,28.0,911.5925925925926,69.0,76.0,1.0,0.0,0.0,0.0,0.0,0.0,2.2231333333333336,,,,,,,0.16850534248952576,0.02717108362049731,0.06321467851469073,0.21375131175937725,0.3868472966603237,0.33570759355923724,0.9078947368421053,0.16850534248952576,0.02717108362049731,0.06321467851469073,0.21375131175937725,0.3868472966603237,0.33570759355923724,VPS-IAH,1
2025,1,VPS,SAT,255.22500000000002,194.0,1008.2619047619048,0.0,157.0,1.0,0.0,0.0,0.0,0.0,0.0,2.2231333333333336,,,,,,,,,,,,,0.0,,,,,,,VPS-SAT,0
2025,1,XNA,ATL,335.80030685920576,837.0,636.0469314079422,32104.0,39672.0,523.0,537.0,1.0,10.447418738049713,0.0260707635009311,0.15083798882681565,2.2231333333333336,,,,,,,0.18040542999599665,0.022200385777195474,0.07972794287792138,0.19235893028329643,0.3715323460381475,0.35574939671415823,0.8092357330106876,0.18040542999599665,0.022200385777195474,0.07972794287792138,0.19235893028329643,0.3715323460381475,0.35574939671415823,XNA-ATL,1
2025,1,XNA,AUS,255.92108208955227,303.0,484.03731343283584,131.0,216.0,2.0,0.0,0.0,0.0,0.0,0.0,2.2231333333333336,,,,,,,0.18066105522479983,0.012779716690617943,0.0655739832334086,0.16405824184380596,0.40716516563281335,0.3620476351146755,0.6064814814814815,0.18066105522479983,0.012779716690617943,0.0655739832334086,0.16405824184380596,0.40716516563281335,0.3620476351146755,XNA-AUS,0
2025,1,XNA,CLL,219.46153846153845,13.0,444.0,39.0,75.0,1.0,0.0,0.0,0.0,0.0,0.0,2.2231333333333336,,,,,,,,,,,,,0.52,,,,,,,XNA-CLL,0
2025,1,XNA,DFW,337.0772202797203,916.0,284.04895104895104,56028.0,67985.0,807.0,839.0,3.0,19.25618811881188,0.03933253873659118,0.19308700834326578,2.2231333333333336,,,,,,,0.2062396282774643,0.03747759707932293,0.10718704340430481,0.1903530643250198,0.3470410781655484,0.3542601059847202,0.8241229683018313,0.2062396282774643,0.03747759707932293,0.10718704340430481,0.1903530643250198,0.3470410781655484,0.3542601059847202,XNA-DFW,1
2025,1,XNA,IAH,236.72672384219553,706.0,446.67238421955403,14130.0,17449.0,275.0,283.0,3.0,15.682481751824817,0.03180212014134275,0.1413427561837456,2.2231333333333336,,,,,,,0.16850534248952576,0.02717108362049731,0.06321467851469073,0.21375131175937725,0.3868472966603237,0.33570759355923724,0.8097885265631268,0.16850534248952576,0.02717108362049731,0.06321467851469073,0.21375131175937725,0.3868472966603237,0.33570759355923724,XNA-IAH,1
2025,1,XNA,LAX,312.4687733887734,690.0,1457.1351351351352,6399.0,8625.0,101.0,102.0,2.0,10.79,0.0196078431372549,0.16666666666666666,2.2231333333333336,,,,,,,0.1662822530232157,0.008191243991291414,0.06384287985231527,0.17061212978089035,0.33008563663401874,0.43409495483748084,0.7419130434782608,0.1662822530232157,0.008191243991291414,0.06384287985231527,0.17061212978089035,0.33008563663401874,0.43409495483748084,XNA-LAX,0
2025,1,XNA,LBB,294.7307692307692,13.0,640.4615384615385,37.0,50.0,1.0,0.0,0.0,0.0,0.0,0.0,2.2231333333333336,,,,,,,,,,,,,0.74,,,,,,,XNA-LBB,0
2025,1,XNA,SFO,342.8644055944056,296.0,1766.090909090909,112.0,137.0,1.0,0.0,0.0,0.0,0.0,0.0,2.2231333333333336,,,,,,,0.22080340516094707,0.00951789778605421,0.04750395680104273,0.43247928498277627,0.2687235825342147,0.25053346988176145,0.8175182481751825,0.22080340516094707,0.00951789778605421,0.04750395680104273,0.43247928498277627,0.2687235825342147,0.25053346988176145,XNA-SFO,1
2025,1,XNA,VCT,124.75,2.0,561.0,0.0,50.0,1.0,0.0,0.0,0.0,0.0,0.0,2.2231333333333336,,,,,,,,,,,,,0.0,,,,,,,XNA-VCT,0
2025,1,YUM,ATL,453.8594444444445,21.0,1749.3333333333333,0.0,65.0,1.0,0.0,0.0,0.0,0.0,0.0,2.2231333333333336,,,,,,,0.18040542999599665,0.022200385777195474,0.07972794287792138,0.19235893028329643,0.3715323460381475,0.35574939671415823,0.0,0.18040542999599665,0.022200385777195474,0.07972794287792138,0.19235893028329643,0.3715323460381475,0.35574939671415823,YUM-ATL,0
2025,1,YUM,DFW,323.2653174603175,143.0,1037.1746031746031,4875.0,5720.0,88.0,90.0,1.0,16.191011235955056,0.011111111111111112,0.1,2.2231333333333336,,,,,,,0.2062396282774643,0.03747759707932293,0.10718704340430481,0.1903530643250198,0.3470410781655484,0.3542601059847202,0.8522727272727273,0.2062396282774643,0.03747759707932293,0.10718704340430481,0.1903530643250198,0.3470410781655484,0.3542601059847202,YUM-DFW,1
2025,1,YUM,LAX,323.8211764705882,20.0,530.0,0.0,0.0,0.0,0.0,0.0,0.0,0.0,0.0,2.2231333333333336,,,,,,,0.1662822530232157,0.008191243991291414,0.06384287985231527,0.17061212978089035,0.33008563663401874,0.43409495483748084,,0.1662822530232157,0.008191243991291414,0.06384287985231527,0.17061212978089035,0.33008563663401874,0.43409495483748084,YUM-LAX,0
